user_id,event,date
1,open,2024-01-01 01:00:00
1,close,2024-01-14 00:00:00
3,open,2024-01-01 03:00:00
3,onboarding_done,2024-01-01 04:00:00
3,close,2024-01-16 02:00:00
4,open,2024-01-01 04:00:00
4,onboarding_done,2024-01-01 05:00:00
4,close,2024-01-22 03:00:00
5,open,2024-01-01 05:00:00
5,close,2024-01-02 04:00:00
6,open,2024-01-01 06:00:00
6,close,2024-01-12 05:00:00
7,open,2024-01-01 07:00:00
7,close,2024-01-18 06:00:00
8,open,2024-01-01 08:00:00
8,onboarding_done,2024-01-01 09:00:00
8,purchase,2024-01-12 07:00:00
8,close,2024-01-26 07:00:00
9,open,2024-01-01 09:00:00
9,close,2024-01-20 08:00:00
10,open,2024-01-01 10:00:00
10,onboarding_done,2024-01-01 11:00:00
10,purchase,2024-01-11 09:00:00
10,close,2024-01-15 09:00:00
12,open,2024-01-01 12:00:00
12,close,2024-01-28 11:00:00
13,open,2024-01-01 13:00:00
13,onboarding_done,2024-01-01 14:00:00
13,purchase,2024-01-05 12:00:00
13,close,2024-01-11 12:00:00
14,open,2024-01-01 14:00:00
14,close,2024-01-24 13:00:00
15,open,2024-01-01 15:00:00
15,close,2024-01-21 14:00:00
16,open,2024-01-01 16:00:00
16,onboarding_done,2024-01-01 17:00:00
16,close,2024-01-13 15:00:00
17,open,2024-01-01 17:00:00
17,close,2024-01-23 16:00:00
18,open,2024-01-01 18:00:00
18,close,2024-01-21 17:00:00
19,open,2024-01-01 19:00:00
19,onboarding_done,2024-01-01 20:00:00
19,purchase,2024-01-02 18:00:00
19,close,2024-01-24 18:00:00
20,open,2024-01-01 20:00:00
20,onboarding_done,2024-01-01 21:00:00
20,close,2024-01-05 19:00:00
22,open,2024-01-01 22:00:00
22,onboarding_done,2024-01-01 23:00:00
22,close,2024-01-04 21:00:00
23,open,2024-01-01 23:00:00
23,onboarding_done,2024-01-02 00:00:00
23,close,2024-01-30 22:00:00
24,open,2024-01-02 00:00:00
24,onboarding_done,2024-01-02 01:00:00
24,close,2024-01-27 23:00:00
25,open,2024-01-02 01:00:00
25,onboarding_done,2024-01-02 02:00:00
25,close,2024-01-11 00:00:00
26,open,2024-01-02 02:00:00
26,onboarding_done,2024-01-02 03:00:00
26,close,2024-01-22 01:00:00
27,open,2024-01-02 03:00:00
27,onboarding_done,2024-01-02 04:00:00
27,close,2024-01-16 02:00:00
28,open,2024-01-02 04:00:00
28,onboarding_done,2024-01-02 05:00:00
28,purchase,2024-01-08 03:00:00
28,close,2024-01-22 03:00:00
29,open,2024-01-02 05:00:00
29,onboarding_done,2024-01-02 06:00:00
29,close,2024-01-30 04:00:00
30,open,2024-01-02 06:00:00
30,close,2024-01-09 05:00:00
31,open,2024-01-02 07:00:00
31,onboarding_done,2024-01-02 08:00:00
31,close,2024-01-08 06:00:00
32,open,2024-01-02 08:00:00
32,close,2024-01-11 07:00:00
33,open,2024-01-02 09:00:00
33,close,2024-01-10 08:00:00
34,open,2024-01-02 10:00:00
34,onboarding_done,2024-01-02 11:00:00
34,close,2024-01-15 09:00:00
35,open,2024-01-02 11:00:00
35,onboarding_done,2024-01-02 12:00:00
35,close,2024-01-11 10:00:00
36,open,2024-01-02 12:00:00
36,onboarding_done,2024-01-02 13:00:00
36,close,2024-01-31 11:00:00
37,open,2024-01-02 13:00:00
37,onboarding_done,2024-01-02 14:00:00
37,close,2024-01-05 12:00:00
38,open,2024-01-02 14:00:00
38,close,2024-01-21 13:00:00
39,open,2024-01-02 15:00:00
39,onboarding_done,2024-01-02 16:00:00
39,close,2024-01-09 14:00:00
40,open,2024-01-02 16:00:00
40,onboarding_done,2024-01-02 17:00:00
40,close,2024-01-20 15:00:00
42,open,2024-01-02 18:00:00
42,close,2024-01-30 17:00:00
43,open,2024-01-02 19:00:00
43,onboarding_done,2024-01-02 20:00:00
43,close,2024-01-24 18:00:00
44,open,2024-01-02 20:00:00
44,close,2024-01-03 19:00:00
45,open,2024-01-02 21:00:00
45,onboarding_done,2024-01-02 22:00:00
45,close,2024-01-30 20:00:00
46,open,2024-01-02 22:00:00
46,onboarding_done,2024-01-02 23:00:00
46,close,2024-01-30 21:00:00
47,open,2024-01-02 23:00:00
47,close,2024-01-31 22:00:00
48,open,2024-01-03 00:00:00
48,onboarding_done,2024-01-03 01:00:00
48,close,2024-01-05 23:00:00
49,open,2024-01-03 01:00:00
49,onboarding_done,2024-01-03 02:00:00
49,close,2024-01-17 00:00:00
50,open,2024-01-03 02:00:00
50,onboarding_done,2024-01-03 03:00:00
50,close,2024-01-12 01:00:00
51,open,2024-01-03 03:00:00
51,onboarding_done,2024-01-03 04:00:00
51,purchase,2024-01-10 02:00:00
51,close,2024-01-17 02:00:00
52,open,2024-01-03 04:00:00
52,onboarding_done,2024-01-03 05:00:00
52,close,2024-01-04 03:00:00
53,open,2024-01-03 05:00:00
53,onboarding_done,2024-01-03 06:00:00
53,close,2024-01-04 04:00:00
53,purchase,2024-01-16 04:00:00
54,open,2024-01-03 06:00:00
54,close,2024-01-30 05:00:00
55,open,2024-01-03 07:00:00
55,onboarding_done,2024-01-03 08:00:00
55,close,2024-01-19 06:00:00
56,open,2024-01-03 08:00:00
56,close,2024-01-19 07:00:00
58,open,2024-01-03 10:00:00
58,close,2024-01-25 09:00:00
59,open,2024-01-03 11:00:00
59,close,2024-01-22 10:00:00
60,open,2024-01-03 12:00:00
60,close,2024-01-25 11:00:00
63,open,2024-01-03 15:00:00
63,onboarding_done,2024-01-03 16:00:00
63,close,2024-01-09 14:00:00
64,open,2024-01-03 16:00:00
64,close,2024-01-25 15:00:00
66,open,2024-01-03 18:00:00
66,onboarding_done,2024-01-03 19:00:00
66,close,2024-01-25 17:00:00
67,open,2024-01-03 19:00:00
67,close,2024-01-15 18:00:00
68,open,2024-01-03 20:00:00
68,onboarding_done,2024-01-03 21:00:00
68,purchase,2024-01-13 19:00:00
68,close,2024-01-15 19:00:00
69,open,2024-01-03 21:00:00
69,close,2024-01-24 20:00:00
70,open,2024-01-03 22:00:00
70,onboarding_done,2024-01-03 23:00:00
70,close,2024-01-13 21:00:00
72,open,2024-01-04 00:00:00
72,close,2024-01-23 23:00:00
73,open,2024-01-04 01:00:00
73,onboarding_done,2024-01-04 02:00:00
73,close,2024-01-12 00:00:00
74,open,2024-01-04 02:00:00
74,onboarding_done,2024-01-04 03:00:00
74,close,2024-01-19 01:00:00
75,open,2024-01-04 03:00:00
75,onboarding_done,2024-01-04 04:00:00
75,purchase,2024-01-07 02:00:00
75,close,2024-01-27 02:00:00
76,open,2024-01-04 04:00:00
76,onboarding_done,2024-01-04 05:00:00
76,close,2024-01-07 03:00:00
77,open,2024-01-04 05:00:00
77,onboarding_done,2024-01-04 06:00:00
77,close,2024-01-13 04:00:00
78,open,2024-01-04 06:00:00
78,close,2024-01-14 05:00:00
79,open,2024-01-04 07:00:00
79,close,2024-01-22 06:00:00
80,open,2024-01-04 08:00:00
80,onboarding_done,2024-01-04 09:00:00
80,close,2024-01-19 07:00:00
81,open,2024-01-04 09:00:00
81,onboarding_done,2024-01-04 10:00:00
81,close,2024-01-26 08:00:00
82,open,2024-01-04 10:00:00
82,onboarding_done,2024-01-04 11:00:00
82,purchase,2024-01-07 09:00:00
82,close,2024-01-27 09:00:00
84,open,2024-01-04 12:00:00
84,onboarding_done,2024-01-04 13:00:00
84,close,2024-01-25 11:00:00
85,open,2024-01-04 13:00:00
85,onboarding_done,2024-01-04 14:00:00
85,purchase,2024-01-15 12:00:00
85,close,2024-01-17 12:00:00
86,open,2024-01-04 14:00:00
86,onboarding_done,2024-01-04 15:00:00
86,purchase,2024-01-10 13:00:00
86,close,2024-02-02 13:00:00
87,open,2024-01-04 15:00:00
87,onboarding_done,2024-01-04 16:00:00
87,close,2024-01-16 14:00:00
88,open,2024-01-04 16:00:00
88,close,2024-01-27 15:00:00
89,open,2024-01-04 17:00:00
89,close,2024-01-31 16:00:00
90,open,2024-01-04 18:00:00
90,close,2024-01-23 17:00:00
91,open,2024-01-04 19:00:00
91,onboarding_done,2024-01-04 20:00:00
91,close,2024-01-11 18:00:00
92,open,2024-01-04 20:00:00
92,onboarding_done,2024-01-04 21:00:00
92,close,2024-01-19 19:00:00
93,open,2024-01-04 21:00:00
93,close,2024-01-20 20:00:00
94,open,2024-01-04 22:00:00
94,onboarding_done,2024-01-04 23:00:00
94,close,2024-01-10 21:00:00
94,purchase,2024-01-12 21:00:00
95,open,2024-01-04 23:00:00
95,onboarding_done,2024-01-05 00:00:00
95,purchase,2024-01-05 22:00:00
95,close,2024-01-26 22:00:00
96,open,2024-01-05 00:00:00
96,close,2024-01-16 23:00:00
98,open,2024-01-05 02:00:00
98,onboarding_done,2024-01-05 03:00:00
98,close,2024-01-28 01:00:00
99,open,2024-01-05 03:00:00
99,onboarding_done,2024-01-05 04:00:00
99,close,2024-01-11 02:00:00
100,open,2024-01-05 04:00:00
100,onboarding_done,2024-01-05 05:00:00
100,close,2024-01-27 03:00:00
101,open,2024-01-05 05:00:00
101,close,2024-01-14 04:00:00
102,open,2024-01-05 06:00:00
102,onboarding_done,2024-01-05 07:00:00
102,close,2024-01-29 05:00:00
103,open,2024-01-05 07:00:00
103,onboarding_done,2024-01-05 08:00:00
103,purchase,2024-01-12 06:00:00
103,close,2024-01-16 06:00:00
104,open,2024-01-05 08:00:00
104,close,2024-01-07 07:00:00
105,open,2024-01-05 09:00:00
105,onboarding_done,2024-01-05 10:00:00
105,close,2024-01-08 08:00:00
106,open,2024-01-05 10:00:00
106,close,2024-01-29 09:00:00
107,open,2024-01-05 11:00:00
107,onboarding_done,2024-01-05 12:00:00
107,close,2024-01-22 10:00:00
108,open,2024-01-05 12:00:00
108,close,2024-01-09 11:00:00
109,open,2024-01-05 13:00:00
109,close,2024-01-09 12:00:00
110,open,2024-01-05 14:00:00
110,onboarding_done,2024-01-05 15:00:00
110,close,2024-01-19 13:00:00
111,open,2024-01-05 15:00:00
111,close,2024-02-01 14:00:00
112,open,2024-01-05 16:00:00
112,close,2024-01-18 15:00:00
113,open,2024-01-05 17:00:00
113,onboarding_done,2024-01-05 18:00:00
113,close,2024-01-10 16:00:00
114,open,2024-01-05 18:00:00
114,onboarding_done,2024-01-05 19:00:00
114,close,2024-01-25 17:00:00
115,open,2024-01-05 19:00:00
115,close,2024-01-31 18:00:00
117,open,2024-01-05 21:00:00
117,close,2024-01-15 20:00:00
118,open,2024-01-05 22:00:00
118,onboarding_done,2024-01-05 23:00:00
118,close,2024-01-12 21:00:00
118,purchase,2024-01-18 21:00:00
119,open,2024-01-05 23:00:00
119,close,2024-01-31 22:00:00
120,open,2024-01-06 00:00:00
120,onboarding_done,2024-01-06 01:00:00
120,close,2024-01-15 23:00:00
121,open,2024-01-06 01:00:00
121,close,2024-01-22 00:00:00
122,open,2024-01-06 02:00:00
122,close,2024-01-12 01:00:00
123,open,2024-01-06 03:00:00
123,onboarding_done,2024-01-06 04:00:00
123,close,2024-01-16 02:00:00
124,open,2024-01-06 04:00:00
124,onboarding_done,2024-01-06 05:00:00
124,close,2024-02-03 03:00:00
125,open,2024-01-06 05:00:00
125,onboarding_done,2024-01-06 06:00:00
125,close,2024-01-24 04:00:00
126,open,2024-01-06 06:00:00
126,onboarding_done,2024-01-06 07:00:00
126,close,2024-01-17 05:00:00
126,purchase,2024-01-19 05:00:00
127,open,2024-01-06 07:00:00
127,onboarding_done,2024-01-06 08:00:00
127,close,2024-01-07 06:00:00
128,open,2024-01-06 08:00:00
128,onboarding_done,2024-01-06 09:00:00
128,close,2024-01-14 07:00:00
129,open,2024-01-06 09:00:00
129,close,2024-01-25 08:00:00
131,open,2024-01-06 11:00:00
131,close,2024-02-03 10:00:00
132,open,2024-01-06 12:00:00
132,onboarding_done,2024-01-06 13:00:00
132,close,2024-01-30 11:00:00
133,open,2024-01-06 13:00:00
133,onboarding_done,2024-01-06 14:00:00
133,close,2024-01-11 12:00:00
133,purchase,2024-01-14 12:00:00
134,open,2024-01-06 14:00:00
134,onboarding_done,2024-01-06 15:00:00
134,close,2024-01-28 13:00:00
135,open,2024-01-06 15:00:00
135,close,2024-01-08 14:00:00
136,open,2024-01-06 16:00:00
136,onboarding_done,2024-01-06 17:00:00
136,close,2024-01-23 15:00:00
137,open,2024-01-06 17:00:00
137,close,2024-01-17 16:00:00
138,open,2024-01-06 18:00:00
138,onboarding_done,2024-01-06 19:00:00
138,close,2024-01-10 17:00:00
140,open,2024-01-06 20:00:00
140,onboarding_done,2024-01-06 21:00:00
140,close,2024-01-30 19:00:00
141,open,2024-01-06 21:00:00
141,onboarding_done,2024-01-06 22:00:00
141,close,2024-01-17 20:00:00
142,open,2024-01-06 22:00:00
142,close,2024-02-04 21:00:00
143,open,2024-01-06 23:00:00
143,onboarding_done,2024-01-07 00:00:00
143,close,2024-01-13 22:00:00
144,open,2024-01-07 00:00:00
144,onboarding_done,2024-01-07 01:00:00
144,close,2024-01-18 23:00:00
145,open,2024-01-07 01:00:00
145,onboarding_done,2024-01-07 02:00:00
145,close,2024-01-18 00:00:00
146,open,2024-01-07 02:00:00
146,onboarding_done,2024-01-07 03:00:00
146,purchase,2024-01-18 01:00:00
146,close,2024-01-18 01:00:00
147,open,2024-01-07 03:00:00
147,close,2024-01-31 02:00:00
149,open,2024-01-07 05:00:00
149,close,2024-01-16 04:00:00
151,open,2024-01-07 07:00:00
151,close,2024-01-20 06:00:00
152,open,2024-01-07 08:00:00
152,close,2024-01-29 07:00:00
153,open,2024-01-07 09:00:00
153,onboarding_done,2024-01-07 10:00:00
153,close,2024-02-01 08:00:00
154,open,2024-01-07 10:00:00
154,onboarding_done,2024-01-07 11:00:00
154,close,2024-01-26 09:00:00
155,open,2024-01-07 11:00:00
155,onboarding_done,2024-01-07 12:00:00
155,close,2024-01-24 10:00:00
156,open,2024-01-07 12:00:00
156,onboarding_done,2024-01-07 13:00:00
156,close,2024-01-28 11:00:00
157,open,2024-01-07 13:00:00
157,onboarding_done,2024-01-07 14:00:00
157,close,2024-01-09 12:00:00
158,open,2024-01-07 14:00:00
158,close,2024-01-16 13:00:00
159,open,2024-01-07 15:00:00
159,onboarding_done,2024-01-07 16:00:00
159,close,2024-01-11 14:00:00
160,open,2024-01-07 16:00:00
160,onboarding_done,2024-01-07 17:00:00
160,close,2024-01-09 15:00:00
160,purchase,2024-01-11 15:00:00
161,open,2024-01-07 17:00:00
161,onboarding_done,2024-01-07 18:00:00
161,close,2024-02-03 16:00:00
162,open,2024-01-07 18:00:00
162,onboarding_done,2024-01-07 19:00:00
162,close,2024-01-08 17:00:00
163,open,2024-01-07 19:00:00
163,onboarding_done,2024-01-07 20:00:00
163,close,2024-01-31 18:00:00
164,open,2024-01-07 20:00:00
164,onboarding_done,2024-01-07 21:00:00
164,close,2024-01-18 19:00:00
165,open,2024-01-07 21:00:00
165,onboarding_done,2024-01-07 22:00:00
165,purchase,2024-01-16 20:00:00
165,close,2024-01-27 20:00:00
166,open,2024-01-07 22:00:00
166,onboarding_done,2024-01-07 23:00:00
166,close,2024-01-26 21:00:00
167,open,2024-01-07 23:00:00
167,onboarding_done,2024-01-08 00:00:00
167,close,2024-02-04 22:00:00
168,open,2024-01-08 00:00:00
168,onboarding_done,2024-01-08 01:00:00
168,close,2024-01-27 23:00:00
169,open,2024-01-08 01:00:00
169,onboarding_done,2024-01-08 02:00:00
169,close,2024-01-30 00:00:00
170,open,2024-01-08 02:00:00
170,close,2024-02-04 01:00:00
171,open,2024-01-08 03:00:00
171,onboarding_done,2024-01-08 04:00:00
171,close,2024-01-22 02:00:00
172,open,2024-01-08 04:00:00
172,close,2024-02-01 03:00:00
173,open,2024-01-08 05:00:00
173,onboarding_done,2024-01-08 06:00:00
173,close,2024-01-15 04:00:00
174,open,2024-01-08 06:00:00
174,onboarding_done,2024-01-08 07:00:00
174,close,2024-02-03 05:00:00
175,open,2024-01-08 07:00:00
175,onboarding_done,2024-01-08 08:00:00
175,close,2024-01-14 06:00:00
176,open,2024-01-08 08:00:00
176,onboarding_done,2024-01-08 09:00:00
176,close,2024-01-09 07:00:00
177,open,2024-01-08 09:00:00
177,onboarding_done,2024-01-08 10:00:00
177,close,2024-01-15 08:00:00
177,purchase,2024-01-22 08:00:00
178,open,2024-01-08 10:00:00
178,onboarding_done,2024-01-08 11:00:00
178,close,2024-02-03 09:00:00
179,open,2024-01-08 11:00:00
179,onboarding_done,2024-01-08 12:00:00
179,close,2024-01-11 10:00:00
180,open,2024-01-08 12:00:00
180,onboarding_done,2024-01-08 13:00:00
180,close,2024-01-28 11:00:00
181,open,2024-01-08 13:00:00
181,onboarding_done,2024-01-08 14:00:00
181,close,2024-01-11 12:00:00
182,open,2024-01-08 14:00:00
182,onboarding_done,2024-01-08 15:00:00
182,purchase,2024-01-11 13:00:00
182,close,2024-01-26 13:00:00
183,open,2024-01-08 15:00:00
183,onboarding_done,2024-01-08 16:00:00
183,close,2024-02-04 14:00:00
184,open,2024-01-08 16:00:00
184,onboarding_done,2024-01-08 17:00:00
184,close,2024-02-06 15:00:00
185,open,2024-01-08 17:00:00
185,onboarding_done,2024-01-08 18:00:00
185,close,2024-01-21 16:00:00
186,open,2024-01-08 18:00:00
186,close,2024-01-23 17:00:00
188,open,2024-01-08 20:00:00
188,close,2024-02-06 19:00:00
189,open,2024-01-08 21:00:00
189,onboarding_done,2024-01-08 22:00:00
189,purchase,2024-01-16 20:00:00
189,close,2024-01-21 20:00:00
190,open,2024-01-08 22:00:00
190,close,2024-01-17 21:00:00
191,open,2024-01-08 23:00:00
191,onboarding_done,2024-01-09 00:00:00
191,close,2024-02-04 22:00:00
192,open,2024-01-09 00:00:00
192,onboarding_done,2024-01-09 01:00:00
192,close,2024-01-12 23:00:00
193,open,2024-01-09 01:00:00
193,onboarding_done,2024-01-09 02:00:00
193,close,2024-02-07 00:00:00
194,open,2024-01-09 02:00:00
194,onboarding_done,2024-01-09 03:00:00
194,purchase,2024-01-15 01:00:00
194,close,2024-01-24 01:00:00
195,open,2024-01-09 03:00:00
195,onboarding_done,2024-01-09 04:00:00
195,close,2024-01-23 02:00:00
196,open,2024-01-09 04:00:00
196,onboarding_done,2024-01-09 05:00:00
196,close,2024-01-27 03:00:00
197,open,2024-01-09 05:00:00
197,onboarding_done,2024-01-09 06:00:00
197,close,2024-02-06 04:00:00
198,open,2024-01-09 06:00:00
198,close,2024-01-30 05:00:00
199,open,2024-01-09 07:00:00
199,onboarding_done,2024-01-09 08:00:00
199,close,2024-01-11 06:00:00
199,purchase,2024-01-13 06:00:00
200,open,2024-01-09 08:00:00
200,onboarding_done,2024-01-09 09:00:00
200,close,2024-01-31 07:00:00
201,open,2024-01-09 09:00:00
201,onboarding_done,2024-01-09 10:00:00
201,close,2024-01-27 08:00:00
202,open,2024-01-09 10:00:00
202,onboarding_done,2024-01-09 11:00:00
202,close,2024-01-15 09:00:00
204,open,2024-01-09 12:00:00
204,onboarding_done,2024-01-09 13:00:00
204,purchase,2024-01-10 11:00:00
204,close,2024-01-24 11:00:00
205,open,2024-01-09 13:00:00
205,onboarding_done,2024-01-09 14:00:00
205,close,2024-01-31 12:00:00
206,open,2024-01-09 14:00:00
206,close,2024-02-07 13:00:00
207,open,2024-01-09 15:00:00
207,close,2024-02-02 14:00:00
208,open,2024-01-09 16:00:00
208,onboarding_done,2024-01-09 17:00:00
208,close,2024-02-07 15:00:00
209,open,2024-01-09 17:00:00
209,onboarding_done,2024-01-09 18:00:00
209,close,2024-01-30 16:00:00
210,open,2024-01-09 18:00:00
210,onboarding_done,2024-01-09 19:00:00
210,purchase,2024-01-20 17:00:00
210,close,2024-01-21 17:00:00
211,open,2024-01-09 19:00:00
211,onboarding_done,2024-01-09 20:00:00
211,close,2024-01-24 18:00:00
212,open,2024-01-09 20:00:00
212,onboarding_done,2024-01-09 21:00:00
212,close,2024-01-28 19:00:00
213,open,2024-01-09 21:00:00
213,close,2024-01-20 20:00:00
214,open,2024-01-09 22:00:00
214,onboarding_done,2024-01-09 23:00:00
214,purchase,2024-01-16 21:00:00
214,close,2024-01-21 21:00:00
215,open,2024-01-09 23:00:00
215,close,2024-01-30 22:00:00
216,open,2024-01-10 00:00:00
216,onboarding_done,2024-01-10 01:00:00
216,purchase,2024-01-16 23:00:00
216,close,2024-01-30 23:00:00
217,open,2024-01-10 01:00:00
217,onboarding_done,2024-01-10 02:00:00
217,close,2024-02-07 00:00:00
218,open,2024-01-10 02:00:00
218,onboarding_done,2024-01-10 03:00:00
218,close,2024-01-25 01:00:00
219,open,2024-01-10 03:00:00
219,onboarding_done,2024-01-10 04:00:00
219,close,2024-01-12 02:00:00
219,purchase,2024-01-22 02:00:00
220,open,2024-01-10 04:00:00
220,close,2024-02-08 03:00:00
221,open,2024-01-10 05:00:00
221,onboarding_done,2024-01-10 06:00:00
221,close,2024-01-11 04:00:00
222,open,2024-01-10 06:00:00
222,close,2024-01-21 05:00:00
223,open,2024-01-10 07:00:00
223,onboarding_done,2024-01-10 08:00:00
223,purchase,2024-01-22 06:00:00
223,close,2024-01-31 06:00:00
224,open,2024-01-10 08:00:00
224,onboarding_done,2024-01-10 09:00:00
224,close,2024-02-06 07:00:00
225,open,2024-01-10 09:00:00
225,close,2024-01-29 08:00:00
226,open,2024-01-10 10:00:00
226,onboarding_done,2024-01-10 11:00:00
226,close,2024-02-06 09:00:00
227,open,2024-01-10 11:00:00
227,onboarding_done,2024-01-10 12:00:00
227,purchase,2024-01-18 10:00:00
227,close,2024-02-07 10:00:00
228,open,2024-01-10 12:00:00
228,onboarding_done,2024-01-10 13:00:00
228,close,2024-01-29 11:00:00
229,open,2024-01-10 13:00:00
229,onboarding_done,2024-01-10 14:00:00
229,purchase,2024-01-23 12:00:00
229,close,2024-02-02 12:00:00
230,open,2024-01-10 14:00:00
230,onboarding_done,2024-01-10 15:00:00
230,close,2024-01-22 13:00:00
231,open,2024-01-10 15:00:00
231,onboarding_done,2024-01-10 16:00:00
231,close,2024-01-13 14:00:00
232,open,2024-01-10 16:00:00
232,onboarding_done,2024-01-10 17:00:00
232,close,2024-01-14 15:00:00
233,open,2024-01-10 17:00:00
233,close,2024-01-16 16:00:00
234,open,2024-01-10 18:00:00
234,onboarding_done,2024-01-10 19:00:00
234,close,2024-01-25 17:00:00
235,open,2024-01-10 19:00:00
235,onboarding_done,2024-01-10 20:00:00
235,purchase,2024-01-23 18:00:00
235,close,2024-01-29 18:00:00
236,open,2024-01-10 20:00:00
236,close,2024-01-17 19:00:00
237,open,2024-01-10 21:00:00
237,onboarding_done,2024-01-10 22:00:00
237,close,2024-02-01 20:00:00
238,open,2024-01-10 22:00:00
238,onboarding_done,2024-01-10 23:00:00
238,close,2024-02-06 21:00:00
239,open,2024-01-10 23:00:00
239,onboarding_done,2024-01-11 00:00:00
239,close,2024-02-08 22:00:00
240,open,2024-01-11 00:00:00
240,onboarding_done,2024-01-11 01:00:00
240,close,2024-01-13 23:00:00
241,open,2024-01-11 01:00:00
241,onboarding_done,2024-01-11 02:00:00
241,close,2024-01-31 00:00:00
242,open,2024-01-11 02:00:00
242,onboarding_done,2024-01-11 03:00:00
242,purchase,2024-01-24 01:00:00
242,close,2024-02-07 01:00:00
243,open,2024-01-11 03:00:00
243,close,2024-02-07 02:00:00
244,open,2024-01-11 04:00:00
244,onboarding_done,2024-01-11 05:00:00
244,close,2024-01-29 03:00:00
245,open,2024-01-11 05:00:00
245,onboarding_done,2024-01-11 06:00:00
245,close,2024-01-19 04:00:00
246,open,2024-01-11 06:00:00
246,onboarding_done,2024-01-11 07:00:00
246,close,2024-02-07 05:00:00
247,open,2024-01-11 07:00:00
247,onboarding_done,2024-01-11 08:00:00
247,close,2024-02-09 06:00:00
249,open,2024-01-11 09:00:00
249,onboarding_done,2024-01-11 10:00:00
249,close,2024-02-09 08:00:00
250,open,2024-01-11 10:00:00
250,onboarding_done,2024-01-11 11:00:00
250,close,2024-01-22 09:00:00
251,open,2024-01-11 11:00:00
251,onboarding_done,2024-01-11 12:00:00
251,close,2024-02-07 10:00:00
252,open,2024-01-11 12:00:00
252,close,2024-01-24 11:00:00
253,open,2024-01-11 13:00:00
253,close,2024-01-19 12:00:00
254,open,2024-01-11 14:00:00
254,onboarding_done,2024-01-11 15:00:00
254,close,2024-01-14 13:00:00
255,open,2024-01-11 15:00:00
255,onboarding_done,2024-01-11 16:00:00
255,close,2024-01-30 14:00:00
256,open,2024-01-11 16:00:00
256,close,2024-01-25 15:00:00
257,open,2024-01-11 17:00:00
257,onboarding_done,2024-01-11 18:00:00
257,close,2024-02-06 16:00:00
258,open,2024-01-11 18:00:00
258,close,2024-01-21 17:00:00
259,open,2024-01-11 19:00:00
259,onboarding_done,2024-01-11 20:00:00
259,purchase,2024-01-13 18:00:00
259,close,2024-02-07 18:00:00
260,open,2024-01-11 20:00:00
260,onboarding_done,2024-01-11 21:00:00
260,close,2024-01-25 19:00:00
261,open,2024-01-11 21:00:00
261,close,2024-02-05 20:00:00
263,open,2024-01-11 23:00:00
263,close,2024-01-27 22:00:00
264,open,2024-01-12 00:00:00
264,onboarding_done,2024-01-12 01:00:00
264,close,2024-02-07 23:00:00
265,open,2024-01-12 01:00:00
265,onboarding_done,2024-01-12 02:00:00
265,close,2024-01-25 00:00:00
266,open,2024-01-12 02:00:00
266,onboarding_done,2024-01-12 03:00:00
266,purchase,2024-01-17 01:00:00
266,close,2024-01-27 01:00:00
267,open,2024-01-12 03:00:00
267,onboarding_done,2024-01-12 04:00:00
267,close,2024-01-13 02:00:00
268,open,2024-01-12 04:00:00
268,close,2024-01-15 03:00:00
269,open,2024-01-12 05:00:00
269,onboarding_done,2024-01-12 06:00:00
269,close,2024-02-01 04:00:00
270,open,2024-01-12 06:00:00
270,onboarding_done,2024-01-12 07:00:00
270,close,2024-02-03 05:00:00
271,open,2024-01-12 07:00:00
271,close,2024-02-10 06:00:00
272,open,2024-01-12 08:00:00
272,close,2024-02-08 07:00:00
273,open,2024-01-12 09:00:00
273,onboarding_done,2024-01-12 10:00:00
273,purchase,2024-01-24 08:00:00
273,close,2024-02-08 08:00:00
274,open,2024-01-12 10:00:00
274,onboarding_done,2024-01-12 11:00:00
274,purchase,2024-01-15 09:00:00
274,close,2024-01-24 09:00:00
275,open,2024-01-12 11:00:00
275,close,2024-01-24 10:00:00
277,open,2024-01-12 13:00:00
277,onboarding_done,2024-01-12 14:00:00
277,purchase,2024-01-18 12:00:00
277,close,2024-02-07 12:00:00
278,open,2024-01-12 14:00:00
278,onboarding_done,2024-01-12 15:00:00
278,close,2024-01-27 13:00:00
279,open,2024-01-12 15:00:00
279,onboarding_done,2024-01-12 16:00:00
279,close,2024-01-25 14:00:00
281,open,2024-01-12 17:00:00
281,onboarding_done,2024-01-12 18:00:00
281,close,2024-01-21 16:00:00
282,open,2024-01-12 18:00:00
282,onboarding_done,2024-01-12 19:00:00
282,close,2024-01-24 17:00:00
283,open,2024-01-12 19:00:00
283,onboarding_done,2024-01-12 20:00:00
283,close,2024-01-18 18:00:00
284,open,2024-01-12 20:00:00
284,close,2024-01-15 19:00:00
285,open,2024-01-12 21:00:00
285,close,2024-02-05 20:00:00
287,open,2024-01-12 23:00:00
287,onboarding_done,2024-01-13 00:00:00
287,close,2024-01-28 22:00:00
288,open,2024-01-13 00:00:00
288,close,2024-01-14 23:00:00
289,open,2024-01-13 01:00:00
289,close,2024-01-24 00:00:00
291,open,2024-01-13 03:00:00
291,close,2024-01-30 02:00:00
292,open,2024-01-13 04:00:00
292,onboarding_done,2024-01-13 05:00:00
292,close,2024-02-03 03:00:00
293,open,2024-01-13 05:00:00
293,onboarding_done,2024-01-13 06:00:00
293,close,2024-02-07 04:00:00
294,open,2024-01-13 06:00:00
294,onboarding_done,2024-01-13 07:00:00
294,close,2024-02-03 05:00:00
295,open,2024-01-13 07:00:00
295,onboarding_done,2024-01-13 08:00:00
295,close,2024-02-04 06:00:00
296,open,2024-01-13 08:00:00
296,onboarding_done,2024-01-13 09:00:00
296,close,2024-02-10 07:00:00
297,open,2024-01-13 09:00:00
297,onboarding_done,2024-01-13 10:00:00
297,close,2024-02-09 08:00:00
298,open,2024-01-13 10:00:00
298,onboarding_done,2024-01-13 11:00:00
298,close,2024-02-06 09:00:00
299,open,2024-01-13 11:00:00
299,close,2024-02-04 10:00:00
300,open,2024-01-13 12:00:00
300,close,2024-02-05 11:00:00
301,open,2024-01-13 13:00:00
301,onboarding_done,2024-01-13 14:00:00
301,close,2024-02-02 12:00:00
302,open,2024-01-13 14:00:00
302,onboarding_done,2024-01-13 15:00:00
302,close,2024-02-09 13:00:00
303,open,2024-01-13 15:00:00
303,onboarding_done,2024-01-13 16:00:00
303,close,2024-01-22 14:00:00
304,open,2024-01-13 16:00:00
304,close,2024-02-02 15:00:00
305,open,2024-01-13 17:00:00
305,onboarding_done,2024-01-13 18:00:00
305,close,2024-01-17 16:00:00
307,open,2024-01-13 19:00:00
307,onboarding_done,2024-01-13 20:00:00
307,close,2024-01-20 18:00:00
308,open,2024-01-13 20:00:00
308,onboarding_done,2024-01-13 21:00:00
308,close,2024-01-23 19:00:00
309,open,2024-01-13 21:00:00
309,onboarding_done,2024-01-13 22:00:00
309,close,2024-01-26 20:00:00
310,open,2024-01-13 22:00:00
310,onboarding_done,2024-01-13 23:00:00
310,close,2024-01-16 21:00:00
311,open,2024-01-13 23:00:00
311,close,2024-02-02 22:00:00
312,open,2024-01-14 00:00:00
312,onboarding_done,2024-01-14 01:00:00
312,close,2024-01-15 23:00:00
313,open,2024-01-14 01:00:00
313,close,2024-01-28 00:00:00
314,open,2024-01-14 02:00:00
314,onboarding_done,2024-01-14 03:00:00
314,close,2024-02-05 01:00:00
315,open,2024-01-14 03:00:00
315,close,2024-01-31 02:00:00
316,open,2024-01-14 04:00:00
316,onboarding_done,2024-01-14 05:00:00
316,close,2024-01-18 03:00:00
317,open,2024-01-14 05:00:00
317,onboarding_done,2024-01-14 06:00:00
317,close,2024-02-05 04:00:00
318,open,2024-01-14 06:00:00
318,onboarding_done,2024-01-14 07:00:00
318,purchase,2024-01-20 05:00:00
318,close,2024-01-31 05:00:00
319,open,2024-01-14 07:00:00
319,onboarding_done,2024-01-14 08:00:00
319,close,2024-01-16 06:00:00
320,open,2024-01-14 08:00:00
320,onboarding_done,2024-01-14 09:00:00
320,close,2024-02-04 07:00:00
321,open,2024-01-14 09:00:00
321,close,2024-01-28 08:00:00
322,open,2024-01-14 10:00:00
322,close,2024-01-26 09:00:00
323,open,2024-01-14 11:00:00
323,close,2024-02-01 10:00:00
324,open,2024-01-14 12:00:00
324,close,2024-01-27 11:00:00
325,open,2024-01-14 13:00:00
325,close,2024-01-21 12:00:00
326,open,2024-01-14 14:00:00
326,onboarding_done,2024-01-14 15:00:00
326,close,2024-01-15 13:00:00
328,open,2024-01-14 16:00:00
328,onboarding_done,2024-01-14 17:00:00
328,close,2024-01-23 15:00:00
329,open,2024-01-14 17:00:00
329,onboarding_done,2024-01-14 18:00:00
329,close,2024-02-11 16:00:00
330,open,2024-01-14 18:00:00
330,onboarding_done,2024-01-14 19:00:00
330,purchase,2024-01-17 17:00:00
330,close,2024-02-12 17:00:00
331,open,2024-01-14 19:00:00
331,onboarding_done,2024-01-14 20:00:00
331,close,2024-02-10 18:00:00
332,open,2024-01-14 20:00:00
332,onboarding_done,2024-01-14 21:00:00
332,close,2024-01-15 19:00:00
333,open,2024-01-14 21:00:00
333,onboarding_done,2024-01-14 22:00:00
333,close,2024-01-18 20:00:00
334,open,2024-01-14 22:00:00
334,close,2024-02-11 21:00:00
335,open,2024-01-14 23:00:00
335,onboarding_done,2024-01-15 00:00:00
335,close,2024-02-05 22:00:00
336,open,2024-01-15 00:00:00
336,close,2024-02-12 23:00:00
337,open,2024-01-15 01:00:00
337,close,2024-01-25 00:00:00
338,open,2024-01-15 02:00:00
338,onboarding_done,2024-01-15 03:00:00
338,close,2024-01-19 01:00:00
339,open,2024-01-15 03:00:00
339,onboarding_done,2024-01-15 04:00:00
339,close,2024-02-03 02:00:00
340,open,2024-01-15 04:00:00
340,close,2024-01-30 03:00:00
341,open,2024-01-15 05:00:00
341,onboarding_done,2024-01-15 06:00:00
341,purchase,2024-01-19 04:00:00
341,close,2024-02-05 04:00:00
342,open,2024-01-15 06:00:00
342,onboarding_done,2024-01-15 07:00:00
342,close,2024-01-22 05:00:00
343,open,2024-01-15 07:00:00
343,onboarding_done,2024-01-15 08:00:00
343,close,2024-01-16 06:00:00
344,open,2024-01-15 08:00:00
344,close,2024-02-07 07:00:00
345,open,2024-01-15 09:00:00
345,onboarding_done,2024-01-15 10:00:00
345,purchase,2024-01-22 08:00:00
345,close,2024-02-12 08:00:00
346,open,2024-01-15 10:00:00
346,onboarding_done,2024-01-15 11:00:00
346,close,2024-01-29 09:00:00
347,open,2024-01-15 11:00:00
347,close,2024-01-28 10:00:00
348,open,2024-01-15 12:00:00
348,onboarding_done,2024-01-15 13:00:00
348,close,2024-01-29 11:00:00
349,open,2024-01-15 13:00:00
349,close,2024-01-21 12:00:00
350,open,2024-01-15 14:00:00
350,onboarding_done,2024-01-15 15:00:00
350,close,2024-02-03 13:00:00
351,open,2024-01-15 15:00:00
351,onboarding_done,2024-01-15 16:00:00
351,close,2024-01-20 14:00:00
351,purchase,2024-01-22 14:00:00
352,open,2024-01-15 16:00:00
352,close,2024-01-29 15:00:00
353,open,2024-01-15 17:00:00
353,onboarding_done,2024-01-15 18:00:00
353,close,2024-01-27 16:00:00
354,open,2024-01-15 18:00:00
354,onboarding_done,2024-01-15 19:00:00
354,close,2024-02-08 17:00:00
355,open,2024-01-15 19:00:00
355,close,2024-01-31 18:00:00
356,open,2024-01-15 20:00:00
356,onboarding_done,2024-01-15 21:00:00
356,purchase,2024-01-24 19:00:00
356,close,2024-02-11 19:00:00
357,open,2024-01-15 21:00:00
357,onboarding_done,2024-01-15 22:00:00
357,close,2024-01-18 20:00:00
358,open,2024-01-15 22:00:00
358,close,2024-01-18 21:00:00
359,open,2024-01-15 23:00:00
359,onboarding_done,2024-01-16 00:00:00
359,close,2024-01-22 22:00:00
360,open,2024-01-16 00:00:00
360,onboarding_done,2024-01-16 01:00:00
360,close,2024-01-31 23:00:00
361,open,2024-01-16 01:00:00
361,onboarding_done,2024-01-16 02:00:00
361,purchase,2024-01-26 00:00:00
361,close,2024-02-05 00:00:00
362,open,2024-01-16 02:00:00
362,onboarding_done,2024-01-16 03:00:00
362,purchase,2024-01-21 01:00:00
362,close,2024-01-25 01:00:00
363,open,2024-01-16 03:00:00
363,close,2024-02-09 02:00:00
364,open,2024-01-16 04:00:00
364,close,2024-01-29 03:00:00
365,open,2024-01-16 05:00:00
365,onboarding_done,2024-01-16 06:00:00
365,close,2024-01-22 04:00:00
366,open,2024-01-16 06:00:00
366,close,2024-01-23 05:00:00
367,open,2024-01-16 07:00:00
367,onboarding_done,2024-01-16 08:00:00
367,close,2024-02-01 06:00:00
368,open,2024-01-16 08:00:00
368,close,2024-02-04 07:00:00
369,open,2024-01-16 09:00:00
369,close,2024-02-01 08:00:00
370,open,2024-01-16 10:00:00
370,close,2024-01-31 09:00:00
371,open,2024-01-16 11:00:00
371,onboarding_done,2024-01-16 12:00:00
371,close,2024-02-01 10:00:00
372,open,2024-01-16 12:00:00
372,onboarding_done,2024-01-16 13:00:00
372,close,2024-01-26 11:00:00
373,open,2024-01-16 13:00:00
373,onboarding_done,2024-01-16 14:00:00
373,close,2024-01-31 12:00:00
374,open,2024-01-16 14:00:00
374,close,2024-01-31 13:00:00
375,open,2024-01-16 15:00:00
375,onboarding_done,2024-01-16 16:00:00
375,close,2024-02-08 14:00:00
376,open,2024-01-16 16:00:00
376,onboarding_done,2024-01-16 17:00:00
376,close,2024-02-11 15:00:00
377,open,2024-01-16 17:00:00
377,onboarding_done,2024-01-16 18:00:00
377,close,2024-02-05 16:00:00
378,open,2024-01-16 18:00:00
378,onboarding_done,2024-01-16 19:00:00
378,close,2024-02-13 17:00:00
379,open,2024-01-16 19:00:00
379,close,2024-02-05 18:00:00
380,open,2024-01-16 20:00:00
380,onboarding_done,2024-01-16 21:00:00
380,close,2024-01-20 19:00:00
381,open,2024-01-16 21:00:00
381,close,2024-02-12 20:00:00
382,open,2024-01-16 22:00:00
382,onboarding_done,2024-01-16 23:00:00
382,close,2024-01-17 21:00:00
382,purchase,2024-01-29 21:00:00
383,open,2024-01-16 23:00:00
383,onboarding_done,2024-01-17 00:00:00
383,purchase,2024-01-17 22:00:00
383,close,2024-01-28 22:00:00
384,open,2024-01-17 00:00:00
384,onboarding_done,2024-01-17 01:00:00
384,purchase,2024-01-19 23:00:00
384,close,2024-02-01 23:00:00
385,open,2024-01-17 01:00:00
385,onboarding_done,2024-01-17 02:00:00
385,close,2024-01-28 00:00:00
386,open,2024-01-17 02:00:00
386,close,2024-02-10 01:00:00
387,open,2024-01-17 03:00:00
387,onboarding_done,2024-01-17 04:00:00
387,close,2024-02-03 02:00:00
388,open,2024-01-17 04:00:00
388,onboarding_done,2024-01-17 05:00:00
388,close,2024-01-20 03:00:00
389,open,2024-01-17 05:00:00
389,onboarding_done,2024-01-17 06:00:00
389,purchase,2024-01-29 04:00:00
389,close,2024-02-13 04:00:00
390,open,2024-01-17 06:00:00
390,onboarding_done,2024-01-17 07:00:00
390,purchase,2024-01-29 05:00:00
390,close,2024-02-11 05:00:00
391,open,2024-01-17 07:00:00
391,onboarding_done,2024-01-17 08:00:00
391,close,2024-01-30 06:00:00
392,open,2024-01-17 08:00:00
392,onboarding_done,2024-01-17 09:00:00
392,close,2024-02-04 07:00:00
393,open,2024-01-17 09:00:00
393,onboarding_done,2024-01-17 10:00:00
393,close,2024-02-11 08:00:00
394,open,2024-01-17 10:00:00
394,close,2024-01-25 09:00:00
395,open,2024-01-17 11:00:00
395,onboarding_done,2024-01-17 12:00:00
395,close,2024-02-02 10:00:00
396,open,2024-01-17 12:00:00
396,onboarding_done,2024-01-17 13:00:00
396,close,2024-02-01 11:00:00
397,open,2024-01-17 13:00:00
397,onboarding_done,2024-01-17 14:00:00
397,close,2024-02-01 12:00:00
398,open,2024-01-17 14:00:00
398,onboarding_done,2024-01-17 15:00:00
398,close,2024-02-02 13:00:00
399,open,2024-01-17 15:00:00
399,close,2024-02-10 14:00:00
400,open,2024-01-17 16:00:00
400,onboarding_done,2024-01-17 17:00:00
400,close,2024-02-09 15:00:00
402,open,2024-01-17 18:00:00
402,onboarding_done,2024-01-17 19:00:00
402,close,2024-01-27 17:00:00
403,open,2024-01-17 19:00:00
403,onboarding_done,2024-01-17 20:00:00
403,close,2024-02-15 18:00:00
404,open,2024-01-17 20:00:00
404,onboarding_done,2024-01-17 21:00:00
404,close,2024-01-21 19:00:00
405,open,2024-01-17 21:00:00
405,onboarding_done,2024-01-17 22:00:00
405,close,2024-01-28 20:00:00
406,open,2024-01-17 22:00:00
406,onboarding_done,2024-01-17 23:00:00
406,close,2024-01-30 21:00:00
406,purchase,2024-01-31 21:00:00
407,open,2024-01-17 23:00:00
407,onboarding_done,2024-01-18 00:00:00
407,close,2024-02-01 22:00:00
408,open,2024-01-18 00:00:00
408,onboarding_done,2024-01-18 01:00:00
408,purchase,2024-01-24 23:00:00
408,close,2024-01-31 23:00:00
409,open,2024-01-18 01:00:00
409,onboarding_done,2024-01-18 02:00:00
409,close,2024-02-15 00:00:00
410,open,2024-01-18 02:00:00
410,close,2024-01-19 01:00:00
411,open,2024-01-18 03:00:00
411,onboarding_done,2024-01-18 04:00:00
411,purchase,2024-01-22 02:00:00
411,close,2024-02-15 02:00:00
412,open,2024-01-18 04:00:00
412,onboarding_done,2024-01-18 05:00:00
412,purchase,2024-01-27 03:00:00
412,close,2024-02-02 03:00:00
413,open,2024-01-18 05:00:00
413,onboarding_done,2024-01-18 06:00:00
413,close,2024-02-03 04:00:00
414,open,2024-01-18 06:00:00
414,onboarding_done,2024-01-18 07:00:00
414,close,2024-01-28 05:00:00
415,open,2024-01-18 07:00:00
415,onboarding_done,2024-01-18 08:00:00
415,purchase,2024-01-19 06:00:00
415,close,2024-01-23 06:00:00
416,open,2024-01-18 08:00:00
416,close,2024-01-25 07:00:00
417,open,2024-01-18 09:00:00
417,onboarding_done,2024-01-18 10:00:00
417,purchase,2024-01-28 08:00:00
417,close,2024-02-11 08:00:00
418,open,2024-01-18 10:00:00
418,close,2024-02-14 09:00:00
419,open,2024-01-18 11:00:00
419,close,2024-01-26 10:00:00
420,open,2024-01-18 12:00:00
420,close,2024-02-13 11:00:00
421,open,2024-01-18 13:00:00
421,close,2024-02-07 12:00:00
422,open,2024-01-18 14:00:00
422,close,2024-01-24 13:00:00
423,open,2024-01-18 15:00:00
423,onboarding_done,2024-01-18 16:00:00
423,close,2024-01-19 14:00:00
424,open,2024-01-18 16:00:00
424,onboarding_done,2024-01-18 17:00:00
424,close,2024-02-14 15:00:00
425,open,2024-01-18 17:00:00
425,onboarding_done,2024-01-18 18:00:00
425,purchase,2024-01-21 16:00:00
425,close,2024-02-03 16:00:00
426,open,2024-01-18 18:00:00
426,close,2024-02-16 17:00:00
427,open,2024-01-18 19:00:00
427,onboarding_done,2024-01-18 20:00:00
427,close,2024-01-24 18:00:00
428,open,2024-01-18 20:00:00
428,close,2024-02-09 19:00:00
429,open,2024-01-18 21:00:00
429,onboarding_done,2024-01-18 22:00:00
429,purchase,2024-01-26 20:00:00
429,close,2024-02-01 20:00:00
430,open,2024-01-18 22:00:00
430,close,2024-01-25 21:00:00
431,open,2024-01-18 23:00:00
431,onboarding_done,2024-01-19 00:00:00
431,close,2024-02-15 22:00:00
432,open,2024-01-19 00:00:00
432,onboarding_done,2024-01-19 01:00:00
432,close,2024-02-10 23:00:00
433,open,2024-01-19 01:00:00
433,onboarding_done,2024-01-19 02:00:00
433,close,2024-02-01 00:00:00
434,open,2024-01-19 02:00:00
434,onboarding_done,2024-01-19 03:00:00
434,close,2024-01-27 01:00:00
435,open,2024-01-19 03:00:00
435,onboarding_done,2024-01-19 04:00:00
435,purchase,2024-01-26 02:00:00
435,close,2024-02-02 02:00:00
436,open,2024-01-19 04:00:00
436,onboarding_done,2024-01-19 05:00:00
436,close,2024-01-26 03:00:00
437,open,2024-01-19 05:00:00
437,onboarding_done,2024-01-19 06:00:00
437,close,2024-02-08 04:00:00
438,open,2024-01-19 06:00:00
438,onboarding_done,2024-01-19 07:00:00
438,close,2024-02-07 05:00:00
439,open,2024-01-19 07:00:00
439,close,2024-01-24 06:00:00
440,open,2024-01-19 08:00:00
440,close,2024-02-07 07:00:00
441,open,2024-01-19 09:00:00
441,close,2024-01-30 08:00:00
442,open,2024-01-19 10:00:00
442,onboarding_done,2024-01-19 11:00:00
442,close,2024-01-26 09:00:00
442,purchase,2024-02-01 09:00:00
443,open,2024-01-19 11:00:00
443,onboarding_done,2024-01-19 12:00:00
443,purchase,2024-01-26 10:00:00
443,close,2024-02-01 10:00:00
444,open,2024-01-19 12:00:00
444,onboarding_done,2024-01-19 13:00:00
444,purchase,2024-01-30 11:00:00
444,close,2024-02-10 11:00:00
445,open,2024-01-19 13:00:00
445,onboarding_done,2024-01-19 14:00:00
445,close,2024-02-09 12:00:00
446,open,2024-01-19 14:00:00
446,close,2024-02-11 13:00:00
447,open,2024-01-19 15:00:00
447,onboarding_done,2024-01-19 16:00:00
447,close,2024-02-03 14:00:00
448,open,2024-01-19 16:00:00
448,onboarding_done,2024-01-19 17:00:00
448,purchase,2024-01-22 15:00:00
448,close,2024-01-27 15:00:00
449,open,2024-01-19 17:00:00
449,onboarding_done,2024-01-19 18:00:00
449,close,2024-01-20 16:00:00
450,open,2024-01-19 18:00:00
450,onboarding_done,2024-01-19 19:00:00
450,close,2024-02-10 17:00:00
451,open,2024-01-19 19:00:00
451,onboarding_done,2024-01-19 20:00:00
451,close,2024-02-02 18:00:00
452,open,2024-01-19 20:00:00
452,onboarding_done,2024-01-19 21:00:00
452,purchase,2024-01-20 19:00:00
452,close,2024-02-06 19:00:00
453,open,2024-01-19 21:00:00
453,close,2024-01-25 20:00:00
454,open,2024-01-19 22:00:00
454,onboarding_done,2024-01-19 23:00:00
454,purchase,2024-01-24 21:00:00
454,close,2024-01-24 21:00:00
455,open,2024-01-19 23:00:00
455,onboarding_done,2024-01-20 00:00:00
455,close,2024-02-13 22:00:00
456,open,2024-01-20 00:00:00
456,onboarding_done,2024-01-20 01:00:00
456,close,2024-02-05 23:00:00
457,open,2024-01-20 01:00:00
457,onboarding_done,2024-01-20 02:00:00
457,close,2024-02-09 00:00:00
458,open,2024-01-20 02:00:00
458,onboarding_done,2024-01-20 03:00:00
458,close,2024-02-12 01:00:00
459,open,2024-01-20 03:00:00
459,close,2024-01-28 02:00:00
460,open,2024-01-20 04:00:00
460,close,2024-01-23 03:00:00
461,open,2024-01-20 05:00:00
461,onboarding_done,2024-01-20 06:00:00
461,close,2024-02-02 04:00:00
462,open,2024-01-20 06:00:00
462,close,2024-01-28 05:00:00
463,open,2024-01-20 07:00:00
463,onboarding_done,2024-01-20 08:00:00
463,close,2024-01-27 06:00:00
464,open,2024-01-20 08:00:00
464,onboarding_done,2024-01-20 09:00:00
464,close,2024-02-06 07:00:00
465,open,2024-01-20 09:00:00
465,onboarding_done,2024-01-20 10:00:00
465,close,2024-02-13 08:00:00
466,open,2024-01-20 10:00:00
466,onboarding_done,2024-01-20 11:00:00
466,close,2024-02-03 09:00:00
467,open,2024-01-20 11:00:00
467,close,2024-02-15 10:00:00
468,open,2024-01-20 12:00:00
468,onboarding_done,2024-01-20 13:00:00
468,close,2024-02-18 11:00:00
469,open,2024-01-20 13:00:00
469,onboarding_done,2024-01-20 14:00:00
469,close,2024-02-06 12:00:00
470,open,2024-01-20 14:00:00
470,close,2024-01-27 13:00:00
471,open,2024-01-20 15:00:00
471,close,2024-02-16 14:00:00
472,open,2024-01-20 16:00:00
472,onboarding_done,2024-01-20 17:00:00
472,close,2024-02-18 15:00:00
473,open,2024-01-20 17:00:00
473,close,2024-02-15 16:00:00
474,open,2024-01-20 18:00:00
474,onboarding_done,2024-01-20 19:00:00
474,close,2024-02-14 17:00:00
475,open,2024-01-20 19:00:00
475,close,2024-01-31 18:00:00
476,open,2024-01-20 20:00:00
476,close,2024-01-22 19:00:00
477,open,2024-01-20 21:00:00
477,onboarding_done,2024-01-20 22:00:00
477,purchase,2024-01-25 20:00:00
477,close,2024-02-06 20:00:00
478,open,2024-01-20 22:00:00
478,close,2024-02-15 21:00:00
479,open,2024-01-20 23:00:00
479,onboarding_done,2024-01-21 00:00:00
479,close,2024-02-12 22:00:00
480,open,2024-01-21 00:00:00
480,close,2024-01-22 23:00:00
482,open,2024-01-21 02:00:00
482,onboarding_done,2024-01-21 03:00:00
482,close,2024-02-16 01:00:00
483,open,2024-01-21 03:00:00
483,onboarding_done,2024-01-21 04:00:00
483,close,2024-01-24 02:00:00
484,open,2024-01-21 04:00:00
484,onboarding_done,2024-01-21 05:00:00
484,close,2024-02-10 03:00:00
485,open,2024-01-21 05:00:00
485,close,2024-02-09 04:00:00
486,open,2024-01-21 06:00:00
486,onboarding_done,2024-01-21 07:00:00
486,purchase,2024-01-31 05:00:00
486,close,2024-02-12 05:00:00
487,open,2024-01-21 07:00:00
487,onboarding_done,2024-01-21 08:00:00
487,close,2024-02-14 06:00:00
489,open,2024-01-21 09:00:00
489,close,2024-01-31 08:00:00
490,open,2024-01-21 10:00:00
490,close,2024-02-18 09:00:00
491,open,2024-01-21 11:00:00
491,close,2024-02-02 10:00:00
492,open,2024-01-21 12:00:00
492,onboarding_done,2024-01-21 13:00:00
492,close,2024-02-07 11:00:00
493,open,2024-01-21 13:00:00
493,onboarding_done,2024-01-21 14:00:00
493,close,2024-01-24 12:00:00
494,open,2024-01-21 14:00:00
494,onboarding_done,2024-01-21 15:00:00
494,close,2024-01-28 13:00:00
495,open,2024-01-21 15:00:00
495,close,2024-02-15 14:00:00
496,open,2024-01-21 16:00:00
496,close,2024-02-17 15:00:00
497,open,2024-01-21 17:00:00
497,close,2024-01-26 16:00:00
498,open,2024-01-21 18:00:00
498,onboarding_done,2024-01-21 19:00:00
498,close,2024-01-24 17:00:00
498,purchase,2024-02-02 17:00:00
499,open,2024-01-21 19:00:00
499,onboarding_done,2024-01-21 20:00:00
499,close,2024-02-10 18:00:00
500,open,2024-01-21 20:00:00
500,close,2024-02-17 19:00:00
501,open,2024-01-21 21:00:00
501,onboarding_done,2024-01-21 22:00:00
501,purchase,2024-01-28 20:00:00
501,close,2024-02-04 20:00:00
502,open,2024-01-21 22:00:00
502,onboarding_done,2024-01-21 23:00:00
502,close,2024-02-05 21:00:00
503,open,2024-01-21 23:00:00
503,onboarding_done,2024-01-22 00:00:00
503,close,2024-02-15 22:00:00
504,open,2024-01-22 00:00:00
504,onboarding_done,2024-01-22 01:00:00
504,purchase,2024-02-04 23:00:00
504,close,2024-02-08 23:00:00
505,open,2024-01-22 01:00:00
505,close,2024-02-20 00:00:00
506,open,2024-01-22 02:00:00
506,onboarding_done,2024-01-22 03:00:00
506,close,2024-01-30 01:00:00
507,open,2024-01-22 03:00:00
507,onboarding_done,2024-01-22 04:00:00
507,close,2024-02-18 02:00:00
508,open,2024-01-22 04:00:00
508,onboarding_done,2024-01-22 05:00:00
508,close,2024-02-14 03:00:00
509,open,2024-01-22 05:00:00
509,onboarding_done,2024-01-22 06:00:00
509,close,2024-01-28 04:00:00
510,open,2024-01-22 06:00:00
510,close,2024-02-06 05:00:00
511,open,2024-01-22 07:00:00
511,onboarding_done,2024-01-22 08:00:00
511,close,2024-02-11 06:00:00
512,open,2024-01-22 08:00:00
512,onboarding_done,2024-01-22 09:00:00
512,close,2024-02-11 07:00:00
513,open,2024-01-22 09:00:00
513,onboarding_done,2024-01-22 10:00:00
513,purchase,2024-02-04 08:00:00
513,close,2024-02-20 08:00:00
514,open,2024-01-22 10:00:00
514,onboarding_done,2024-01-22 11:00:00
514,close,2024-02-03 09:00:00
515,open,2024-01-22 11:00:00
515,onboarding_done,2024-01-22 12:00:00
515,close,2024-01-26 10:00:00
516,open,2024-01-22 12:00:00
516,onboarding_done,2024-01-22 13:00:00
516,close,2024-02-17 11:00:00
517,open,2024-01-22 13:00:00
517,onboarding_done,2024-01-22 14:00:00
517,close,2024-02-19 12:00:00
518,open,2024-01-22 14:00:00
518,close,2024-02-12 13:00:00
519,open,2024-01-22 15:00:00
519,onboarding_done,2024-01-22 16:00:00
519,close,2024-01-31 14:00:00
521,open,2024-01-22 17:00:00
521,onboarding_done,2024-01-22 18:00:00
521,close,2024-01-31 16:00:00
521,purchase,2024-02-05 16:00:00
522,open,2024-01-22 18:00:00
522,onboarding_done,2024-01-22 19:00:00
522,close,2024-02-17 17:00:00
523,open,2024-01-22 19:00:00
523,onboarding_done,2024-01-22 20:00:00
523,close,2024-02-12 18:00:00
524,open,2024-01-22 20:00:00
524,onboarding_done,2024-01-22 21:00:00
524,close,2024-02-15 19:00:00
525,open,2024-01-22 21:00:00
525,onboarding_done,2024-01-22 22:00:00
525,close,2024-02-20 20:00:00
526,open,2024-01-22 22:00:00
526,close,2024-02-16 21:00:00
527,open,2024-01-22 23:00:00
527,onboarding_done,2024-01-23 00:00:00
527,close,2024-01-24 22:00:00
527,purchase,2024-02-01 22:00:00
528,open,2024-01-23 00:00:00
528,close,2024-02-11 23:00:00
529,open,2024-01-23 01:00:00
529,onboarding_done,2024-01-23 02:00:00
529,purchase,2024-02-04 00:00:00
529,close,2024-02-11 00:00:00
530,open,2024-01-23 02:00:00
530,onboarding_done,2024-01-23 03:00:00
530,close,2024-01-28 01:00:00
531,open,2024-01-23 03:00:00
531,close,2024-02-10 02:00:00
532,open,2024-01-23 04:00:00
532,onboarding_done,2024-01-23 05:00:00
532,close,2024-02-08 03:00:00
533,open,2024-01-23 05:00:00
533,onboarding_done,2024-01-23 06:00:00
533,close,2024-01-30 04:00:00
534,open,2024-01-23 06:00:00
534,onboarding_done,2024-01-23 07:00:00
534,close,2024-02-19 05:00:00
536,open,2024-01-23 08:00:00
536,onboarding_done,2024-01-23 09:00:00
536,close,2024-02-21 07:00:00
537,open,2024-01-23 09:00:00
537,close,2024-02-05 08:00:00
538,open,2024-01-23 10:00:00
538,onboarding_done,2024-01-23 11:00:00
538,close,2024-02-17 09:00:00
539,open,2024-01-23 11:00:00
539,close,2024-02-01 10:00:00
540,open,2024-01-23 12:00:00
540,onboarding_done,2024-01-23 13:00:00
540,close,2024-02-18 11:00:00
541,open,2024-01-23 13:00:00
541,onboarding_done,2024-01-23 14:00:00
541,purchase,2024-02-02 12:00:00
541,close,2024-02-13 12:00:00
542,open,2024-01-23 14:00:00
542,onboarding_done,2024-01-23 15:00:00
542,close,2024-02-20 13:00:00
543,open,2024-01-23 15:00:00
543,close,2024-02-20 14:00:00
545,open,2024-01-23 17:00:00
545,onboarding_done,2024-01-23 18:00:00
545,close,2024-02-07 16:00:00
546,open,2024-01-23 18:00:00
546,onboarding_done,2024-01-23 19:00:00
546,close,2024-02-01 17:00:00
547,open,2024-01-23 19:00:00
547,onboarding_done,2024-01-23 20:00:00
547,close,2024-02-03 18:00:00
548,open,2024-01-23 20:00:00
548,onboarding_done,2024-01-23 21:00:00
548,close,2024-02-17 19:00:00
549,open,2024-01-23 21:00:00
549,onboarding_done,2024-01-23 22:00:00
549,close,2024-02-19 20:00:00
550,open,2024-01-23 22:00:00
550,onboarding_done,2024-01-23 23:00:00
550,purchase,2024-01-24 21:00:00
550,close,2024-02-06 21:00:00
551,open,2024-01-23 23:00:00
551,close,2024-01-31 22:00:00
552,open,2024-01-24 00:00:00
552,onboarding_done,2024-01-24 01:00:00
552,close,2024-01-25 23:00:00
553,open,2024-01-24 01:00:00
553,close,2024-02-20 00:00:00
554,open,2024-01-24 02:00:00
554,close,2024-02-06 01:00:00
555,open,2024-01-24 03:00:00
555,onboarding_done,2024-01-24 04:00:00
555,close,2024-01-30 02:00:00
556,open,2024-01-24 04:00:00
556,close,2024-02-08 03:00:00
557,open,2024-01-24 05:00:00
557,close,2024-02-09 04:00:00
558,open,2024-01-24 06:00:00
558,close,2024-01-31 05:00:00
559,open,2024-01-24 07:00:00
559,onboarding_done,2024-01-24 08:00:00
559,close,2024-01-28 06:00:00
560,open,2024-01-24 08:00:00
560,onboarding_done,2024-01-24 09:00:00
560,purchase,2024-01-26 07:00:00
560,close,2024-02-04 07:00:00
561,open,2024-01-24 09:00:00
561,close,2024-02-02 08:00:00
562,open,2024-01-24 10:00:00
562,close,2024-02-14 09:00:00
563,open,2024-01-24 11:00:00
563,onboarding_done,2024-01-24 12:00:00
563,close,2024-01-27 10:00:00
564,open,2024-01-24 12:00:00
564,onboarding_done,2024-01-24 13:00:00
564,close,2024-02-21 11:00:00
565,open,2024-01-24 13:00:00
565,onboarding_done,2024-01-24 14:00:00
565,close,2024-02-20 12:00:00
566,open,2024-01-24 14:00:00
566,onboarding_done,2024-01-24 15:00:00
566,close,2024-02-06 13:00:00
567,open,2024-01-24 15:00:00
567,onboarding_done,2024-01-24 16:00:00
567,purchase,2024-01-31 14:00:00
567,close,2024-02-05 14:00:00
568,open,2024-01-24 16:00:00
568,close,2024-02-08 15:00:00
569,open,2024-01-24 17:00:00
569,onboarding_done,2024-01-24 18:00:00
569,purchase,2024-02-01 16:00:00
569,close,2024-02-04 16:00:00
570,open,2024-01-24 18:00:00
570,onboarding_done,2024-01-24 19:00:00
570,close,2024-02-20 17:00:00
571,open,2024-01-24 19:00:00
571,onboarding_done,2024-01-24 20:00:00
571,close,2024-02-17 18:00:00
572,open,2024-01-24 20:00:00
572,onboarding_done,2024-01-24 21:00:00
572,purchase,2024-01-27 19:00:00
572,close,2024-02-18 19:00:00
573,open,2024-01-24 21:00:00
573,onboarding_done,2024-01-24 22:00:00
573,close,2024-02-22 20:00:00
574,open,2024-01-24 22:00:00
574,onboarding_done,2024-01-24 23:00:00
574,close,2024-02-12 21:00:00
575,open,2024-01-24 23:00:00
575,close,2024-02-05 22:00:00
576,open,2024-01-25 00:00:00
576,onboarding_done,2024-01-25 01:00:00
576,purchase,2024-01-26 23:00:00
576,close,2024-01-30 23:00:00
577,open,2024-01-25 01:00:00
577,close,2024-02-14 00:00:00
578,open,2024-01-25 02:00:00
578,onboarding_done,2024-01-25 03:00:00
578,purchase,2024-02-01 01:00:00
578,close,2024-02-14 01:00:00
579,open,2024-01-25 03:00:00
579,onboarding_done,2024-01-25 04:00:00
579,close,2024-02-02 02:00:00
580,open,2024-01-25 04:00:00
580,close,2024-02-05 03:00:00
581,open,2024-01-25 05:00:00
581,onboarding_done,2024-01-25 06:00:00
581,close,2024-02-10 04:00:00
582,open,2024-01-25 06:00:00
582,onboarding_done,2024-01-25 07:00:00
582,close,2024-01-26 05:00:00
583,open,2024-01-25 07:00:00
583,onboarding_done,2024-01-25 08:00:00
583,close,2024-02-16 06:00:00
584,open,2024-01-25 08:00:00
584,onboarding_done,2024-01-25 09:00:00
584,close,2024-01-28 07:00:00
585,open,2024-01-25 09:00:00
585,close,2024-02-13 08:00:00
586,open,2024-01-25 10:00:00
586,onboarding_done,2024-01-25 11:00:00
586,close,2024-02-02 09:00:00
587,open,2024-01-25 11:00:00
587,onboarding_done,2024-01-25 12:00:00
587,close,2024-02-14 10:00:00
588,open,2024-01-25 12:00:00
588,onboarding_done,2024-01-25 13:00:00
588,purchase,2024-01-30 11:00:00
588,close,2024-02-12 11:00:00
589,open,2024-01-25 13:00:00
589,onboarding_done,2024-01-25 14:00:00
589,purchase,2024-01-26 12:00:00
589,close,2024-02-16 12:00:00
590,open,2024-01-25 14:00:00
590,onboarding_done,2024-01-25 15:00:00
590,close,2024-02-23 13:00:00
591,open,2024-01-25 15:00:00
591,onboarding_done,2024-01-25 16:00:00
591,close,2024-02-21 14:00:00
592,open,2024-01-25 16:00:00
592,onboarding_done,2024-01-25 17:00:00
592,close,2024-01-26 15:00:00
592,purchase,2024-01-30 15:00:00
593,open,2024-01-25 17:00:00
593,onboarding_done,2024-01-25 18:00:00
593,close,2024-01-31 16:00:00
594,open,2024-01-25 18:00:00
594,onboarding_done,2024-01-25 19:00:00
594,close,2024-02-18 17:00:00
595,open,2024-01-25 19:00:00
595,onboarding_done,2024-01-25 20:00:00
595,close,2024-01-29 18:00:00
595,purchase,2024-01-30 18:00:00
596,open,2024-01-25 20:00:00
596,close,2024-02-08 19:00:00
597,open,2024-01-25 21:00:00
597,close,2024-01-28 20:00:00
598,open,2024-01-25 22:00:00
598,onboarding_done,2024-01-25 23:00:00
598,close,2024-02-17 21:00:00
599,open,2024-01-25 23:00:00
599,onboarding_done,2024-01-26 00:00:00
599,close,2024-02-14 22:00:00
600,open,2024-01-26 00:00:00
600,onboarding_done,2024-01-26 01:00:00
600,purchase,2024-02-01 23:00:00
600,close,2024-02-09 23:00:00
601,open,2024-01-26 01:00:00
601,close,2024-01-29 00:00:00
602,open,2024-01-26 02:00:00
602,onboarding_done,2024-01-26 03:00:00
602,close,2024-02-07 01:00:00
603,open,2024-01-26 03:00:00
603,onboarding_done,2024-01-26 04:00:00
603,purchase,2024-02-03 02:00:00
603,close,2024-02-20 02:00:00
604,open,2024-01-26 04:00:00
604,onboarding_done,2024-01-26 05:00:00
604,close,2024-01-31 03:00:00
604,purchase,2024-02-09 03:00:00
605,open,2024-01-26 05:00:00
605,onboarding_done,2024-01-26 06:00:00
605,close,2024-02-04 04:00:00
606,open,2024-01-26 06:00:00
606,close,2024-02-15 05:00:00
607,open,2024-01-26 07:00:00
607,onboarding_done,2024-01-26 08:00:00
607,purchase,2024-02-09 06:00:00
607,close,2024-02-22 06:00:00
608,open,2024-01-26 08:00:00
608,close,2024-02-07 07:00:00
609,open,2024-01-26 09:00:00
609,onboarding_done,2024-01-26 10:00:00
609,purchase,2024-02-01 08:00:00
609,close,2024-02-01 08:00:00
610,open,2024-01-26 10:00:00
610,close,2024-01-28 09:00:00
611,open,2024-01-26 11:00:00
611,onboarding_done,2024-01-26 12:00:00
611,close,2024-01-27 10:00:00
613,open,2024-01-26 13:00:00
613,onboarding_done,2024-01-26 14:00:00
613,close,2024-02-08 12:00:00
614,open,2024-01-26 14:00:00
614,onboarding_done,2024-01-26 15:00:00
614,close,2024-02-15 13:00:00
615,open,2024-01-26 15:00:00
615,close,2024-01-30 14:00:00
616,open,2024-01-26 16:00:00
616,onboarding_done,2024-01-26 17:00:00
616,close,2024-02-08 15:00:00
617,open,2024-01-26 17:00:00
617,onboarding_done,2024-01-26 18:00:00
617,close,2024-02-18 16:00:00
618,open,2024-01-26 18:00:00
618,close,2024-01-28 17:00:00
619,open,2024-01-26 19:00:00
619,onboarding_done,2024-01-26 20:00:00
619,close,2024-02-01 18:00:00
619,purchase,2024-02-08 18:00:00
620,open,2024-01-26 20:00:00
620,onboarding_done,2024-01-26 21:00:00
620,close,2024-02-17 19:00:00
621,open,2024-01-26 21:00:00
621,onboarding_done,2024-01-26 22:00:00
621,purchase,2024-02-09 20:00:00
621,close,2024-02-20 20:00:00
622,open,2024-01-26 22:00:00
622,onboarding_done,2024-01-26 23:00:00
622,close,2024-02-14 21:00:00
623,open,2024-01-26 23:00:00
623,onboarding_done,2024-01-27 00:00:00
623,close,2024-02-18 22:00:00
624,open,2024-01-27 00:00:00
624,onboarding_done,2024-01-27 01:00:00
624,close,2024-02-21 23:00:00
625,open,2024-01-27 01:00:00
625,close,2024-02-15 00:00:00
626,open,2024-01-27 02:00:00
626,onboarding_done,2024-01-27 03:00:00
626,purchase,2024-01-29 01:00:00
626,close,2024-02-24 01:00:00
627,open,2024-01-27 03:00:00
627,close,2024-01-28 02:00:00
628,open,2024-01-27 04:00:00
628,onboarding_done,2024-01-27 05:00:00
628,close,2024-02-14 03:00:00
629,open,2024-01-27 05:00:00
629,close,2024-02-03 04:00:00
630,open,2024-01-27 06:00:00
630,onboarding_done,2024-01-27 07:00:00
630,close,2024-02-16 05:00:00
631,open,2024-01-27 07:00:00
631,onboarding_done,2024-01-27 08:00:00
631,close,2024-02-14 06:00:00
632,open,2024-01-27 08:00:00
632,close,2024-02-20 07:00:00
633,open,2024-01-27 09:00:00
633,onboarding_done,2024-01-27 10:00:00
633,close,2024-02-20 08:00:00
634,open,2024-01-27 10:00:00
634,onboarding_done,2024-01-27 11:00:00
634,close,2024-02-17 09:00:00
635,open,2024-01-27 11:00:00
635,onboarding_done,2024-01-27 12:00:00
635,close,2024-01-29 10:00:00
636,open,2024-01-27 12:00:00
636,close,2024-02-19 11:00:00
637,open,2024-01-27 13:00:00
637,onboarding_done,2024-01-27 14:00:00
637,close,2024-02-07 12:00:00
638,open,2024-01-27 14:00:00
638,close,2024-02-01 13:00:00
639,open,2024-01-27 15:00:00
639,onboarding_done,2024-01-27 16:00:00
639,close,2024-02-06 14:00:00
641,open,2024-01-27 17:00:00
641,onboarding_done,2024-01-27 18:00:00
641,close,2024-02-09 16:00:00
642,open,2024-01-27 18:00:00
642,onboarding_done,2024-01-27 19:00:00
642,close,2024-01-31 17:00:00
643,open,2024-01-27 19:00:00
643,onboarding_done,2024-01-27 20:00:00
643,close,2024-02-03 18:00:00
643,purchase,2024-02-04 18:00:00
644,open,2024-01-27 20:00:00
644,close,2024-02-11 19:00:00
645,open,2024-01-27 21:00:00
645,close,2024-02-03 20:00:00
646,open,2024-01-27 22:00:00
646,onboarding_done,2024-01-27 23:00:00
646,close,2024-02-04 21:00:00
649,open,2024-01-28 01:00:00
649,close,2024-02-18 00:00:00
650,open,2024-01-28 02:00:00
650,onboarding_done,2024-01-28 03:00:00
650,close,2024-02-07 01:00:00
651,open,2024-01-28 03:00:00
651,onboarding_done,2024-01-28 04:00:00
651,purchase,2024-01-30 02:00:00
651,close,2024-01-31 02:00:00
652,open,2024-01-28 04:00:00
652,onboarding_done,2024-01-28 05:00:00
652,close,2024-02-17 03:00:00
653,open,2024-01-28 05:00:00
653,onboarding_done,2024-01-28 06:00:00
653,purchase,2024-02-04 04:00:00
653,close,2024-02-08 04:00:00
654,open,2024-01-28 06:00:00
654,onboarding_done,2024-01-28 07:00:00
654,close,2024-02-20 05:00:00
655,open,2024-01-28 07:00:00
655,onboarding_done,2024-01-28 08:00:00
655,close,2024-02-13 06:00:00
656,open,2024-01-28 08:00:00
656,onboarding_done,2024-01-28 09:00:00
656,purchase,2024-01-31 07:00:00
656,close,2024-02-25 07:00:00
657,open,2024-01-28 09:00:00
657,onboarding_done,2024-01-28 10:00:00
657,close,2024-01-29 08:00:00
658,open,2024-01-28 10:00:00
658,close,2024-02-21 09:00:00
659,open,2024-01-28 11:00:00
659,onboarding_done,2024-01-28 12:00:00
659,close,2024-02-23 10:00:00
660,open,2024-01-28 12:00:00
660,onboarding_done,2024-01-28 13:00:00
660,purchase,2024-02-01 11:00:00
660,close,2024-02-17 11:00:00
661,open,2024-01-28 13:00:00
661,onboarding_done,2024-01-28 14:00:00
661,close,2024-02-12 12:00:00
662,open,2024-01-28 14:00:00
662,onboarding_done,2024-01-28 15:00:00
662,close,2024-02-11 13:00:00
663,open,2024-01-28 15:00:00
663,onboarding_done,2024-01-28 16:00:00
663,close,2024-02-07 14:00:00
664,open,2024-01-28 16:00:00
664,close,2024-02-06 15:00:00
665,open,2024-01-28 17:00:00
665,close,2024-02-17 16:00:00
666,open,2024-01-28 18:00:00
666,close,2024-02-01 17:00:00
667,open,2024-01-28 19:00:00
667,close,2024-02-20 18:00:00
669,open,2024-01-28 21:00:00
669,onboarding_done,2024-01-28 22:00:00
669,close,2024-02-13 20:00:00
670,open,2024-01-28 22:00:00
670,close,2024-02-15 21:00:00
671,open,2024-01-28 23:00:00
671,onboarding_done,2024-01-29 00:00:00
671,purchase,2024-02-02 22:00:00
671,close,2024-02-12 22:00:00
672,open,2024-01-29 00:00:00
672,onboarding_done,2024-01-29 01:00:00
672,close,2024-01-29 23:00:00
672,purchase,2024-01-31 23:00:00
673,open,2024-01-29 01:00:00
673,onboarding_done,2024-01-29 02:00:00
673,close,2024-02-25 00:00:00
674,open,2024-01-29 02:00:00
674,onboarding_done,2024-01-29 03:00:00
674,purchase,2024-01-30 01:00:00
674,close,2024-02-12 01:00:00
675,open,2024-01-29 03:00:00
675,onboarding_done,2024-01-29 04:00:00
675,close,2024-02-04 02:00:00
676,open,2024-01-29 04:00:00
676,onboarding_done,2024-01-29 05:00:00
676,close,2024-02-24 03:00:00
677,open,2024-01-29 05:00:00
677,onboarding_done,2024-01-29 06:00:00
677,purchase,2024-02-10 04:00:00
677,close,2024-02-25 04:00:00
678,open,2024-01-29 06:00:00
678,close,2024-02-16 05:00:00
679,open,2024-01-29 07:00:00
679,close,2024-02-16 06:00:00
680,open,2024-01-29 08:00:00
680,onboarding_done,2024-01-29 09:00:00
680,close,2024-02-24 07:00:00
681,open,2024-01-29 09:00:00
681,onboarding_done,2024-01-29 10:00:00
681,close,2024-02-01 08:00:00
682,open,2024-01-29 10:00:00
682,onboarding_done,2024-01-29 11:00:00
682,close,2024-02-20 09:00:00
683,open,2024-01-29 11:00:00
683,onboarding_done,2024-01-29 12:00:00
683,close,2024-02-03 10:00:00
684,open,2024-01-29 12:00:00
684,close,2024-02-05 11:00:00
685,open,2024-01-29 13:00:00
685,onboarding_done,2024-01-29 14:00:00
685,close,2024-02-20 12:00:00
686,open,2024-01-29 14:00:00
686,onboarding_done,2024-01-29 15:00:00
686,close,2024-02-02 13:00:00
687,open,2024-01-29 15:00:00
687,onboarding_done,2024-01-29 16:00:00
687,purchase,2024-01-31 14:00:00
687,close,2024-02-07 14:00:00
688,open,2024-01-29 16:00:00
688,onboarding_done,2024-01-29 17:00:00
688,close,2024-02-01 15:00:00
688,purchase,2024-02-04 15:00:00
689,open,2024-01-29 17:00:00
689,close,2024-02-11 16:00:00
690,open,2024-01-29 18:00:00
690,onboarding_done,2024-01-29 19:00:00
690,close,2024-02-19 17:00:00
691,open,2024-01-29 19:00:00
691,onboarding_done,2024-01-29 20:00:00
691,close,2024-01-30 18:00:00
692,open,2024-01-29 20:00:00
692,onboarding_done,2024-01-29 21:00:00
692,purchase,2024-02-08 19:00:00
692,close,2024-02-18 19:00:00
693,open,2024-01-29 21:00:00
693,onboarding_done,2024-01-29 22:00:00
693,close,2024-02-21 20:00:00
694,open,2024-01-29 22:00:00
694,close,2024-02-18 21:00:00
695,open,2024-01-29 23:00:00
695,close,2024-02-12 22:00:00
696,open,2024-01-30 00:00:00
696,close,2024-02-25 23:00:00
697,open,2024-01-30 01:00:00
697,onboarding_done,2024-01-30 02:00:00
697,close,2024-02-01 00:00:00
697,purchase,2024-02-08 00:00:00
698,open,2024-01-30 02:00:00
698,onboarding_done,2024-01-30 03:00:00
698,close,2024-02-27 01:00:00
699,open,2024-01-30 03:00:00
699,onboarding_done,2024-01-30 04:00:00
699,purchase,2024-02-05 02:00:00
699,close,2024-02-13 02:00:00
700,open,2024-01-30 04:00:00
700,onboarding_done,2024-01-30 05:00:00
700,close,2024-02-13 03:00:00
701,open,2024-01-30 05:00:00
701,onboarding_done,2024-01-30 06:00:00
701,close,2024-02-01 04:00:00
702,open,2024-01-30 06:00:00
702,onboarding_done,2024-01-30 07:00:00
702,close,2024-02-11 05:00:00
703,open,2024-01-30 07:00:00
703,onboarding_done,2024-01-30 08:00:00
703,close,2024-02-02 06:00:00
704,open,2024-01-30 08:00:00
704,onboarding_done,2024-01-30 09:00:00
704,close,2024-02-18 07:00:00
705,open,2024-01-30 09:00:00
705,onboarding_done,2024-01-30 10:00:00
705,close,2024-02-22 08:00:00
706,open,2024-01-30 10:00:00
706,onboarding_done,2024-01-30 11:00:00
706,close,2024-02-09 09:00:00
707,open,2024-01-30 11:00:00
707,onboarding_done,2024-01-30 12:00:00
707,close,2024-02-21 10:00:00
708,open,2024-01-30 12:00:00
708,onboarding_done,2024-01-30 13:00:00
708,close,2024-02-05 11:00:00
710,open,2024-01-30 14:00:00
710,onboarding_done,2024-01-30 15:00:00
710,close,2024-02-07 13:00:00
711,open,2024-01-30 15:00:00
711,onboarding_done,2024-01-30 16:00:00
711,close,2024-02-16 14:00:00
712,open,2024-01-30 16:00:00
712,close,2024-02-27 15:00:00
713,open,2024-01-30 17:00:00
713,onboarding_done,2024-01-30 18:00:00
713,close,2024-02-22 16:00:00
715,open,2024-01-30 19:00:00
715,onboarding_done,2024-01-30 20:00:00
715,close,2024-02-23 18:00:00
716,open,2024-01-30 20:00:00
716,onboarding_done,2024-01-30 21:00:00
716,close,2024-02-28 19:00:00
717,open,2024-01-30 21:00:00
717,onboarding_done,2024-01-30 22:00:00
717,close,2024-02-17 20:00:00
718,open,2024-01-30 22:00:00
718,onboarding_done,2024-01-30 23:00:00
718,purchase,2024-02-02 21:00:00
718,close,2024-02-25 21:00:00
719,open,2024-01-30 23:00:00
719,close,2024-02-07 22:00:00
720,open,2024-01-31 00:00:00
720,onboarding_done,2024-01-31 01:00:00
720,close,2024-02-09 23:00:00
721,open,2024-01-31 01:00:00
721,close,2024-02-09 00:00:00
722,open,2024-01-31 02:00:00
722,onboarding_done,2024-01-31 03:00:00
722,close,2024-02-08 01:00:00
723,open,2024-01-31 03:00:00
723,onboarding_done,2024-01-31 04:00:00
723,close,2024-02-04 02:00:00
724,open,2024-01-31 04:00:00
724,close,2024-02-25 03:00:00
725,open,2024-01-31 05:00:00
725,onboarding_done,2024-01-31 06:00:00
725,close,2024-02-21 04:00:00
726,open,2024-01-31 06:00:00
726,close,2024-02-28 05:00:00
727,open,2024-01-31 07:00:00
727,close,2024-02-04 06:00:00
728,open,2024-01-31 08:00:00
728,onboarding_done,2024-01-31 09:00:00
728,close,2024-02-22 07:00:00
729,open,2024-01-31 09:00:00
729,onboarding_done,2024-01-31 10:00:00
729,close,2024-02-21 08:00:00
730,open,2024-01-31 10:00:00
730,onboarding_done,2024-01-31 11:00:00
730,close,2024-02-11 09:00:00
731,open,2024-01-31 11:00:00
731,close,2024-02-23 10:00:00
732,open,2024-01-31 12:00:00
732,onboarding_done,2024-01-31 13:00:00
732,close,2024-02-23 11:00:00
733,open,2024-01-31 13:00:00
733,onboarding_done,2024-01-31 14:00:00
733,close,2024-02-29 12:00:00
734,open,2024-01-31 14:00:00
734,onboarding_done,2024-01-31 15:00:00
734,close,2024-02-21 13:00:00
735,open,2024-01-31 15:00:00
735,onboarding_done,2024-01-31 16:00:00
735,close,2024-02-03 14:00:00
736,open,2024-01-31 16:00:00
736,onboarding_done,2024-01-31 17:00:00
736,close,2024-02-13 15:00:00
737,open,2024-01-31 17:00:00
737,onboarding_done,2024-01-31 18:00:00
737,close,2024-02-21 16:00:00
738,open,2024-01-31 18:00:00
738,onboarding_done,2024-01-31 19:00:00
738,close,2024-02-04 17:00:00
739,open,2024-01-31 19:00:00
739,onboarding_done,2024-01-31 20:00:00
739,close,2024-02-26 18:00:00
740,open,2024-01-31 20:00:00
740,close,2024-02-20 19:00:00
741,open,2024-01-31 21:00:00
741,onboarding_done,2024-01-31 22:00:00
741,close,2024-02-24 20:00:00
742,open,2024-01-31 22:00:00
742,onboarding_done,2024-01-31 23:00:00
742,purchase,2024-02-05 21:00:00
742,close,2024-02-20 21:00:00
743,open,2024-01-31 23:00:00
743,onboarding_done,2024-02-01 00:00:00
743,close,2024-02-24 22:00:00
744,open,2024-02-01 00:00:00
744,close,2024-02-23 23:00:00
745,open,2024-02-01 01:00:00
745,close,2024-02-19 00:00:00
746,open,2024-02-01 02:00:00
746,onboarding_done,2024-02-01 03:00:00
746,close,2024-02-10 01:00:00
746,purchase,2024-02-14 01:00:00
747,open,2024-02-01 03:00:00
747,close,2024-02-22 02:00:00
748,open,2024-02-01 04:00:00
748,onboarding_done,2024-02-01 05:00:00
748,purchase,2024-02-07 03:00:00
748,close,2024-02-11 03:00:00
749,open,2024-02-01 05:00:00
749,onboarding_done,2024-02-01 06:00:00
749,close,2024-02-15 04:00:00
750,open,2024-02-01 06:00:00
750,onboarding_done,2024-02-01 07:00:00
750,close,2024-02-29 05:00:00
751,open,2024-02-01 07:00:00
751,onboarding_done,2024-02-01 08:00:00
751,close,2024-02-07 06:00:00
752,open,2024-02-01 08:00:00
752,onboarding_done,2024-02-01 09:00:00
752,close,2024-02-11 07:00:00
753,open,2024-02-01 09:00:00
753,onboarding_done,2024-02-01 10:00:00
753,close,2024-02-08 08:00:00
754,open,2024-02-01 10:00:00
754,onboarding_done,2024-02-01 11:00:00
754,close,2024-02-09 09:00:00
755,open,2024-02-01 11:00:00
755,onboarding_done,2024-02-01 12:00:00
755,close,2024-02-07 10:00:00
755,purchase,2024-02-08 10:00:00
756,open,2024-02-01 12:00:00
756,close,2024-02-06 11:00:00
757,open,2024-02-01 13:00:00
757,onboarding_done,2024-02-01 14:00:00
757,close,2024-02-10 12:00:00
758,open,2024-02-01 14:00:00
758,onboarding_done,2024-02-01 15:00:00
758,close,2024-02-02 13:00:00
759,open,2024-02-01 15:00:00
759,close,2024-02-07 14:00:00
760,open,2024-02-01 16:00:00
760,onboarding_done,2024-02-01 17:00:00
760,close,2024-02-09 15:00:00
761,open,2024-02-01 17:00:00
761,close,2024-02-23 16:00:00
762,open,2024-02-01 18:00:00
762,close,2024-02-24 17:00:00
763,open,2024-02-01 19:00:00
763,close,2024-02-11 18:00:00
764,open,2024-02-01 20:00:00
764,close,2024-02-05 19:00:00
765,open,2024-02-01 21:00:00
765,close,2024-02-09 20:00:00
766,open,2024-02-01 22:00:00
766,close,2024-02-16 21:00:00
767,open,2024-02-01 23:00:00
767,onboarding_done,2024-02-02 00:00:00
767,close,2024-02-10 22:00:00
767,purchase,2024-02-11 22:00:00
768,open,2024-02-02 00:00:00
768,onboarding_done,2024-02-02 01:00:00
768,close,2024-02-15 23:00:00
769,open,2024-02-02 01:00:00
769,onboarding_done,2024-02-02 02:00:00
769,close,2024-02-25 00:00:00
770,open,2024-02-02 02:00:00
770,onboarding_done,2024-02-02 03:00:00
770,close,2024-02-07 01:00:00
771,open,2024-02-02 03:00:00
771,onboarding_done,2024-02-02 04:00:00
771,close,2024-02-20 02:00:00
772,open,2024-02-02 04:00:00
772,onboarding_done,2024-02-02 05:00:00
772,close,2024-02-06 03:00:00
772,purchase,2024-02-16 03:00:00
773,open,2024-02-02 05:00:00
773,close,2024-02-11 04:00:00
774,open,2024-02-02 06:00:00
774,onboarding_done,2024-02-02 07:00:00
774,close,2024-02-22 05:00:00
775,open,2024-02-02 07:00:00
775,close,2024-02-28 06:00:00
776,open,2024-02-02 08:00:00
776,onboarding_done,2024-02-02 09:00:00
776,close,2024-02-19 07:00:00
777,open,2024-02-02 09:00:00
777,close,2024-02-24 08:00:00
778,open,2024-02-02 10:00:00
778,close,2024-02-28 09:00:00
779,open,2024-02-02 11:00:00
779,onboarding_done,2024-02-02 12:00:00
779,close,2024-02-14 10:00:00
780,open,2024-02-02 12:00:00
780,onboarding_done,2024-02-02 13:00:00
780,close,2024-03-02 11:00:00
781,open,2024-02-02 13:00:00
781,onboarding_done,2024-02-02 14:00:00
781,purchase,2024-02-04 12:00:00
781,close,2024-02-04 12:00:00
782,open,2024-02-02 14:00:00
782,onboarding_done,2024-02-02 15:00:00
782,close,2024-02-22 13:00:00
783,open,2024-02-02 15:00:00
783,onboarding_done,2024-02-02 16:00:00
783,close,2024-02-09 14:00:00
784,open,2024-02-02 16:00:00
784,onboarding_done,2024-02-02 17:00:00
784,close,2024-02-16 15:00:00
785,open,2024-02-02 17:00:00
785,close,2024-02-20 16:00:00
786,open,2024-02-02 18:00:00
786,onboarding_done,2024-02-02 19:00:00
786,close,2024-02-11 17:00:00
786,purchase,2024-02-15 17:00:00
787,open,2024-02-02 19:00:00
787,close,2024-02-04 18:00:00
788,open,2024-02-02 20:00:00
788,onboarding_done,2024-02-02 21:00:00
788,close,2024-02-13 19:00:00
789,open,2024-02-02 21:00:00
789,onboarding_done,2024-02-02 22:00:00
789,close,2024-02-04 20:00:00
790,open,2024-02-02 22:00:00
790,onboarding_done,2024-02-02 23:00:00
790,close,2024-02-04 21:00:00
791,open,2024-02-02 23:00:00
791,onboarding_done,2024-02-03 00:00:00
791,close,2024-02-21 22:00:00
792,open,2024-02-03 00:00:00
792,close,2024-02-21 23:00:00
793,open,2024-02-03 01:00:00
793,onboarding_done,2024-02-03 02:00:00
793,close,2024-02-10 00:00:00
794,open,2024-02-03 02:00:00
794,onboarding_done,2024-02-03 03:00:00
794,close,2024-02-29 01:00:00
795,open,2024-02-03 03:00:00
795,close,2024-02-20 02:00:00
796,open,2024-02-03 04:00:00
796,onboarding_done,2024-02-03 05:00:00
796,close,2024-02-25 03:00:00
797,open,2024-02-03 05:00:00
797,onboarding_done,2024-02-03 06:00:00
797,close,2024-02-22 04:00:00
798,open,2024-02-03 06:00:00
798,onboarding_done,2024-02-03 07:00:00
798,close,2024-02-23 05:00:00
799,open,2024-02-03 07:00:00
799,onboarding_done,2024-02-03 08:00:00
799,close,2024-02-12 06:00:00
799,purchase,2024-02-14 06:00:00
800,open,2024-02-03 08:00:00
800,onboarding_done,2024-02-03 09:00:00
800,close,2024-02-19 07:00:00
801,open,2024-02-03 09:00:00
801,close,2024-03-01 08:00:00
802,open,2024-02-03 10:00:00
802,onboarding_done,2024-02-03 11:00:00
802,close,2024-02-11 09:00:00
803,open,2024-02-03 11:00:00
803,onboarding_done,2024-02-03 12:00:00
803,close,2024-02-25 10:00:00
804,open,2024-02-03 12:00:00
804,close,2024-03-02 11:00:00
805,open,2024-02-03 13:00:00
805,onboarding_done,2024-02-03 14:00:00
805,close,2024-03-03 12:00:00
806,open,2024-02-03 14:00:00
806,onboarding_done,2024-02-03 15:00:00
806,close,2024-02-23 13:00:00
807,open,2024-02-03 15:00:00
807,close,2024-03-01 14:00:00
808,open,2024-02-03 16:00:00
808,close,2024-02-06 15:00:00
809,open,2024-02-03 17:00:00
809,onboarding_done,2024-02-03 18:00:00
809,close,2024-02-08 16:00:00
809,purchase,2024-02-11 16:00:00
810,open,2024-02-03 18:00:00
810,onboarding_done,2024-02-03 19:00:00
810,close,2024-03-02 17:00:00
811,open,2024-02-03 19:00:00
811,onboarding_done,2024-02-03 20:00:00
811,close,2024-02-26 18:00:00
812,open,2024-02-03 20:00:00
812,close,2024-02-17 19:00:00
813,open,2024-02-03 21:00:00
813,close,2024-02-23 20:00:00
814,open,2024-02-03 22:00:00
814,onboarding_done,2024-02-03 23:00:00
814,purchase,2024-02-12 21:00:00
814,close,2024-02-28 21:00:00
815,open,2024-02-03 23:00:00
815,onboarding_done,2024-02-04 00:00:00
815,purchase,2024-02-13 22:00:00
815,close,2024-02-27 22:00:00
816,open,2024-02-04 00:00:00
816,onboarding_done,2024-02-04 01:00:00
816,close,2024-02-20 23:00:00
817,open,2024-02-04 01:00:00
817,onboarding_done,2024-02-04 02:00:00
817,purchase,2024-02-07 00:00:00
817,close,2024-02-25 00:00:00
818,open,2024-02-04 02:00:00
818,onboarding_done,2024-02-04 03:00:00
818,close,2024-02-08 01:00:00
819,open,2024-02-04 03:00:00
819,onboarding_done,2024-02-04 04:00:00
819,close,2024-03-03 02:00:00
820,open,2024-02-04 04:00:00
820,close,2024-02-25 03:00:00
821,open,2024-02-04 05:00:00
821,close,2024-02-09 04:00:00
822,open,2024-02-04 06:00:00
822,onboarding_done,2024-02-04 07:00:00
822,close,2024-03-02 05:00:00
823,open,2024-02-04 07:00:00
823,onboarding_done,2024-02-04 08:00:00
823,close,2024-02-25 06:00:00
824,open,2024-02-04 08:00:00
824,onboarding_done,2024-02-04 09:00:00
824,purchase,2024-02-06 07:00:00
824,close,2024-02-17 07:00:00
825,open,2024-02-04 09:00:00
825,onboarding_done,2024-02-04 10:00:00
825,purchase,2024-02-10 08:00:00
825,close,2024-02-20 08:00:00
826,open,2024-02-04 10:00:00
826,close,2024-02-14 09:00:00
827,open,2024-02-04 11:00:00
827,onboarding_done,2024-02-04 12:00:00
827,close,2024-02-09 10:00:00
828,open,2024-02-04 12:00:00
828,close,2024-02-12 11:00:00
830,open,2024-02-04 14:00:00
830,onboarding_done,2024-02-04 15:00:00
830,close,2024-02-25 13:00:00
831,open,2024-02-04 15:00:00
831,close,2024-02-07 14:00:00
832,open,2024-02-04 16:00:00
832,onboarding_done,2024-02-04 17:00:00
832,close,2024-02-28 15:00:00
833,open,2024-02-04 17:00:00
833,onboarding_done,2024-02-04 18:00:00
833,close,2024-02-10 16:00:00
834,open,2024-02-04 18:00:00
834,onboarding_done,2024-02-04 19:00:00
834,close,2024-02-22 17:00:00
835,open,2024-02-04 19:00:00
835,close,2024-02-27 18:00:00
836,open,2024-02-04 20:00:00
836,onboarding_done,2024-02-04 21:00:00
836,purchase,2024-02-09 19:00:00
836,close,2024-02-09 19:00:00
837,open,2024-02-04 21:00:00
837,onboarding_done,2024-02-04 22:00:00
837,close,2024-03-04 20:00:00
838,open,2024-02-04 22:00:00
838,onboarding_done,2024-02-04 23:00:00
838,close,2024-02-28 21:00:00
839,open,2024-02-04 23:00:00
839,onboarding_done,2024-02-05 00:00:00
839,close,2024-02-06 22:00:00
840,open,2024-02-05 00:00:00
840,onboarding_done,2024-02-05 01:00:00
840,close,2024-03-04 23:00:00
841,open,2024-02-05 01:00:00
841,close,2024-02-16 00:00:00
842,open,2024-02-05 02:00:00
842,onboarding_done,2024-02-05 03:00:00
842,close,2024-02-25 01:00:00
843,open,2024-02-05 03:00:00
843,close,2024-02-06 02:00:00
844,open,2024-02-05 04:00:00
844,close,2024-02-13 03:00:00
845,open,2024-02-05 05:00:00
845,close,2024-02-07 04:00:00
846,open,2024-02-05 06:00:00
846,onboarding_done,2024-02-05 07:00:00
846,close,2024-03-05 05:00:00
847,open,2024-02-05 07:00:00
847,onboarding_done,2024-02-05 08:00:00
847,close,2024-02-12 06:00:00
848,open,2024-02-05 08:00:00
848,close,2024-03-01 07:00:00
850,open,2024-02-05 10:00:00
850,onboarding_done,2024-02-05 11:00:00
850,close,2024-03-03 09:00:00
851,open,2024-02-05 11:00:00
851,close,2024-02-12 10:00:00
852,open,2024-02-05 12:00:00
852,close,2024-02-19 11:00:00
853,open,2024-02-05 13:00:00
853,onboarding_done,2024-02-05 14:00:00
853,close,2024-03-01 12:00:00
854,open,2024-02-05 14:00:00
854,close,2024-02-18 13:00:00
855,open,2024-02-05 15:00:00
855,onboarding_done,2024-02-05 16:00:00
855,close,2024-03-04 14:00:00
856,open,2024-02-05 16:00:00
856,close,2024-02-11 15:00:00
857,open,2024-02-05 17:00:00
857,onboarding_done,2024-02-05 18:00:00
857,purchase,2024-02-18 16:00:00
857,close,2024-03-04 16:00:00
858,open,2024-02-05 18:00:00
858,close,2024-02-06 17:00:00
859,open,2024-02-05 19:00:00
859,onboarding_done,2024-02-05 20:00:00
859,purchase,2024-02-08 18:00:00
859,close,2024-02-26 18:00:00
860,open,2024-02-05 20:00:00
860,onboarding_done,2024-02-05 21:00:00
860,close,2024-03-01 19:00:00
861,open,2024-02-05 21:00:00
861,onboarding_done,2024-02-05 22:00:00
861,close,2024-02-23 20:00:00
862,open,2024-02-05 22:00:00
862,onboarding_done,2024-02-05 23:00:00
862,close,2024-03-03 21:00:00
863,open,2024-02-05 23:00:00
863,close,2024-03-02 22:00:00
864,open,2024-02-06 00:00:00
864,onboarding_done,2024-02-06 01:00:00
864,close,2024-03-02 23:00:00
865,open,2024-02-06 01:00:00
865,close,2024-02-12 00:00:00
866,open,2024-02-06 02:00:00
866,onboarding_done,2024-02-06 03:00:00
866,close,2024-02-23 01:00:00
867,open,2024-02-06 03:00:00
867,onboarding_done,2024-02-06 04:00:00
867,close,2024-02-24 02:00:00
868,open,2024-02-06 04:00:00
868,onboarding_done,2024-02-06 05:00:00
868,purchase,2024-02-10 03:00:00
868,close,2024-02-19 03:00:00
869,open,2024-02-06 05:00:00
869,close,2024-02-26 04:00:00
870,open,2024-02-06 06:00:00
870,onboarding_done,2024-02-06 07:00:00
870,purchase,2024-02-11 05:00:00
870,close,2024-02-12 05:00:00
871,open,2024-02-06 07:00:00
871,close,2024-02-27 06:00:00
872,open,2024-02-06 08:00:00
872,close,2024-02-11 07:00:00
873,open,2024-02-06 09:00:00
873,onboarding_done,2024-02-06 10:00:00
873,close,2024-02-16 08:00:00
874,open,2024-02-06 10:00:00
874,close,2024-02-23 09:00:00
875,open,2024-02-06 11:00:00
875,onboarding_done,2024-02-06 12:00:00
875,purchase,2024-02-17 10:00:00
875,close,2024-02-19 10:00:00
876,open,2024-02-06 12:00:00
876,close,2024-02-12 11:00:00
877,open,2024-02-06 13:00:00
877,onboarding_done,2024-02-06 14:00:00
877,close,2024-02-22 12:00:00
878,open,2024-02-06 14:00:00
878,onboarding_done,2024-02-06 15:00:00
878,purchase,2024-02-15 13:00:00
878,close,2024-03-02 13:00:00
879,open,2024-02-06 15:00:00
879,onboarding_done,2024-02-06 16:00:00
879,close,2024-02-24 14:00:00
880,open,2024-02-06 16:00:00
880,close,2024-02-14 15:00:00
881,open,2024-02-06 17:00:00
881,onboarding_done,2024-02-06 18:00:00
881,close,2024-02-17 16:00:00
882,open,2024-02-06 18:00:00
882,close,2024-02-17 17:00:00
883,open,2024-02-06 19:00:00
883,close,2024-02-21 18:00:00
884,open,2024-02-06 20:00:00
884,onboarding_done,2024-02-06 21:00:00
884,close,2024-02-26 19:00:00
885,open,2024-02-06 21:00:00
885,close,2024-02-18 20:00:00
886,open,2024-02-06 22:00:00
886,close,2024-02-28 21:00:00
887,open,2024-02-06 23:00:00
887,close,2024-02-23 22:00:00
888,open,2024-02-07 00:00:00
888,close,2024-02-22 23:00:00
889,open,2024-02-07 01:00:00
889,onboarding_done,2024-02-07 02:00:00
889,purchase,2024-02-20 00:00:00
889,close,2024-03-03 00:00:00
890,open,2024-02-07 02:00:00
890,close,2024-03-04 01:00:00
891,open,2024-02-07 03:00:00
891,onboarding_done,2024-02-07 04:00:00
891,close,2024-02-18 02:00:00
892,open,2024-02-07 04:00:00
892,onboarding_done,2024-02-07 05:00:00
892,close,2024-02-23 03:00:00
893,open,2024-02-07 05:00:00
893,onboarding_done,2024-02-07 06:00:00
893,close,2024-02-21 04:00:00
894,open,2024-02-07 06:00:00
894,onboarding_done,2024-02-07 07:00:00
894,close,2024-02-13 05:00:00
894,purchase,2024-02-16 05:00:00
895,open,2024-02-07 07:00:00
895,onboarding_done,2024-02-07 08:00:00
895,close,2024-03-03 06:00:00
896,open,2024-02-07 08:00:00
896,onboarding_done,2024-02-07 09:00:00
896,close,2024-02-09 07:00:00
897,open,2024-02-07 09:00:00
897,onboarding_done,2024-02-07 10:00:00
897,close,2024-02-17 08:00:00
898,open,2024-02-07 10:00:00
898,onboarding_done,2024-02-07 11:00:00
898,close,2024-03-07 09:00:00
899,open,2024-02-07 11:00:00
899,onboarding_done,2024-02-07 12:00:00
899,purchase,2024-02-14 10:00:00
899,close,2024-02-16 10:00:00
900,open,2024-02-07 12:00:00
900,onboarding_done,2024-02-07 13:00:00
900,close,2024-02-27 11:00:00
901,open,2024-02-07 13:00:00
901,onboarding_done,2024-02-07 14:00:00
901,purchase,2024-02-16 12:00:00
901,close,2024-02-26 12:00:00
902,open,2024-02-07 14:00:00
902,onboarding_done,2024-02-07 15:00:00
902,close,2024-03-05 13:00:00
903,open,2024-02-07 15:00:00
903,onboarding_done,2024-02-07 16:00:00
903,close,2024-02-21 14:00:00
904,open,2024-02-07 16:00:00
904,onboarding_done,2024-02-07 17:00:00
904,close,2024-03-06 15:00:00
905,open,2024-02-07 17:00:00
905,onboarding_done,2024-02-07 18:00:00
905,close,2024-02-29 16:00:00
906,open,2024-02-07 18:00:00
906,close,2024-02-18 17:00:00
907,open,2024-02-07 19:00:00
907,onboarding_done,2024-02-07 20:00:00
907,purchase,2024-02-15 18:00:00
907,close,2024-03-04 18:00:00
908,open,2024-02-07 20:00:00
908,onboarding_done,2024-02-07 21:00:00
908,close,2024-02-19 19:00:00
909,open,2024-02-07 21:00:00
909,onboarding_done,2024-02-07 22:00:00
909,purchase,2024-02-19 20:00:00
909,close,2024-03-07 20:00:00
910,open,2024-02-07 22:00:00
910,onboarding_done,2024-02-07 23:00:00
910,close,2024-02-24 21:00:00
911,open,2024-02-07 23:00:00
911,onboarding_done,2024-02-08 00:00:00
911,purchase,2024-02-08 22:00:00
911,close,2024-02-14 22:00:00
912,open,2024-02-08 00:00:00
912,close,2024-02-28 23:00:00
913,open,2024-02-08 01:00:00
913,onboarding_done,2024-02-08 02:00:00
913,close,2024-03-08 00:00:00
914,open,2024-02-08 02:00:00
914,onboarding_done,2024-02-08 03:00:00
914,close,2024-03-04 01:00:00
917,open,2024-02-08 05:00:00
917,onboarding_done,2024-02-08 06:00:00
917,close,2024-02-14 04:00:00
918,open,2024-02-08 06:00:00
918,close,2024-02-14 05:00:00
919,open,2024-02-08 07:00:00
919,close,2024-03-06 06:00:00
920,open,2024-02-08 08:00:00
920,close,2024-02-11 07:00:00
921,open,2024-02-08 09:00:00
921,onboarding_done,2024-02-08 10:00:00
921,close,2024-02-19 08:00:00
922,open,2024-02-08 10:00:00
922,onboarding_done,2024-02-08 11:00:00
922,close,2024-02-19 09:00:00
923,open,2024-02-08 11:00:00
923,onboarding_done,2024-02-08 12:00:00
923,close,2024-02-18 10:00:00
924,open,2024-02-08 12:00:00
924,onboarding_done,2024-02-08 13:00:00
924,close,2024-03-05 11:00:00
925,open,2024-02-08 13:00:00
925,onboarding_done,2024-02-08 14:00:00
925,close,2024-02-29 12:00:00
926,open,2024-02-08 14:00:00
926,close,2024-02-17 13:00:00
927,open,2024-02-08 15:00:00
927,onboarding_done,2024-02-08 16:00:00
927,close,2024-02-13 14:00:00
928,open,2024-02-08 16:00:00
928,onboarding_done,2024-02-08 17:00:00
928,close,2024-02-14 15:00:00
929,open,2024-02-08 17:00:00
929,close,2024-03-08 16:00:00
930,open,2024-02-08 18:00:00
930,onboarding_done,2024-02-08 19:00:00
930,close,2024-02-24 17:00:00
931,open,2024-02-08 19:00:00
931,onboarding_done,2024-02-08 20:00:00
931,close,2024-02-28 18:00:00
932,open,2024-02-08 20:00:00
932,close,2024-03-08 19:00:00
933,open,2024-02-08 21:00:00
933,onboarding_done,2024-02-08 22:00:00
933,close,2024-02-11 20:00:00
934,open,2024-02-08 22:00:00
934,close,2024-02-10 21:00:00
935,open,2024-02-08 23:00:00
935,onboarding_done,2024-02-09 00:00:00
935,close,2024-02-28 22:00:00
936,open,2024-02-09 00:00:00
936,close,2024-02-22 23:00:00
937,open,2024-02-09 01:00:00
937,close,2024-02-10 00:00:00
938,open,2024-02-09 02:00:00
938,onboarding_done,2024-02-09 03:00:00
938,close,2024-02-12 01:00:00
940,open,2024-02-09 04:00:00
940,onboarding_done,2024-02-09 05:00:00
940,close,2024-02-23 03:00:00
941,open,2024-02-09 05:00:00
941,onboarding_done,2024-02-09 06:00:00
941,close,2024-02-14 04:00:00
942,open,2024-02-09 06:00:00
942,onboarding_done,2024-02-09 07:00:00
942,close,2024-03-01 05:00:00
943,open,2024-02-09 07:00:00
943,close,2024-03-08 06:00:00
944,open,2024-02-09 08:00:00
944,onboarding_done,2024-02-09 09:00:00
944,close,2024-02-16 07:00:00
945,open,2024-02-09 09:00:00
945,onboarding_done,2024-02-09 10:00:00
945,close,2024-03-07 08:00:00
946,open,2024-02-09 10:00:00
946,onboarding_done,2024-02-09 11:00:00
946,close,2024-02-16 09:00:00
947,open,2024-02-09 11:00:00
947,close,2024-02-19 10:00:00
948,open,2024-02-09 12:00:00
948,onboarding_done,2024-02-09 13:00:00
948,close,2024-02-15 11:00:00
948,purchase,2024-02-16 11:00:00
949,open,2024-02-09 13:00:00
949,onboarding_done,2024-02-09 14:00:00
949,close,2024-02-18 12:00:00
950,open,2024-02-09 14:00:00
950,onboarding_done,2024-02-09 15:00:00
950,purchase,2024-02-18 13:00:00
950,close,2024-03-03 13:00:00
951,open,2024-02-09 15:00:00
951,onboarding_done,2024-02-09 16:00:00
951,close,2024-03-06 14:00:00
952,open,2024-02-09 16:00:00
952,close,2024-02-18 15:00:00
953,open,2024-02-09 17:00:00
953,onboarding_done,2024-02-09 18:00:00
953,close,2024-02-25 16:00:00
954,open,2024-02-09 18:00:00
954,onboarding_done,2024-02-09 19:00:00
954,close,2024-02-23 17:00:00
955,open,2024-02-09 19:00:00
955,onboarding_done,2024-02-09 20:00:00
955,close,2024-03-03 18:00:00
956,open,2024-02-09 20:00:00
956,onboarding_done,2024-02-09 21:00:00
956,close,2024-03-07 19:00:00
957,open,2024-02-09 21:00:00
957,onboarding_done,2024-02-09 22:00:00
957,close,2024-02-12 20:00:00
958,open,2024-02-09 22:00:00
958,onboarding_done,2024-02-09 23:00:00
958,close,2024-03-03 21:00:00
959,open,2024-02-09 23:00:00
959,onboarding_done,2024-02-10 00:00:00
959,close,2024-02-19 22:00:00
961,open,2024-02-10 01:00:00
961,close,2024-02-26 00:00:00
962,open,2024-02-10 02:00:00
962,onboarding_done,2024-02-10 03:00:00
962,close,2024-02-18 01:00:00
962,purchase,2024-02-24 01:00:00
963,open,2024-02-10 03:00:00
963,onboarding_done,2024-02-10 04:00:00
963,close,2024-02-16 02:00:00
964,open,2024-02-10 04:00:00
964,onboarding_done,2024-02-10 05:00:00
964,close,2024-02-29 03:00:00
965,open,2024-02-10 05:00:00
965,onboarding_done,2024-02-10 06:00:00
965,close,2024-02-24 04:00:00
966,open,2024-02-10 06:00:00
966,onboarding_done,2024-02-10 07:00:00
966,close,2024-03-01 05:00:00
968,open,2024-02-10 08:00:00
968,onboarding_done,2024-02-10 09:00:00
968,close,2024-02-21 07:00:00
969,open,2024-02-10 09:00:00
969,onboarding_done,2024-02-10 10:00:00
969,purchase,2024-02-22 08:00:00
969,close,2024-02-23 08:00:00
970,open,2024-02-10 10:00:00
970,close,2024-03-03 09:00:00
971,open,2024-02-10 11:00:00
971,close,2024-03-06 10:00:00
972,open,2024-02-10 12:00:00
972,close,2024-03-09 11:00:00
973,open,2024-02-10 13:00:00
973,close,2024-02-23 12:00:00
974,open,2024-02-10 14:00:00
974,onboarding_done,2024-02-10 15:00:00
974,close,2024-03-02 13:00:00
975,open,2024-02-10 15:00:00
975,onboarding_done,2024-02-10 16:00:00
975,purchase,2024-02-21 14:00:00
975,close,2024-02-23 14:00:00
976,open,2024-02-10 16:00:00
976,onboarding_done,2024-02-10 17:00:00
976,purchase,2024-02-15 15:00:00
976,close,2024-02-28 15:00:00
977,open,2024-02-10 17:00:00
977,onboarding_done,2024-02-10 18:00:00
977,purchase,2024-02-14 16:00:00
977,close,2024-02-21 16:00:00
979,open,2024-02-10 19:00:00
979,onboarding_done,2024-02-10 20:00:00
979,close,2024-02-16 18:00:00
979,purchase,2024-02-23 18:00:00
980,open,2024-02-10 20:00:00
980,onboarding_done,2024-02-10 21:00:00
980,close,2024-02-13 19:00:00
981,open,2024-02-10 21:00:00
981,close,2024-03-02 20:00:00
982,open,2024-02-10 22:00:00
982,close,2024-02-11 21:00:00
983,open,2024-02-10 23:00:00
983,onboarding_done,2024-02-11 00:00:00
983,close,2024-02-24 22:00:00
984,open,2024-02-11 00:00:00
984,onboarding_done,2024-02-11 01:00:00
984,close,2024-03-10 23:00:00
985,open,2024-02-11 01:00:00
985,onboarding_done,2024-02-11 02:00:00
985,purchase,2024-02-18 00:00:00
985,close,2024-02-24 00:00:00
986,open,2024-02-11 02:00:00
986,close,2024-02-24 01:00:00
987,open,2024-02-11 03:00:00
987,close,2024-02-17 02:00:00
988,open,2024-02-11 04:00:00
988,onboarding_done,2024-02-11 05:00:00
988,close,2024-03-03 03:00:00
989,open,2024-02-11 05:00:00
989,close,2024-02-23 04:00:00
990,open,2024-02-11 06:00:00
990,onboarding_done,2024-02-11 07:00:00
990,close,2024-02-12 05:00:00
991,open,2024-02-11 07:00:00
991,onboarding_done,2024-02-11 08:00:00
991,close,2024-03-09 06:00:00
992,open,2024-02-11 08:00:00
992,onboarding_done,2024-02-11 09:00:00
992,close,2024-02-22 07:00:00
993,open,2024-02-11 09:00:00
993,close,2024-02-23 08:00:00
994,open,2024-02-11 10:00:00
994,close,2024-02-27 09:00:00
995,open,2024-02-11 11:00:00
995,close,2024-03-03 10:00:00
996,open,2024-02-11 12:00:00
996,close,2024-02-17 11:00:00
997,open,2024-02-11 13:00:00
997,onboarding_done,2024-02-11 14:00:00
997,close,2024-02-12 12:00:00
998,open,2024-02-11 14:00:00
998,onboarding_done,2024-02-11 15:00:00
998,close,2024-02-13 13:00:00
999,open,2024-02-11 15:00:00
999,onboarding_done,2024-02-11 16:00:00
999,close,2024-03-05 14:00:00
1000,open,2024-02-11 16:00:00
1000,onboarding_done,2024-02-11 17:00:00
1000,close,2024-02-17 15:00:00
1001,open,2024-02-11 17:00:00
1001,onboarding_done,2024-02-11 18:00:00
1001,close,2024-03-04 16:00:00
1002,open,2024-02-11 18:00:00
1002,close,2024-03-10 17:00:00
1003,open,2024-02-11 19:00:00
1003,onboarding_done,2024-02-11 20:00:00
1003,close,2024-03-09 18:00:00
1004,open,2024-02-11 20:00:00
1004,close,2024-02-26 19:00:00
1005,open,2024-02-11 21:00:00
1005,onboarding_done,2024-02-11 22:00:00
1005,close,2024-02-21 20:00:00
1006,open,2024-02-11 22:00:00
1006,onboarding_done,2024-02-11 23:00:00
1006,purchase,2024-02-16 21:00:00
1006,close,2024-03-04 21:00:00
1007,open,2024-02-11 23:00:00
1007,close,2024-03-06 22:00:00
1008,open,2024-02-12 00:00:00
1008,onboarding_done,2024-02-12 01:00:00
1008,close,2024-02-22 23:00:00
1009,open,2024-02-12 01:00:00
1009,onboarding_done,2024-02-12 02:00:00
1009,close,2024-02-14 00:00:00
1009,purchase,2024-02-19 00:00:00
1010,open,2024-02-12 02:00:00
1010,onboarding_done,2024-02-12 03:00:00
1010,close,2024-02-16 01:00:00
1011,open,2024-02-12 03:00:00
1011,close,2024-02-29 02:00:00
1012,open,2024-02-12 04:00:00
1012,onboarding_done,2024-02-12 05:00:00
1012,close,2024-03-05 03:00:00
1013,open,2024-02-12 05:00:00
1013,onboarding_done,2024-02-12 06:00:00
1013,close,2024-02-23 04:00:00
1014,open,2024-02-12 06:00:00
1014,onboarding_done,2024-02-12 07:00:00
1014,close,2024-03-03 05:00:00
1015,open,2024-02-12 07:00:00
1015,onboarding_done,2024-02-12 08:00:00
1015,close,2024-03-11 06:00:00
1016,open,2024-02-12 08:00:00
1016,onboarding_done,2024-02-12 09:00:00
1016,close,2024-02-24 07:00:00
1017,open,2024-02-12 09:00:00
1017,onboarding_done,2024-02-12 10:00:00
1017,close,2024-02-15 08:00:00
1018,open,2024-02-12 10:00:00
1018,onboarding_done,2024-02-12 11:00:00
1018,purchase,2024-02-20 09:00:00
1018,close,2024-03-10 09:00:00
1019,open,2024-02-12 11:00:00
1019,onboarding_done,2024-02-12 12:00:00
1019,close,2024-02-13 10:00:00
1020,open,2024-02-12 12:00:00
1020,close,2024-02-27 11:00:00
1021,open,2024-02-12 13:00:00
1021,close,2024-02-15 12:00:00
1022,open,2024-02-12 14:00:00
1022,onboarding_done,2024-02-12 15:00:00
1022,close,2024-03-11 13:00:00
1023,open,2024-02-12 15:00:00
1023,close,2024-03-04 14:00:00
1024,open,2024-02-12 16:00:00
1024,onboarding_done,2024-02-12 17:00:00
1024,close,2024-02-20 15:00:00
1025,open,2024-02-12 17:00:00
1025,onboarding_done,2024-02-12 18:00:00
1025,close,2024-02-28 16:00:00
1026,open,2024-02-12 18:00:00
1026,onboarding_done,2024-02-12 19:00:00
1026,close,2024-02-16 17:00:00
1027,open,2024-02-12 19:00:00
1027,onboarding_done,2024-02-12 20:00:00
1027,close,2024-02-14 18:00:00
1029,open,2024-02-12 21:00:00
1029,onboarding_done,2024-02-12 22:00:00
1029,close,2024-02-18 20:00:00
1030,open,2024-02-12 22:00:00
1030,onboarding_done,2024-02-12 23:00:00
1030,close,2024-03-08 21:00:00
1031,open,2024-02-12 23:00:00
1031,onboarding_done,2024-02-13 00:00:00
1031,close,2024-02-21 22:00:00
1033,open,2024-02-13 01:00:00
1033,close,2024-02-23 00:00:00
1034,open,2024-02-13 02:00:00
1034,close,2024-03-08 01:00:00
1035,open,2024-02-13 03:00:00
1035,close,2024-02-14 02:00:00
1036,open,2024-02-13 04:00:00
1036,onboarding_done,2024-02-13 05:00:00
1036,purchase,2024-02-19 03:00:00
1036,close,2024-02-20 03:00:00
1037,open,2024-02-13 05:00:00
1037,onboarding_done,2024-02-13 06:00:00
1037,close,2024-02-18 04:00:00
1038,open,2024-02-13 06:00:00
1038,onboarding_done,2024-02-13 07:00:00
1038,close,2024-02-18 05:00:00
1038,purchase,2024-02-21 05:00:00
1039,open,2024-02-13 07:00:00
1039,onboarding_done,2024-02-13 08:00:00
1039,close,2024-02-14 06:00:00
1039,purchase,2024-02-15 06:00:00
1040,open,2024-02-13 08:00:00
1040,onboarding_done,2024-02-13 09:00:00
1040,close,2024-02-14 07:00:00
1041,open,2024-02-13 09:00:00
1041,onboarding_done,2024-02-13 10:00:00
1041,purchase,2024-02-19 08:00:00
1041,close,2024-03-04 08:00:00
1042,open,2024-02-13 10:00:00
1042,onboarding_done,2024-02-13 11:00:00
1042,close,2024-02-26 09:00:00
1043,open,2024-02-13 11:00:00
1043,close,2024-03-01 10:00:00
1044,open,2024-02-13 12:00:00
1044,onboarding_done,2024-02-13 13:00:00
1044,close,2024-03-13 11:00:00
1045,open,2024-02-13 13:00:00
1045,onboarding_done,2024-02-13 14:00:00
1045,close,2024-03-11 12:00:00
1046,open,2024-02-13 14:00:00
1046,close,2024-03-09 13:00:00
1047,open,2024-02-13 15:00:00
1047,onboarding_done,2024-02-13 16:00:00
1047,purchase,2024-02-18 14:00:00
1047,close,2024-03-03 14:00:00
1048,open,2024-02-13 16:00:00
1048,onboarding_done,2024-02-13 17:00:00
1048,close,2024-03-13 15:00:00
1049,open,2024-02-13 17:00:00
1049,close,2024-02-18 16:00:00
1050,open,2024-02-13 18:00:00
1050,onboarding_done,2024-02-13 19:00:00
1050,purchase,2024-02-21 17:00:00
1050,close,2024-02-29 17:00:00
1051,open,2024-02-13 19:00:00
1051,onboarding_done,2024-02-13 20:00:00
1051,close,2024-02-18 18:00:00
1052,open,2024-02-13 20:00:00
1052,onboarding_done,2024-02-13 21:00:00
1052,close,2024-03-01 19:00:00
1053,open,2024-02-13 21:00:00
1053,onboarding_done,2024-02-13 22:00:00
1053,close,2024-02-18 20:00:00
1053,purchase,2024-02-23 20:00:00
1054,open,2024-02-13 22:00:00
1054,onboarding_done,2024-02-13 23:00:00
1054,close,2024-02-16 21:00:00
1055,open,2024-02-13 23:00:00
1055,onboarding_done,2024-02-14 00:00:00
1055,close,2024-03-12 22:00:00
1056,open,2024-02-14 00:00:00
1056,onboarding_done,2024-02-14 01:00:00
1056,close,2024-03-02 23:00:00
1057,open,2024-02-14 01:00:00
1057,close,2024-02-18 00:00:00
1058,open,2024-02-14 02:00:00
1058,onboarding_done,2024-02-14 03:00:00
1058,purchase,2024-02-21 01:00:00
1058,close,2024-03-01 01:00:00
1059,open,2024-02-14 03:00:00
1059,onboarding_done,2024-02-14 04:00:00
1059,close,2024-03-10 02:00:00
1060,open,2024-02-14 04:00:00
1060,onboarding_done,2024-02-14 05:00:00
1060,purchase,2024-02-15 03:00:00
1060,close,2024-02-15 03:00:00
1061,open,2024-02-14 05:00:00
1061,close,2024-02-27 04:00:00
1062,open,2024-02-14 06:00:00
1062,onboarding_done,2024-02-14 07:00:00
1062,close,2024-03-12 05:00:00
1063,open,2024-02-14 07:00:00
1063,close,2024-03-08 06:00:00
1064,open,2024-02-14 08:00:00
1064,onboarding_done,2024-02-14 09:00:00
1064,close,2024-03-01 07:00:00
1065,open,2024-02-14 09:00:00
1065,close,2024-03-03 08:00:00
1066,open,2024-02-14 10:00:00
1066,onboarding_done,2024-02-14 11:00:00
1066,close,2024-03-08 09:00:00
1067,open,2024-02-14 11:00:00
1067,close,2024-02-19 10:00:00
1068,open,2024-02-14 12:00:00
1068,onboarding_done,2024-02-14 13:00:00
1068,close,2024-03-09 11:00:00
1069,open,2024-02-14 13:00:00
1069,close,2024-03-03 12:00:00
1070,open,2024-02-14 14:00:00
1070,onboarding_done,2024-02-14 15:00:00
1070,close,2024-02-29 13:00:00
1071,open,2024-02-14 15:00:00
1071,onboarding_done,2024-02-14 16:00:00
1071,close,2024-02-19 14:00:00
1072,open,2024-02-14 16:00:00
1072,close,2024-03-12 15:00:00
1073,open,2024-02-14 17:00:00
1073,close,2024-03-04 16:00:00
1074,open,2024-02-14 18:00:00
1074,onboarding_done,2024-02-14 19:00:00
1074,close,2024-02-27 17:00:00
1075,open,2024-02-14 19:00:00
1075,onboarding_done,2024-02-14 20:00:00
1075,close,2024-02-25 18:00:00
1076,open,2024-02-14 20:00:00
1076,onboarding_done,2024-02-14 21:00:00
1076,close,2024-03-11 19:00:00
1077,open,2024-02-14 21:00:00
1077,onboarding_done,2024-02-14 22:00:00
1077,purchase,2024-02-15 20:00:00
1077,close,2024-03-04 20:00:00
1079,open,2024-02-14 23:00:00
1079,onboarding_done,2024-02-15 00:00:00
1079,close,2024-02-20 22:00:00
1080,open,2024-02-15 00:00:00
1080,onboarding_done,2024-02-15 01:00:00
1080,close,2024-02-27 23:00:00
1081,open,2024-02-15 01:00:00
1081,onboarding_done,2024-02-15 02:00:00
1081,close,2024-02-29 00:00:00
1082,open,2024-02-15 02:00:00
1082,onboarding_done,2024-02-15 03:00:00
1082,purchase,2024-02-21 01:00:00
1082,close,2024-02-24 01:00:00
1083,open,2024-02-15 03:00:00
1083,close,2024-02-19 02:00:00
1084,open,2024-02-15 04:00:00
1084,onboarding_done,2024-02-15 05:00:00
1084,close,2024-02-22 03:00:00
1085,open,2024-02-15 05:00:00
1085,onboarding_done,2024-02-15 06:00:00
1085,close,2024-03-06 04:00:00
1086,open,2024-02-15 06:00:00
1086,close,2024-03-07 05:00:00
1087,open,2024-02-15 07:00:00
1087,onboarding_done,2024-02-15 08:00:00
1087,close,2024-03-11 06:00:00
1088,open,2024-02-15 08:00:00
1088,onboarding_done,2024-02-15 09:00:00
1088,close,2024-03-02 07:00:00
1089,open,2024-02-15 09:00:00
1089,close,2024-03-15 08:00:00
1091,open,2024-02-15 11:00:00
1091,onboarding_done,2024-02-15 12:00:00
1091,purchase,2024-02-28 10:00:00
1091,close,2024-03-02 10:00:00
1092,open,2024-02-15 12:00:00
1092,onboarding_done,2024-02-15 13:00:00
1092,purchase,2024-02-24 11:00:00
1092,close,2024-03-11 11:00:00
1093,open,2024-02-15 13:00:00
1093,onboarding_done,2024-02-15 14:00:00
1093,close,2024-02-27 12:00:00
1094,open,2024-02-15 14:00:00
1094,close,2024-02-21 13:00:00
1095,open,2024-02-15 15:00:00
1095,onboarding_done,2024-02-15 16:00:00
1095,close,2024-02-24 14:00:00
1096,open,2024-02-15 16:00:00
1096,onboarding_done,2024-02-15 17:00:00
1096,close,2024-03-07 15:00:00
1097,open,2024-02-15 17:00:00
1097,close,2024-03-12 16:00:00
1098,open,2024-02-15 18:00:00
1098,onboarding_done,2024-02-15 19:00:00
1098,close,2024-03-01 17:00:00
1099,open,2024-02-15 19:00:00
1099,onboarding_done,2024-02-15 20:00:00
1099,close,2024-02-22 18:00:00
1100,open,2024-02-15 20:00:00
1100,onboarding_done,2024-02-15 21:00:00
1100,close,2024-03-01 19:00:00
1101,open,2024-02-15 21:00:00
1101,onboarding_done,2024-02-15 22:00:00
1101,close,2024-02-27 20:00:00
1102,open,2024-02-15 22:00:00
1102,onboarding_done,2024-02-15 23:00:00
1102,close,2024-02-18 21:00:00
1102,purchase,2024-02-23 21:00:00
1103,open,2024-02-15 23:00:00
1103,onboarding_done,2024-02-16 00:00:00
1103,close,2024-02-18 22:00:00
1104,open,2024-02-16 00:00:00
1104,onboarding_done,2024-02-16 01:00:00
1104,close,2024-02-29 23:00:00
1105,open,2024-02-16 01:00:00
1105,close,2024-02-28 00:00:00
1106,open,2024-02-16 02:00:00
1106,onboarding_done,2024-02-16 03:00:00
1106,close,2024-03-03 01:00:00
1107,open,2024-02-16 03:00:00
1107,onboarding_done,2024-02-16 04:00:00
1107,close,2024-02-28 02:00:00
1108,open,2024-02-16 04:00:00
1108,close,2024-03-07 03:00:00
1109,open,2024-02-16 05:00:00
1109,onboarding_done,2024-02-16 06:00:00
1109,close,2024-03-02 04:00:00
1110,open,2024-02-16 06:00:00
1110,onboarding_done,2024-02-16 07:00:00
1110,close,2024-03-12 05:00:00
1111,open,2024-02-16 07:00:00
1111,onboarding_done,2024-02-16 08:00:00
1111,close,2024-02-27 06:00:00
1112,open,2024-02-16 08:00:00
1112,onboarding_done,2024-02-16 09:00:00
1112,close,2024-02-19 07:00:00
1113,open,2024-02-16 09:00:00
1113,close,2024-03-16 08:00:00
1114,open,2024-02-16 10:00:00
1114,onboarding_done,2024-02-16 11:00:00
1114,close,2024-03-04 09:00:00
1115,open,2024-02-16 11:00:00
1115,onboarding_done,2024-02-16 12:00:00
1115,close,2024-03-07 10:00:00
1116,open,2024-02-16 12:00:00
1116,onboarding_done,2024-02-16 13:00:00
1116,close,2024-03-05 11:00:00
1117,open,2024-02-16 13:00:00
1117,onboarding_done,2024-02-16 14:00:00
1117,close,2024-02-23 12:00:00
1117,purchase,2024-02-24 12:00:00
1118,open,2024-02-16 14:00:00
1118,onboarding_done,2024-02-16 15:00:00
1118,close,2024-02-26 13:00:00
1119,open,2024-02-16 15:00:00
1119,onboarding_done,2024-02-16 16:00:00
1119,close,2024-03-04 14:00:00
1120,open,2024-02-16 16:00:00
1120,onboarding_done,2024-02-16 17:00:00
1120,close,2024-03-06 15:00:00
1121,open,2024-02-16 17:00:00
1121,onboarding_done,2024-02-16 18:00:00
1121,purchase,2024-02-17 16:00:00
1121,close,2024-02-24 16:00:00
1122,open,2024-02-16 18:00:00
1122,onboarding_done,2024-02-16 19:00:00
1122,purchase,2024-02-27 17:00:00
1122,close,2024-03-09 17:00:00
1123,open,2024-02-16 19:00:00
1123,onboarding_done,2024-02-16 20:00:00
1123,close,2024-03-05 18:00:00
1124,open,2024-02-16 20:00:00
1124,onboarding_done,2024-02-16 21:00:00
1124,close,2024-03-12 19:00:00
1125,open,2024-02-16 21:00:00
1125,onboarding_done,2024-02-16 22:00:00
1125,close,2024-02-19 20:00:00
1126,open,2024-02-16 22:00:00
1126,onboarding_done,2024-02-16 23:00:00
1126,close,2024-02-28 21:00:00
1127,open,2024-02-16 23:00:00
1127,onboarding_done,2024-02-17 00:00:00
1127,close,2024-03-08 22:00:00
1128,open,2024-02-17 00:00:00
1128,onboarding_done,2024-02-17 01:00:00
1128,purchase,2024-02-29 23:00:00
1128,close,2024-03-12 23:00:00
1129,open,2024-02-17 01:00:00
1129,onboarding_done,2024-02-17 02:00:00
1129,close,2024-03-11 00:00:00
1130,open,2024-02-17 02:00:00
1130,close,2024-02-26 01:00:00
1132,open,2024-02-17 04:00:00
1132,onboarding_done,2024-02-17 05:00:00
1132,close,2024-03-12 03:00:00
1133,open,2024-02-17 05:00:00
1133,onboarding_done,2024-02-17 06:00:00
1133,close,2024-02-25 04:00:00
1134,open,2024-02-17 06:00:00
1134,onboarding_done,2024-02-17 07:00:00
1134,close,2024-03-13 05:00:00
1135,open,2024-02-17 07:00:00
1135,onboarding_done,2024-02-17 08:00:00
1135,purchase,2024-03-02 06:00:00
1135,close,2024-03-06 06:00:00
1136,open,2024-02-17 08:00:00
1136,onboarding_done,2024-02-17 09:00:00
1136,close,2024-02-18 07:00:00
1137,open,2024-02-17 09:00:00
1137,close,2024-03-05 08:00:00
1138,open,2024-02-17 10:00:00
1138,onboarding_done,2024-02-17 11:00:00
1138,close,2024-02-26 09:00:00
1138,purchase,2024-03-01 09:00:00
1139,open,2024-02-17 11:00:00
1139,close,2024-03-17 10:00:00
1140,open,2024-02-17 12:00:00
1140,onboarding_done,2024-02-17 13:00:00
1140,purchase,2024-02-18 11:00:00
1140,close,2024-02-26 11:00:00
1141,open,2024-02-17 13:00:00
1141,onboarding_done,2024-02-17 14:00:00
1141,close,2024-02-19 12:00:00
1142,open,2024-02-17 14:00:00
1142,close,2024-03-13 13:00:00
1143,open,2024-02-17 15:00:00
1143,close,2024-02-19 14:00:00
1144,open,2024-02-17 16:00:00
1144,close,2024-03-01 15:00:00
1145,open,2024-02-17 17:00:00
1145,close,2024-03-03 16:00:00
1146,open,2024-02-17 18:00:00
1146,close,2024-02-27 17:00:00
1147,open,2024-02-17 19:00:00
1147,close,2024-03-10 18:00:00
1148,open,2024-02-17 20:00:00
1148,onboarding_done,2024-02-17 21:00:00
1148,close,2024-02-23 19:00:00
1148,purchase,2024-02-28 19:00:00
1149,open,2024-02-17 21:00:00
1149,onboarding_done,2024-02-17 22:00:00
1149,purchase,2024-02-23 20:00:00
1149,close,2024-03-10 20:00:00
1150,open,2024-02-17 22:00:00
1150,onboarding_done,2024-02-17 23:00:00
1150,purchase,2024-02-22 21:00:00
1150,close,2024-03-15 21:00:00
1151,open,2024-02-17 23:00:00
1151,onboarding_done,2024-02-18 00:00:00
1151,close,2024-03-02 22:00:00
1152,open,2024-02-18 00:00:00
1152,onboarding_done,2024-02-18 01:00:00
1152,close,2024-03-14 23:00:00
1153,open,2024-02-18 01:00:00
1153,onboarding_done,2024-02-18 02:00:00
1153,close,2024-03-15 00:00:00
1154,open,2024-02-18 02:00:00
1154,onboarding_done,2024-02-18 03:00:00
1154,close,2024-03-15 01:00:00
1155,open,2024-02-18 03:00:00
1155,onboarding_done,2024-02-18 04:00:00
1155,purchase,2024-02-24 02:00:00
1155,close,2024-03-03 02:00:00
1156,open,2024-02-18 04:00:00
1156,onboarding_done,2024-02-18 05:00:00
1156,close,2024-03-02 03:00:00
1157,open,2024-02-18 05:00:00
1157,close,2024-03-11 04:00:00
1158,open,2024-02-18 06:00:00
1158,onboarding_done,2024-02-18 07:00:00
1158,close,2024-02-28 05:00:00
1159,open,2024-02-18 07:00:00
1159,close,2024-03-01 06:00:00
1160,open,2024-02-18 08:00:00
1160,close,2024-03-08 07:00:00
1161,open,2024-02-18 09:00:00
1161,onboarding_done,2024-02-18 10:00:00
1161,close,2024-03-15 08:00:00
1162,open,2024-02-18 10:00:00
1162,onboarding_done,2024-02-18 11:00:00
1162,close,2024-03-09 09:00:00
1163,open,2024-02-18 11:00:00
1163,close,2024-03-05 10:00:00
1164,open,2024-02-18 12:00:00
1164,onboarding_done,2024-02-18 13:00:00
1164,purchase,2024-02-22 11:00:00
1164,close,2024-03-08 11:00:00
1165,open,2024-02-18 13:00:00
1165,close,2024-02-22 12:00:00
1166,open,2024-02-18 14:00:00
1166,onboarding_done,2024-02-18 15:00:00
1166,close,2024-03-10 13:00:00
1167,open,2024-02-18 15:00:00
1167,onboarding_done,2024-02-18 16:00:00
1167,close,2024-02-24 14:00:00
1168,open,2024-02-18 16:00:00
1168,onboarding_done,2024-02-18 17:00:00
1168,close,2024-02-29 15:00:00
1169,open,2024-02-18 17:00:00
1169,onboarding_done,2024-02-18 18:00:00
1169,close,2024-02-23 16:00:00
1170,open,2024-02-18 18:00:00
1170,close,2024-03-13 17:00:00
1171,open,2024-02-18 19:00:00
1171,onboarding_done,2024-02-18 20:00:00
1171,purchase,2024-02-25 18:00:00
1171,close,2024-03-11 18:00:00
1172,open,2024-02-18 20:00:00
1172,onboarding_done,2024-02-18 21:00:00
1172,close,2024-02-25 19:00:00
1173,open,2024-02-18 21:00:00
1173,close,2024-03-10 20:00:00
1174,open,2024-02-18 22:00:00
1174,close,2024-03-14 21:00:00
1176,open,2024-02-19 00:00:00
1176,onboarding_done,2024-02-19 01:00:00
1176,close,2024-03-16 23:00:00
1177,open,2024-02-19 01:00:00
1177,close,2024-03-08 00:00:00
1178,open,2024-02-19 02:00:00
1178,close,2024-03-07 01:00:00
1179,open,2024-02-19 03:00:00
1179,onboarding_done,2024-02-19 04:00:00
1179,close,2024-03-05 02:00:00
1180,open,2024-02-19 04:00:00
1180,onboarding_done,2024-02-19 05:00:00
1180,close,2024-03-11 03:00:00
1182,open,2024-02-19 06:00:00
1182,close,2024-02-24 05:00:00
1183,open,2024-02-19 07:00:00
1183,close,2024-02-23 06:00:00
1184,open,2024-02-19 08:00:00
1184,close,2024-02-28 07:00:00
1185,open,2024-02-19 09:00:00
1185,onboarding_done,2024-02-19 10:00:00
1185,close,2024-03-03 08:00:00
1186,open,2024-02-19 10:00:00
1186,onboarding_done,2024-02-19 11:00:00
1186,purchase,2024-02-26 09:00:00
1186,close,2024-03-01 09:00:00
1187,open,2024-02-19 11:00:00
1187,onboarding_done,2024-02-19 12:00:00
1187,close,2024-03-17 10:00:00
1188,open,2024-02-19 12:00:00
1188,close,2024-02-29 11:00:00
1189,open,2024-02-19 13:00:00
1189,close,2024-03-16 12:00:00
1190,open,2024-02-19 14:00:00
1190,close,2024-03-06 13:00:00
1191,open,2024-02-19 15:00:00
1191,onboarding_done,2024-02-19 16:00:00
1191,close,2024-03-02 14:00:00
1192,open,2024-02-19 16:00:00
1192,close,2024-03-12 15:00:00
1193,open,2024-02-19 17:00:00
1193,onboarding_done,2024-02-19 18:00:00
1193,close,2024-03-11 16:00:00
1194,open,2024-02-19 18:00:00
1194,onboarding_done,2024-02-19 19:00:00
1194,close,2024-02-27 17:00:00
1195,open,2024-02-19 19:00:00
1195,close,2024-03-15 18:00:00
1196,open,2024-02-19 20:00:00
1196,onboarding_done,2024-02-19 21:00:00
1196,close,2024-02-21 19:00:00
1197,open,2024-02-19 21:00:00
1197,onboarding_done,2024-02-19 22:00:00
1197,purchase,2024-02-24 20:00:00
1197,close,2024-02-25 20:00:00
1198,open,2024-02-19 22:00:00
1198,onboarding_done,2024-02-19 23:00:00
1198,close,2024-02-20 21:00:00
1199,open,2024-02-19 23:00:00
1199,onboarding_done,2024-02-20 00:00:00
1199,close,2024-03-05 22:00:00
1200,open,2024-02-20 00:00:00
1200,onboarding_done,2024-02-20 01:00:00
1200,close,2024-02-25 23:00:00
1201,open,2024-02-20 01:00:00
1201,onboarding_done,2024-02-20 02:00:00
1201,purchase,2024-02-21 00:00:00
1201,close,2024-02-23 00:00:00
1202,open,2024-02-20 02:00:00
1202,onboarding_done,2024-02-20 03:00:00
1202,close,2024-03-11 01:00:00
1203,open,2024-02-20 03:00:00
1203,onboarding_done,2024-02-20 04:00:00
1203,purchase,2024-03-05 02:00:00
1203,close,2024-03-06 02:00:00
1204,open,2024-02-20 04:00:00
1204,onboarding_done,2024-02-20 05:00:00
1204,purchase,2024-02-26 03:00:00
1204,close,2024-02-29 03:00:00
1205,open,2024-02-20 05:00:00
1205,onboarding_done,2024-02-20 06:00:00
1205,close,2024-03-02 04:00:00
1206,open,2024-02-20 06:00:00
1206,onboarding_done,2024-02-20 07:00:00
1206,purchase,2024-02-26 05:00:00
1206,close,2024-02-29 05:00:00
1207,open,2024-02-20 07:00:00
1207,onboarding_done,2024-02-20 08:00:00
1207,purchase,2024-03-01 06:00:00
1207,close,2024-03-18 06:00:00
1208,open,2024-02-20 08:00:00
1208,close,2024-03-14 07:00:00
1209,open,2024-02-20 09:00:00
1209,onboarding_done,2024-02-20 10:00:00
1209,close,2024-03-04 08:00:00
1210,open,2024-02-20 10:00:00
1210,onboarding_done,2024-02-20 11:00:00
1210,close,2024-03-02 09:00:00
1210,purchase,2024-03-04 09:00:00
1211,open,2024-02-20 11:00:00
1211,close,2024-03-15 10:00:00
1212,open,2024-02-20 12:00:00
1212,onboarding_done,2024-02-20 13:00:00
1212,close,2024-03-15 11:00:00
1213,open,2024-02-20 13:00:00
1213,onboarding_done,2024-02-20 14:00:00
1213,close,2024-02-24 12:00:00
1214,open,2024-02-20 14:00:00
1214,close,2024-03-07 13:00:00
1215,open,2024-02-20 15:00:00
1215,onboarding_done,2024-02-20 16:00:00
1215,purchase,2024-02-21 14:00:00
1215,close,2024-03-20 14:00:00
1216,open,2024-02-20 16:00:00
1216,onboarding_done,2024-02-20 17:00:00
1216,close,2024-02-26 15:00:00
1217,open,2024-02-20 17:00:00
1217,onboarding_done,2024-02-20 18:00:00
1217,close,2024-02-24 16:00:00
1219,open,2024-02-20 19:00:00
1219,close,2024-02-27 18:00:00
1220,open,2024-02-20 20:00:00
1220,onboarding_done,2024-02-20 21:00:00
1220,close,2024-02-22 19:00:00
1221,open,2024-02-20 21:00:00
1221,close,2024-02-25 20:00:00
1222,open,2024-02-20 22:00:00
1222,onboarding_done,2024-02-20 23:00:00
1222,close,2024-03-11 21:00:00
1223,open,2024-02-20 23:00:00
1223,onboarding_done,2024-02-21 00:00:00
1223,close,2024-02-22 22:00:00
1223,purchase,2024-02-27 22:00:00
1224,open,2024-02-21 00:00:00
1224,onboarding_done,2024-02-21 01:00:00
1224,purchase,2024-03-04 23:00:00
1224,close,2024-03-20 23:00:00
1225,open,2024-02-21 01:00:00
1225,onboarding_done,2024-02-21 02:00:00
1225,close,2024-03-03 00:00:00
1226,open,2024-02-21 02:00:00
1226,close,2024-03-17 01:00:00
1227,open,2024-02-21 03:00:00
1227,onboarding_done,2024-02-21 04:00:00
1227,close,2024-02-28 02:00:00
1228,open,2024-02-21 04:00:00
1228,onboarding_done,2024-02-21 05:00:00
1228,purchase,2024-03-06 03:00:00
1228,close,2024-03-20 03:00:00
1229,open,2024-02-21 05:00:00
1229,close,2024-02-24 04:00:00
1230,open,2024-02-21 06:00:00
1230,onboarding_done,2024-02-21 07:00:00
1230,close,2024-03-18 05:00:00
1231,open,2024-02-21 07:00:00
1231,close,2024-03-10 06:00:00
1232,open,2024-02-21 08:00:00
1232,onboarding_done,2024-02-21 09:00:00
1232,close,2024-03-04 07:00:00
1233,open,2024-02-21 09:00:00
1233,close,2024-02-28 08:00:00
1234,open,2024-02-21 10:00:00
1234,onboarding_done,2024-02-21 11:00:00
1234,close,2024-03-02 09:00:00
1235,open,2024-02-21 11:00:00
1235,onboarding_done,2024-02-21 12:00:00
1235,purchase,2024-03-02 10:00:00
1235,close,2024-03-08 10:00:00
1236,open,2024-02-21 12:00:00
1236,close,2024-03-10 11:00:00
1237,open,2024-02-21 13:00:00
1237,close,2024-03-14 12:00:00
1238,open,2024-02-21 14:00:00
1238,onboarding_done,2024-02-21 15:00:00
1238,close,2024-02-27 13:00:00
1239,open,2024-02-21 15:00:00
1239,onboarding_done,2024-02-21 16:00:00
1239,close,2024-03-11 14:00:00
1240,open,2024-02-21 16:00:00
1240,close,2024-03-10 15:00:00
1241,open,2024-02-21 17:00:00
1241,onboarding_done,2024-02-21 18:00:00
1241,close,2024-03-14 16:00:00
1242,open,2024-02-21 18:00:00
1242,onboarding_done,2024-02-21 19:00:00
1242,close,2024-03-03 17:00:00
1243,open,2024-02-21 19:00:00
1243,close,2024-03-06 18:00:00
1244,open,2024-02-21 20:00:00
1244,onboarding_done,2024-02-21 21:00:00
1244,close,2024-03-15 19:00:00
1245,open,2024-02-21 21:00:00
1245,onboarding_done,2024-02-21 22:00:00
1245,close,2024-03-09 20:00:00
1246,open,2024-02-21 22:00:00
1246,close,2024-03-04 21:00:00
1247,open,2024-02-21 23:00:00
1247,close,2024-03-05 22:00:00
1248,open,2024-02-22 00:00:00
1248,onboarding_done,2024-02-22 01:00:00
1248,close,2024-03-01 23:00:00
1249,open,2024-02-22 01:00:00
1249,onboarding_done,2024-02-22 02:00:00
1249,close,2024-03-05 00:00:00
1250,open,2024-02-22 02:00:00
1250,onboarding_done,2024-02-22 03:00:00
1250,close,2024-02-29 01:00:00
1251,open,2024-02-22 03:00:00
1251,close,2024-02-23 02:00:00
1252,open,2024-02-22 04:00:00
1252,close,2024-03-14 03:00:00
1253,open,2024-02-22 05:00:00
1253,onboarding_done,2024-02-22 06:00:00
1253,close,2024-03-01 04:00:00
1253,purchase,2024-03-06 04:00:00
1254,open,2024-02-22 06:00:00
1254,onboarding_done,2024-02-22 07:00:00
1254,close,2024-03-08 05:00:00
1255,open,2024-02-22 07:00:00
1255,onboarding_done,2024-02-22 08:00:00
1255,close,2024-03-07 06:00:00
1256,open,2024-02-22 08:00:00
1256,onboarding_done,2024-02-22 09:00:00
1256,purchase,2024-02-28 07:00:00
1256,close,2024-03-17 07:00:00
1257,open,2024-02-22 09:00:00
1257,onboarding_done,2024-02-22 10:00:00
1257,close,2024-02-23 08:00:00
1258,open,2024-02-22 10:00:00
1258,close,2024-02-23 09:00:00
1259,open,2024-02-22 11:00:00
1259,onboarding_done,2024-02-22 12:00:00
1259,purchase,2024-02-26 10:00:00
1259,close,2024-03-22 10:00:00
1260,open,2024-02-22 12:00:00
1260,onboarding_done,2024-02-22 13:00:00
1260,close,2024-03-22 11:00:00
1261,open,2024-02-22 13:00:00
1261,onboarding_done,2024-02-22 14:00:00
1261,close,2024-03-03 12:00:00
1262,open,2024-02-22 14:00:00
1262,onboarding_done,2024-02-22 15:00:00
1262,close,2024-03-05 13:00:00
1263,open,2024-02-22 15:00:00
1263,close,2024-03-09 14:00:00
1264,open,2024-02-22 16:00:00
1264,close,2024-03-22 15:00:00
1265,open,2024-02-22 17:00:00
1265,onboarding_done,2024-02-22 18:00:00
1265,close,2024-03-07 16:00:00
1266,open,2024-02-22 18:00:00
1266,onboarding_done,2024-02-22 19:00:00
1266,close,2024-03-10 17:00:00
1267,open,2024-02-22 19:00:00
1267,onboarding_done,2024-02-22 20:00:00
1267,close,2024-03-03 18:00:00
1268,open,2024-02-22 20:00:00
1268,onboarding_done,2024-02-22 21:00:00
1268,close,2024-03-08 19:00:00
1269,open,2024-02-22 21:00:00
1269,onboarding_done,2024-02-22 22:00:00
1269,close,2024-03-17 20:00:00
1270,open,2024-02-22 22:00:00
1270,onboarding_done,2024-02-22 23:00:00
1270,close,2024-03-01 21:00:00
1271,open,2024-02-22 23:00:00
1271,onboarding_done,2024-02-23 00:00:00
1271,close,2024-02-24 22:00:00
1272,open,2024-02-23 00:00:00
1272,onboarding_done,2024-02-23 01:00:00
1272,close,2024-03-12 23:00:00
1274,open,2024-02-23 02:00:00
1274,onboarding_done,2024-02-23 03:00:00
1274,purchase,2024-03-08 01:00:00
1274,close,2024-03-13 01:00:00
1275,open,2024-02-23 03:00:00
1275,onboarding_done,2024-02-23 04:00:00
1275,close,2024-03-20 02:00:00
1276,open,2024-02-23 04:00:00
1276,onboarding_done,2024-02-23 05:00:00
1276,close,2024-02-24 03:00:00
1277,open,2024-02-23 05:00:00
1277,onboarding_done,2024-02-23 06:00:00
1277,close,2024-03-13 04:00:00
1278,open,2024-02-23 06:00:00
1278,onboarding_done,2024-02-23 07:00:00
1278,close,2024-03-22 05:00:00
1279,open,2024-02-23 07:00:00
1279,onboarding_done,2024-02-23 08:00:00
1279,close,2024-03-07 06:00:00
1280,open,2024-02-23 08:00:00
1280,onboarding_done,2024-02-23 09:00:00
1280,close,2024-03-02 07:00:00
1281,open,2024-02-23 09:00:00
1281,onboarding_done,2024-02-23 10:00:00
1281,close,2024-03-14 08:00:00
1282,open,2024-02-23 10:00:00
1282,onboarding_done,2024-02-23 11:00:00
1282,close,2024-03-20 09:00:00
1283,open,2024-02-23 11:00:00
1283,onboarding_done,2024-02-23 12:00:00
1283,close,2024-03-18 10:00:00
1284,open,2024-02-23 12:00:00
1284,close,2024-03-06 11:00:00
1285,open,2024-02-23 13:00:00
1285,onboarding_done,2024-02-23 14:00:00
1285,purchase,2024-03-05 12:00:00
1285,close,2024-03-16 12:00:00
1286,open,2024-02-23 14:00:00
1286,close,2024-03-10 13:00:00
1287,open,2024-02-23 15:00:00
1287,onboarding_done,2024-02-23 16:00:00
1287,close,2024-03-08 14:00:00
1288,open,2024-02-23 16:00:00
1288,onboarding_done,2024-02-23 17:00:00
1288,close,2024-03-01 15:00:00
1289,open,2024-02-23 17:00:00
1289,close,2024-03-04 16:00:00
1291,open,2024-02-23 19:00:00
1291,onboarding_done,2024-02-23 20:00:00
1291,close,2024-03-01 18:00:00
1292,open,2024-02-23 20:00:00
1292,onboarding_done,2024-02-23 21:00:00
1292,close,2024-03-07 19:00:00
1293,open,2024-02-23 21:00:00
1293,close,2024-03-16 20:00:00
1294,open,2024-02-23 22:00:00
1294,onboarding_done,2024-02-23 23:00:00
1294,purchase,2024-02-26 21:00:00
1294,close,2024-03-18 21:00:00
1295,open,2024-02-23 23:00:00
1295,onboarding_done,2024-02-24 00:00:00
1295,close,2024-03-23 22:00:00
1296,open,2024-02-24 00:00:00
1296,onboarding_done,2024-02-24 01:00:00
1296,close,2024-03-23 23:00:00
1297,open,2024-02-24 01:00:00
1297,onboarding_done,2024-02-24 02:00:00
1297,close,2024-03-02 00:00:00
1298,open,2024-02-24 02:00:00
1298,onboarding_done,2024-02-24 03:00:00
1298,close,2024-02-28 01:00:00
1299,open,2024-02-24 03:00:00
1299,close,2024-03-22 02:00:00
1300,open,2024-02-24 04:00:00
1300,onboarding_done,2024-02-24 05:00:00
1300,close,2024-03-14 03:00:00
1301,open,2024-02-24 05:00:00
1301,onboarding_done,2024-02-24 06:00:00
1301,purchase,2024-02-26 04:00:00
1301,close,2024-03-14 04:00:00
1302,open,2024-02-24 06:00:00
1302,onboarding_done,2024-02-24 07:00:00
1302,close,2024-02-25 05:00:00
1303,open,2024-02-24 07:00:00
1303,onboarding_done,2024-02-24 08:00:00
1303,close,2024-03-06 06:00:00
1304,open,2024-02-24 08:00:00
1304,close,2024-02-28 07:00:00
1305,open,2024-02-24 09:00:00
1305,onboarding_done,2024-02-24 10:00:00
1305,close,2024-03-03 08:00:00
1306,open,2024-02-24 10:00:00
1306,onboarding_done,2024-02-24 11:00:00
1306,close,2024-03-05 09:00:00
1307,open,2024-02-24 11:00:00
1307,onboarding_done,2024-02-24 12:00:00
1307,close,2024-02-28 10:00:00
1308,open,2024-02-24 12:00:00
1308,onboarding_done,2024-02-24 13:00:00
1308,close,2024-03-11 11:00:00
1309,open,2024-02-24 13:00:00
1309,onboarding_done,2024-02-24 14:00:00
1309,close,2024-03-07 12:00:00
1310,open,2024-02-24 14:00:00
1310,onboarding_done,2024-02-24 15:00:00
1310,close,2024-03-23 13:00:00
1311,open,2024-02-24 15:00:00
1311,close,2024-03-01 14:00:00
1312,open,2024-02-24 16:00:00
1312,onboarding_done,2024-02-24 17:00:00
1312,purchase,2024-03-04 15:00:00
1312,close,2024-03-05 15:00:00
1313,open,2024-02-24 17:00:00
1313,close,2024-02-25 16:00:00
1314,open,2024-02-24 18:00:00
1314,onboarding_done,2024-02-24 19:00:00
1314,close,2024-03-17 17:00:00
1315,open,2024-02-24 19:00:00
1315,onboarding_done,2024-02-24 20:00:00
1315,close,2024-03-02 18:00:00
1316,open,2024-02-24 20:00:00
1316,onboarding_done,2024-02-24 21:00:00
1316,close,2024-03-02 19:00:00
1317,open,2024-02-24 21:00:00
1317,onboarding_done,2024-02-24 22:00:00
1317,close,2024-02-25 20:00:00
1318,open,2024-02-24 22:00:00
1318,onboarding_done,2024-02-24 23:00:00
1318,close,2024-03-08 21:00:00
1319,open,2024-02-24 23:00:00
1319,onboarding_done,2024-02-25 00:00:00
1319,close,2024-03-21 22:00:00
1320,open,2024-02-25 00:00:00
1320,onboarding_done,2024-02-25 01:00:00
1320,close,2024-03-16 23:00:00
1321,open,2024-02-25 01:00:00
1321,onboarding_done,2024-02-25 02:00:00
1321,close,2024-03-05 00:00:00
1322,open,2024-02-25 02:00:00
1322,onboarding_done,2024-02-25 03:00:00
1322,close,2024-03-05 01:00:00
1324,open,2024-02-25 04:00:00
1324,close,2024-03-06 03:00:00
1325,open,2024-02-25 05:00:00
1325,close,2024-03-06 04:00:00
1326,open,2024-02-25 06:00:00
1326,onboarding_done,2024-02-25 07:00:00
1326,close,2024-03-18 05:00:00
1327,open,2024-02-25 07:00:00
1327,onboarding_done,2024-02-25 08:00:00
1327,close,2024-03-02 06:00:00
1328,open,2024-02-25 08:00:00
1328,onboarding_done,2024-02-25 09:00:00
1328,close,2024-03-25 07:00:00
1329,open,2024-02-25 09:00:00
1329,onboarding_done,2024-02-25 10:00:00
1329,close,2024-02-28 08:00:00
1330,open,2024-02-25 10:00:00
1330,close,2024-03-17 09:00:00
1331,open,2024-02-25 11:00:00
1331,onboarding_done,2024-02-25 12:00:00
1331,close,2024-03-01 10:00:00
1332,open,2024-02-25 12:00:00
1332,close,2024-03-16 11:00:00
1333,open,2024-02-25 13:00:00
1333,onboarding_done,2024-02-25 14:00:00
1333,purchase,2024-03-10 12:00:00
1333,close,2024-03-16 12:00:00
1334,open,2024-02-25 14:00:00
1334,onboarding_done,2024-02-25 15:00:00
1334,purchase,2024-02-26 13:00:00
1334,close,2024-03-12 13:00:00
1335,open,2024-02-25 15:00:00
1335,onboarding_done,2024-02-25 16:00:00
1335,close,2024-03-04 14:00:00
1335,purchase,2024-03-07 14:00:00
1336,open,2024-02-25 16:00:00
1336,close,2024-02-28 15:00:00
1337,open,2024-02-25 17:00:00
1337,onboarding_done,2024-02-25 18:00:00
1337,purchase,2024-03-09 16:00:00
1337,close,2024-03-17 16:00:00
1338,open,2024-02-25 18:00:00
1338,onboarding_done,2024-02-25 19:00:00
1338,close,2024-03-05 17:00:00
1339,open,2024-02-25 19:00:00
1339,onboarding_done,2024-02-25 20:00:00
1339,close,2024-02-27 18:00:00
1340,open,2024-02-25 20:00:00
1340,onboarding_done,2024-02-25 21:00:00
1340,purchase,2024-03-08 19:00:00
1340,close,2024-03-20 19:00:00
1341,open,2024-02-25 21:00:00
1341,onboarding_done,2024-02-25 22:00:00
1341,close,2024-03-07 20:00:00
1342,open,2024-02-25 22:00:00
1342,close,2024-03-23 21:00:00
1343,open,2024-02-25 23:00:00
1343,close,2024-02-29 22:00:00
1344,open,2024-02-26 00:00:00
1344,close,2024-02-26 23:00:00
1345,open,2024-02-26 01:00:00
1345,onboarding_done,2024-02-26 02:00:00
1345,close,2024-03-06 00:00:00
1346,open,2024-02-26 02:00:00
1346,close,2024-03-24 01:00:00
1347,open,2024-02-26 03:00:00
1347,onboarding_done,2024-02-26 04:00:00
1347,purchase,2024-03-01 02:00:00
1347,close,2024-03-02 02:00:00
1348,open,2024-02-26 04:00:00
1348,close,2024-03-14 03:00:00
1349,open,2024-02-26 05:00:00
1349,onboarding_done,2024-02-26 06:00:00
1349,close,2024-03-25 04:00:00
1350,open,2024-02-26 06:00:00
1350,close,2024-03-15 05:00:00
1351,open,2024-02-26 07:00:00
1351,onboarding_done,2024-02-26 08:00:00
1351,purchase,2024-03-02 06:00:00
1351,close,2024-03-04 06:00:00
1352,open,2024-02-26 08:00:00
1352,close,2024-03-15 07:00:00
1353,open,2024-02-26 09:00:00
1353,close,2024-03-26 08:00:00
1355,open,2024-02-26 11:00:00
1355,onboarding_done,2024-02-26 12:00:00
1355,purchase,2024-03-02 10:00:00
1355,close,2024-03-14 10:00:00
1356,open,2024-02-26 12:00:00
1356,onboarding_done,2024-02-26 13:00:00
1356,close,2024-02-28 11:00:00
1357,open,2024-02-26 13:00:00
1357,onboarding_done,2024-02-26 14:00:00
1357,close,2024-03-03 12:00:00
1358,open,2024-02-26 14:00:00
1358,close,2024-03-01 13:00:00
1359,open,2024-02-26 15:00:00
1359,close,2024-03-07 14:00:00
1360,open,2024-02-26 16:00:00
1360,onboarding_done,2024-02-26 17:00:00
1360,close,2024-03-23 15:00:00
1361,open,2024-02-26 17:00:00
1361,onboarding_done,2024-02-26 18:00:00
1361,purchase,2024-03-01 16:00:00
1361,close,2024-03-22 16:00:00
1362,open,2024-02-26 18:00:00
1362,onboarding_done,2024-02-26 19:00:00
1362,close,2024-03-01 17:00:00
1363,open,2024-02-26 19:00:00
1363,close,2024-03-10 18:00:00
1364,open,2024-02-26 20:00:00
1364,onboarding_done,2024-02-26 21:00:00
1364,purchase,2024-03-03 19:00:00
1364,close,2024-03-08 19:00:00
1365,open,2024-02-26 21:00:00
1365,onboarding_done,2024-02-26 22:00:00
1365,close,2024-03-17 20:00:00
1366,open,2024-02-26 22:00:00
1366,onboarding_done,2024-02-26 23:00:00
1366,close,2024-03-19 21:00:00
1367,open,2024-02-26 23:00:00
1367,onboarding_done,2024-02-27 00:00:00
1367,purchase,2024-02-27 22:00:00
1367,close,2024-03-23 22:00:00
1368,open,2024-02-27 00:00:00
1368,onboarding_done,2024-02-27 01:00:00
1368,close,2024-03-03 23:00:00
1369,open,2024-02-27 01:00:00
1369,onboarding_done,2024-02-27 02:00:00
1369,close,2024-02-29 00:00:00
1370,open,2024-02-27 02:00:00
1370,onboarding_done,2024-02-27 03:00:00
1370,purchase,2024-02-28 01:00:00
1370,close,2024-02-28 01:00:00
1371,open,2024-02-27 03:00:00
1371,onboarding_done,2024-02-27 04:00:00
1371,close,2024-03-18 02:00:00
1372,open,2024-02-27 04:00:00
1372,onboarding_done,2024-02-27 05:00:00
1372,purchase,2024-02-29 03:00:00
1372,close,2024-03-26 03:00:00
1373,open,2024-02-27 05:00:00
1373,onboarding_done,2024-02-27 06:00:00
1373,close,2024-03-05 04:00:00
1374,open,2024-02-27 06:00:00
1374,onboarding_done,2024-02-27 07:00:00
1374,close,2024-03-20 05:00:00
1375,open,2024-02-27 07:00:00
1375,onboarding_done,2024-02-27 08:00:00
1375,close,2024-03-04 06:00:00
1376,open,2024-02-27 08:00:00
1376,close,2024-03-23 07:00:00
1377,open,2024-02-27 09:00:00
1377,onboarding_done,2024-02-27 10:00:00
1377,close,2024-03-18 08:00:00
1378,open,2024-02-27 10:00:00
1378,onboarding_done,2024-02-27 11:00:00
1378,close,2024-03-04 09:00:00
1379,open,2024-02-27 11:00:00
1379,onboarding_done,2024-02-27 12:00:00
1379,close,2024-03-12 10:00:00
1380,open,2024-02-27 12:00:00
1380,onboarding_done,2024-02-27 13:00:00
1380,close,2024-03-26 11:00:00
1381,open,2024-02-27 13:00:00
1381,onboarding_done,2024-02-27 14:00:00
1381,close,2024-03-03 12:00:00
1382,open,2024-02-27 14:00:00
1382,onboarding_done,2024-02-27 15:00:00
1382,purchase,2024-03-12 13:00:00
1382,close,2024-03-26 13:00:00
1383,open,2024-02-27 15:00:00
1383,onboarding_done,2024-02-27 16:00:00
1383,close,2024-03-08 14:00:00
1384,open,2024-02-27 16:00:00
1384,onboarding_done,2024-02-27 17:00:00
1384,close,2024-03-06 15:00:00
1385,open,2024-02-27 17:00:00
1385,onboarding_done,2024-02-27 18:00:00
1385,close,2024-03-24 16:00:00
1386,open,2024-02-27 18:00:00
1386,close,2024-03-08 17:00:00
1387,open,2024-02-27 19:00:00
1387,onboarding_done,2024-02-27 20:00:00
1387,close,2024-03-27 18:00:00
1388,open,2024-02-27 20:00:00
1388,close,2024-03-13 19:00:00
1389,open,2024-02-27 21:00:00
1389,close,2024-03-03 20:00:00
1390,open,2024-02-27 22:00:00
1390,close,2024-03-17 21:00:00
1391,open,2024-02-27 23:00:00
1391,onboarding_done,2024-02-28 00:00:00
1391,close,2024-02-29 22:00:00
1392,open,2024-02-28 00:00:00
1392,onboarding_done,2024-02-28 01:00:00
1392,close,2024-03-27 23:00:00
1393,open,2024-02-28 01:00:00
1393,onboarding_done,2024-02-28 02:00:00
1393,purchase,2024-03-08 00:00:00
1393,close,2024-03-12 00:00:00
1394,open,2024-02-28 02:00:00
1394,onboarding_done,2024-02-28 03:00:00
1394,close,2024-03-15 01:00:00
1395,open,2024-02-28 03:00:00
1395,onboarding_done,2024-02-28 04:00:00
1395,close,2024-03-16 02:00:00
1396,open,2024-02-28 04:00:00
1396,close,2024-03-13 03:00:00
1397,open,2024-02-28 05:00:00
1397,onboarding_done,2024-02-28 06:00:00
1397,purchase,2024-03-02 04:00:00
1397,close,2024-03-10 04:00:00
1398,open,2024-02-28 06:00:00
1398,close,2024-03-07 05:00:00
1400,open,2024-02-28 08:00:00
1400,onboarding_done,2024-02-28 09:00:00
1400,close,2024-03-15 07:00:00
1401,open,2024-02-28 09:00:00
1401,close,2024-03-11 08:00:00
1402,open,2024-02-28 10:00:00
1402,onboarding_done,2024-02-28 11:00:00
1402,close,2024-03-06 09:00:00
1405,open,2024-02-28 13:00:00
1405,close,2024-03-28 12:00:00
1406,open,2024-02-28 14:00:00
1406,onboarding_done,2024-02-28 15:00:00
1406,close,2024-02-29 13:00:00
1407,open,2024-02-28 15:00:00
1407,close,2024-03-13 14:00:00
1408,open,2024-02-28 16:00:00
1408,onboarding_done,2024-02-28 17:00:00
1408,close,2024-03-19 15:00:00
1409,open,2024-02-28 17:00:00
1409,close,2024-03-26 16:00:00
1410,open,2024-02-28 18:00:00
1410,onboarding_done,2024-02-28 19:00:00
1410,close,2024-03-25 17:00:00
1411,open,2024-02-28 19:00:00
1411,onboarding_done,2024-02-28 20:00:00
1411,close,2024-03-17 18:00:00
1412,open,2024-02-28 20:00:00
1412,onboarding_done,2024-02-28 21:00:00
1412,close,2024-03-09 19:00:00
1413,open,2024-02-28 21:00:00
1413,onboarding_done,2024-02-28 22:00:00
1413,close,2024-03-23 20:00:00
1414,open,2024-02-28 22:00:00
1414,onboarding_done,2024-02-28 23:00:00
1414,close,2024-03-17 21:00:00
1415,open,2024-02-28 23:00:00
1415,close,2024-02-29 22:00:00
1416,open,2024-02-29 00:00:00
1416,close,2024-03-06 23:00:00
1417,open,2024-02-29 01:00:00
1417,onboarding_done,2024-02-29 02:00:00
1417,close,2024-03-23 00:00:00
1418,open,2024-02-29 02:00:00
1418,onboarding_done,2024-02-29 03:00:00
1418,close,2024-03-07 01:00:00
1419,open,2024-02-29 03:00:00
1419,onboarding_done,2024-02-29 04:00:00
1419,purchase,2024-03-01 02:00:00
1419,close,2024-03-12 02:00:00
1420,open,2024-02-29 04:00:00
1420,close,2024-03-14 03:00:00
1421,open,2024-02-29 05:00:00
1421,onboarding_done,2024-02-29 06:00:00
1421,close,2024-03-12 04:00:00
1422,open,2024-02-29 06:00:00
1422,onboarding_done,2024-02-29 07:00:00
1422,close,2024-03-04 05:00:00
1423,open,2024-02-29 07:00:00
1423,close,2024-03-04 06:00:00
1424,open,2024-02-29 08:00:00
1424,onboarding_done,2024-02-29 09:00:00
1424,purchase,2024-03-14 07:00:00
1424,close,2024-03-25 07:00:00
1425,open,2024-02-29 09:00:00
1425,onboarding_done,2024-02-29 10:00:00
1425,close,2024-03-09 08:00:00
1426,open,2024-02-29 10:00:00
1426,close,2024-03-16 09:00:00
1427,open,2024-02-29 11:00:00
1427,onboarding_done,2024-02-29 12:00:00
1427,close,2024-03-05 10:00:00
1428,open,2024-02-29 12:00:00
1428,onboarding_done,2024-02-29 13:00:00
1428,close,2024-03-14 11:00:00
1429,open,2024-02-29 13:00:00
1429,onboarding_done,2024-02-29 14:00:00
1429,close,2024-03-04 12:00:00
1430,open,2024-02-29 14:00:00
1430,close,2024-03-26 13:00:00
1431,open,2024-02-29 15:00:00
1431,onboarding_done,2024-02-29 16:00:00
1431,close,2024-03-09 14:00:00
1433,open,2024-02-29 17:00:00
1433,onboarding_done,2024-02-29 18:00:00
1433,close,2024-03-04 16:00:00
1434,open,2024-02-29 18:00:00
1434,onboarding_done,2024-02-29 19:00:00
1434,close,2024-03-12 17:00:00
1435,open,2024-02-29 19:00:00
1435,onboarding_done,2024-02-29 20:00:00
1435,purchase,2024-03-02 18:00:00
1435,close,2024-03-15 18:00:00
1436,open,2024-02-29 20:00:00
1436,onboarding_done,2024-02-29 21:00:00
1436,close,2024-03-21 19:00:00
1438,open,2024-02-29 22:00:00
1438,onboarding_done,2024-02-29 23:00:00
1438,close,2024-03-09 21:00:00
1438,purchase,2024-03-11 21:00:00
1439,open,2024-02-29 23:00:00
1439,onboarding_done,2024-03-01 00:00:00
1439,purchase,2024-03-08 22:00:00
1439,close,2024-03-25 22:00:00
1440,open,2024-03-01 00:00:00
1440,onboarding_done,2024-03-01 01:00:00
1440,close,2024-03-17 23:00:00
1441,open,2024-03-01 01:00:00
1441,onboarding_done,2024-03-01 02:00:00
1441,close,2024-03-03 00:00:00
1442,open,2024-03-01 02:00:00
1442,close,2024-03-30 01:00:00
1443,open,2024-03-01 03:00:00
1443,onboarding_done,2024-03-01 04:00:00
1443,close,2024-03-21 02:00:00
1444,open,2024-03-01 04:00:00
1444,onboarding_done,2024-03-01 05:00:00
1444,close,2024-03-14 03:00:00
1445,open,2024-03-01 05:00:00
1445,onboarding_done,2024-03-01 06:00:00
1445,close,2024-03-08 04:00:00
1446,open,2024-03-01 06:00:00
1446,onboarding_done,2024-03-01 07:00:00
1446,close,2024-03-07 05:00:00
1446,purchase,2024-03-11 05:00:00
1448,open,2024-03-01 08:00:00
1448,close,2024-03-04 07:00:00
1449,open,2024-03-01 09:00:00
1449,onboarding_done,2024-03-01 10:00:00
1449,close,2024-03-10 08:00:00
1450,open,2024-03-01 10:00:00
1450,onboarding_done,2024-03-01 11:00:00
1450,purchase,2024-03-04 09:00:00
1450,close,2024-03-27 09:00:00
1452,open,2024-03-01 12:00:00
1452,onboarding_done,2024-03-01 13:00:00
1452,purchase,2024-03-07 11:00:00
1452,close,2024-03-17 11:00:00
1453,open,2024-03-01 13:00:00
1453,onboarding_done,2024-03-01 14:00:00
1453,close,2024-03-17 12:00:00
1454,open,2024-03-01 14:00:00
1454,onboarding_done,2024-03-01 15:00:00
1454,close,2024-03-25 13:00:00
1455,open,2024-03-01 15:00:00
1455,close,2024-03-04 14:00:00
1456,open,2024-03-01 16:00:00
1456,close,2024-03-19 15:00:00
1457,open,2024-03-01 17:00:00
1457,close,2024-03-03 16:00:00
1458,open,2024-03-01 18:00:00
1458,onboarding_done,2024-03-01 19:00:00
1458,close,2024-03-22 17:00:00
1459,open,2024-03-01 19:00:00
1459,onboarding_done,2024-03-01 20:00:00
1459,purchase,2024-03-12 18:00:00
1459,close,2024-03-19 18:00:00
1460,open,2024-03-01 20:00:00
1460,onboarding_done,2024-03-01 21:00:00
1460,close,2024-03-22 19:00:00
1461,open,2024-03-01 21:00:00
1461,onboarding_done,2024-03-01 22:00:00
1461,close,2024-03-24 20:00:00
1462,open,2024-03-01 22:00:00
1462,onboarding_done,2024-03-01 23:00:00
1462,close,2024-03-26 21:00:00
1463,open,2024-03-01 23:00:00
1463,onboarding_done,2024-03-02 00:00:00
1463,purchase,2024-03-07 22:00:00
1463,close,2024-03-08 22:00:00
1464,open,2024-03-02 00:00:00
1464,onboarding_done,2024-03-02 01:00:00
1464,close,2024-03-19 23:00:00
1465,open,2024-03-02 01:00:00
1465,onboarding_done,2024-03-02 02:00:00
1465,close,2024-03-12 00:00:00
1466,open,2024-03-02 02:00:00
1466,close,2024-03-08 01:00:00
1467,open,2024-03-02 03:00:00
1467,onboarding_done,2024-03-02 04:00:00
1467,close,2024-03-04 02:00:00
1468,open,2024-03-02 04:00:00
1468,onboarding_done,2024-03-02 05:00:00
1468,close,2024-03-15 03:00:00
1469,open,2024-03-02 05:00:00
1469,close,2024-03-12 04:00:00
1471,open,2024-03-02 07:00:00
1471,onboarding_done,2024-03-02 08:00:00
1471,close,2024-03-05 06:00:00
1472,open,2024-03-02 08:00:00
1472,onboarding_done,2024-03-02 09:00:00
1472,close,2024-03-18 07:00:00
1473,open,2024-03-02 09:00:00
1473,onboarding_done,2024-03-02 10:00:00
1473,close,2024-03-27 08:00:00
1474,open,2024-03-02 10:00:00
1474,onboarding_done,2024-03-02 11:00:00
1474,close,2024-03-14 09:00:00
1475,open,2024-03-02 11:00:00
1475,onboarding_done,2024-03-02 12:00:00
1475,close,2024-03-27 10:00:00
1476,open,2024-03-02 12:00:00
1476,onboarding_done,2024-03-02 13:00:00
1476,close,2024-03-21 11:00:00
1477,open,2024-03-02 13:00:00
1477,onboarding_done,2024-03-02 14:00:00
1477,close,2024-03-15 12:00:00
1479,open,2024-03-02 15:00:00
1479,onboarding_done,2024-03-02 16:00:00
1479,close,2024-03-04 14:00:00
1480,open,2024-03-02 16:00:00
1480,onboarding_done,2024-03-02 17:00:00
1480,close,2024-03-14 15:00:00
1481,open,2024-03-02 17:00:00
1481,onboarding_done,2024-03-02 18:00:00
1481,close,2024-03-12 16:00:00
1482,open,2024-03-02 18:00:00
1482,close,2024-03-14 17:00:00
1483,open,2024-03-02 19:00:00
1483,onboarding_done,2024-03-02 20:00:00
1483,purchase,2024-03-03 18:00:00
1483,close,2024-03-19 18:00:00
1485,open,2024-03-02 21:00:00
1485,close,2024-03-03 20:00:00
1486,open,2024-03-02 22:00:00
1486,onboarding_done,2024-03-02 23:00:00
1486,close,2024-03-08 21:00:00
1487,open,2024-03-02 23:00:00
1487,onboarding_done,2024-03-03 00:00:00
1487,close,2024-03-03 22:00:00
1488,open,2024-03-03 00:00:00
1488,close,2024-03-27 23:00:00
1489,open,2024-03-03 01:00:00
1489,close,2024-03-07 00:00:00
1490,open,2024-03-03 02:00:00
1490,onboarding_done,2024-03-03 03:00:00
1490,close,2024-03-29 01:00:00
1491,open,2024-03-03 03:00:00
1491,onboarding_done,2024-03-03 04:00:00
1491,purchase,2024-03-12 02:00:00
1491,close,2024-03-14 02:00:00
1492,open,2024-03-03 04:00:00
1492,onboarding_done,2024-03-03 05:00:00
1492,close,2024-03-29 03:00:00
1493,open,2024-03-03 05:00:00
1493,onboarding_done,2024-03-03 06:00:00
1493,close,2024-03-31 04:00:00
1494,open,2024-03-03 06:00:00
1494,onboarding_done,2024-03-03 07:00:00
1494,close,2024-03-08 05:00:00
1495,open,2024-03-03 07:00:00
1495,onboarding_done,2024-03-03 08:00:00
1495,close,2024-03-24 06:00:00
1496,open,2024-03-03 08:00:00
1496,onboarding_done,2024-03-03 09:00:00
1496,close,2024-03-28 07:00:00
1497,open,2024-03-03 09:00:00
1497,onboarding_done,2024-03-03 10:00:00
1497,close,2024-03-30 08:00:00
1498,open,2024-03-03 10:00:00
1498,onboarding_done,2024-03-03 11:00:00
1498,close,2024-03-25 09:00:00
1499,open,2024-03-03 11:00:00
1499,onboarding_done,2024-03-03 12:00:00
1499,close,2024-03-10 10:00:00
1499,purchase,2024-03-17 10:00:00
1500,open,2024-03-03 12:00:00
1500,onboarding_done,2024-03-03 13:00:00
1500,close,2024-03-17 11:00:00
1501,open,2024-03-03 13:00:00
1501,onboarding_done,2024-03-03 14:00:00
1501,close,2024-03-18 12:00:00
1502,open,2024-03-03 14:00:00
1502,onboarding_done,2024-03-03 15:00:00
1502,close,2024-03-12 13:00:00
1502,purchase,2024-03-15 13:00:00
1503,open,2024-03-03 15:00:00
1503,onboarding_done,2024-03-03 16:00:00
1503,purchase,2024-03-15 14:00:00
1503,close,2024-03-27 14:00:00
1504,open,2024-03-03 16:00:00
1504,close,2024-03-04 15:00:00
1505,open,2024-03-03 17:00:00
1505,onboarding_done,2024-03-03 18:00:00
1505,close,2024-03-04 16:00:00
1505,purchase,2024-03-13 16:00:00
1507,open,2024-03-03 19:00:00
1507,onboarding_done,2024-03-03 20:00:00
1507,purchase,2024-03-07 18:00:00
1507,close,2024-03-26 18:00:00
1508,open,2024-03-03 20:00:00
1508,onboarding_done,2024-03-03 21:00:00
1508,close,2024-03-25 19:00:00
1509,open,2024-03-03 21:00:00
1509,close,2024-03-28 20:00:00
1510,open,2024-03-03 22:00:00
1510,onboarding_done,2024-03-03 23:00:00
1510,purchase,2024-03-10 21:00:00
1510,close,2024-03-23 21:00:00
1511,open,2024-03-03 23:00:00
1511,onboarding_done,2024-03-04 00:00:00
1511,purchase,2024-03-15 22:00:00
1511,close,2024-03-30 22:00:00
1512,open,2024-03-04 00:00:00
1512,onboarding_done,2024-03-04 01:00:00
1512,close,2024-03-10 23:00:00
1513,open,2024-03-04 01:00:00
1513,onboarding_done,2024-03-04 02:00:00
1513,purchase,2024-03-18 00:00:00
1513,close,2024-03-27 00:00:00
1514,open,2024-03-04 02:00:00
1514,onboarding_done,2024-03-04 03:00:00
1514,close,2024-03-24 01:00:00
1515,open,2024-03-04 03:00:00
1515,close,2024-03-18 02:00:00
1516,open,2024-03-04 04:00:00
1516,onboarding_done,2024-03-04 05:00:00
1516,close,2024-04-02 03:00:00
1517,open,2024-03-04 05:00:00
1517,close,2024-03-12 04:00:00
1518,open,2024-03-04 06:00:00
1518,onboarding_done,2024-03-04 07:00:00
1518,close,2024-03-18 05:00:00
1519,open,2024-03-04 07:00:00
1519,onboarding_done,2024-03-04 08:00:00
1519,close,2024-03-24 06:00:00
1520,open,2024-03-04 08:00:00
1520,onboarding_done,2024-03-04 09:00:00
1520,purchase,2024-03-09 07:00:00
1520,close,2024-03-30 07:00:00
1521,open,2024-03-04 09:00:00
1521,onboarding_done,2024-03-04 10:00:00
1521,close,2024-04-02 08:00:00
1522,open,2024-03-04 10:00:00
1522,close,2024-03-08 09:00:00
1523,open,2024-03-04 11:00:00
1523,onboarding_done,2024-03-04 12:00:00
1523,close,2024-03-07 10:00:00
1524,open,2024-03-04 12:00:00
1524,onboarding_done,2024-03-04 13:00:00
1524,close,2024-03-21 11:00:00
1525,open,2024-03-04 13:00:00
1525,onboarding_done,2024-03-04 14:00:00
1525,close,2024-03-16 12:00:00
1528,open,2024-03-04 16:00:00
1528,onboarding_done,2024-03-04 17:00:00
1528,close,2024-03-20 15:00:00
1529,open,2024-03-04 17:00:00
1529,onboarding_done,2024-03-04 18:00:00
1529,close,2024-03-11 16:00:00
1531,open,2024-03-04 19:00:00
1531,onboarding_done,2024-03-04 20:00:00
1531,purchase,2024-03-18 18:00:00
1531,close,2024-03-27 18:00:00
1532,open,2024-03-04 20:00:00
1532,onboarding_done,2024-03-04 21:00:00
1532,close,2024-03-07 19:00:00
1533,open,2024-03-04 21:00:00
1533,onboarding_done,2024-03-04 22:00:00
1533,close,2024-03-26 20:00:00
1534,open,2024-03-04 22:00:00
1534,onboarding_done,2024-03-04 23:00:00
1534,close,2024-03-26 21:00:00
1535,open,2024-03-04 23:00:00
1535,close,2024-03-21 22:00:00
1536,open,2024-03-05 00:00:00
1536,close,2024-03-28 23:00:00
1537,open,2024-03-05 01:00:00
1537,close,2024-03-18 00:00:00
1538,open,2024-03-05 02:00:00
1538,onboarding_done,2024-03-05 03:00:00
1538,close,2024-03-30 01:00:00
1539,open,2024-03-05 03:00:00
1539,onboarding_done,2024-03-05 04:00:00
1539,close,2024-04-01 02:00:00
1540,open,2024-03-05 04:00:00
1540,onboarding_done,2024-03-05 05:00:00
1540,close,2024-03-21 03:00:00
1541,open,2024-03-05 05:00:00
1541,onboarding_done,2024-03-05 06:00:00
1541,purchase,2024-03-10 04:00:00
1541,close,2024-04-03 04:00:00
1542,open,2024-03-05 06:00:00
1542,onboarding_done,2024-03-05 07:00:00
1542,close,2024-03-28 05:00:00
1543,open,2024-03-05 07:00:00
1543,onboarding_done,2024-03-05 08:00:00
1543,purchase,2024-03-17 06:00:00
1543,close,2024-03-20 06:00:00
1544,open,2024-03-05 08:00:00
1544,onboarding_done,2024-03-05 09:00:00
1544,close,2024-03-29 07:00:00
1545,open,2024-03-05 09:00:00
1545,onboarding_done,2024-03-05 10:00:00
1545,purchase,2024-03-15 08:00:00
1545,close,2024-03-25 08:00:00
1546,open,2024-03-05 10:00:00
1546,onboarding_done,2024-03-05 11:00:00
1546,close,2024-03-12 09:00:00
1547,open,2024-03-05 11:00:00
1547,onboarding_done,2024-03-05 12:00:00
1547,close,2024-04-01 10:00:00
1548,open,2024-03-05 12:00:00
1548,close,2024-03-24 11:00:00
1549,open,2024-03-05 13:00:00
1549,close,2024-03-20 12:00:00
1550,open,2024-03-05 14:00:00
1550,onboarding_done,2024-03-05 15:00:00
1550,close,2024-03-27 13:00:00
1551,open,2024-03-05 15:00:00
1551,close,2024-04-02 14:00:00
1552,open,2024-03-05 16:00:00
1552,onboarding_done,2024-03-05 17:00:00
1552,close,2024-03-06 15:00:00
1553,open,2024-03-05 17:00:00
1553,close,2024-03-10 16:00:00
1554,open,2024-03-05 18:00:00
1554,onboarding_done,2024-03-05 19:00:00
1554,close,2024-03-30 17:00:00
1555,open,2024-03-05 19:00:00
1555,onboarding_done,2024-03-05 20:00:00
1555,close,2024-04-02 18:00:00
1556,open,2024-03-05 20:00:00
1556,onboarding_done,2024-03-05 21:00:00
1556,close,2024-04-03 19:00:00
1557,open,2024-03-05 21:00:00
1557,onboarding_done,2024-03-05 22:00:00
1557,purchase,2024-03-13 20:00:00
1557,close,2024-03-21 20:00:00
1558,open,2024-03-05 22:00:00
1558,onboarding_done,2024-03-05 23:00:00
1558,purchase,2024-03-13 21:00:00
1558,close,2024-03-20 21:00:00
1559,open,2024-03-05 23:00:00
1559,onboarding_done,2024-03-06 00:00:00
1559,close,2024-03-06 22:00:00
1560,open,2024-03-06 00:00:00
1560,onboarding_done,2024-03-06 01:00:00
1560,close,2024-03-12 23:00:00
1561,open,2024-03-06 01:00:00
1561,close,2024-03-10 00:00:00
1562,open,2024-03-06 02:00:00
1562,close,2024-03-20 01:00:00
1564,open,2024-03-06 04:00:00
1564,close,2024-04-04 03:00:00
1565,open,2024-03-06 05:00:00
1565,close,2024-04-02 04:00:00
1566,open,2024-03-06 06:00:00
1566,close,2024-04-03 05:00:00
1567,open,2024-03-06 07:00:00
1567,close,2024-03-21 06:00:00
1568,open,2024-03-06 08:00:00
1568,onboarding_done,2024-03-06 09:00:00
1568,close,2024-03-22 07:00:00
1569,open,2024-03-06 09:00:00
1569,onboarding_done,2024-03-06 10:00:00
1569,close,2024-03-23 08:00:00
1570,open,2024-03-06 10:00:00
1570,close,2024-03-23 09:00:00
1571,open,2024-03-06 11:00:00
1571,onboarding_done,2024-03-06 12:00:00
1571,close,2024-03-08 10:00:00
1572,open,2024-03-06 12:00:00
1572,onboarding_done,2024-03-06 13:00:00
1572,purchase,2024-03-18 11:00:00
1572,close,2024-03-22 11:00:00
1573,open,2024-03-06 13:00:00
1573,onboarding_done,2024-03-06 14:00:00
1573,close,2024-03-27 12:00:00
1574,open,2024-03-06 14:00:00
1574,onboarding_done,2024-03-06 15:00:00
1574,close,2024-03-18 13:00:00
1575,open,2024-03-06 15:00:00
1575,onboarding_done,2024-03-06 16:00:00
1575,close,2024-03-18 14:00:00
1576,open,2024-03-06 16:00:00
1576,onboarding_done,2024-03-06 17:00:00
1576,close,2024-03-18 15:00:00
1577,open,2024-03-06 17:00:00
1577,onboarding_done,2024-03-06 18:00:00
1577,close,2024-03-14 16:00:00
1578,open,2024-03-06 18:00:00
1578,onboarding_done,2024-03-06 19:00:00
1578,purchase,2024-03-15 17:00:00
1578,close,2024-03-15 17:00:00
1579,open,2024-03-06 19:00:00
1579,onboarding_done,2024-03-06 20:00:00
1579,close,2024-04-03 18:00:00
1580,open,2024-03-06 20:00:00
1580,onboarding_done,2024-03-06 21:00:00
1580,purchase,2024-03-12 19:00:00
1580,close,2024-03-30 19:00:00
1581,open,2024-03-06 21:00:00
1581,onboarding_done,2024-03-06 22:00:00
1581,purchase,2024-03-14 20:00:00
1581,close,2024-03-26 20:00:00
1582,open,2024-03-06 22:00:00
1582,close,2024-03-21 21:00:00
1583,open,2024-03-06 23:00:00
1583,onboarding_done,2024-03-07 00:00:00
1583,close,2024-03-07 22:00:00
1584,open,2024-03-07 00:00:00
1584,close,2024-03-10 23:00:00
1585,open,2024-03-07 01:00:00
1585,onboarding_done,2024-03-07 02:00:00
1585,close,2024-03-20 00:00:00
1586,open,2024-03-07 02:00:00
1586,onboarding_done,2024-03-07 03:00:00
1586,close,2024-03-27 01:00:00
1587,open,2024-03-07 03:00:00
1587,close,2024-03-18 02:00:00
1588,open,2024-03-07 04:00:00
1588,close,2024-04-03 03:00:00
1589,open,2024-03-07 05:00:00
1589,onboarding_done,2024-03-07 06:00:00
1589,close,2024-03-09 04:00:00
1590,open,2024-03-07 06:00:00
1590,close,2024-03-26 05:00:00
1591,open,2024-03-07 07:00:00
1591,onboarding_done,2024-03-07 08:00:00
1591,close,2024-03-23 06:00:00
1592,open,2024-03-07 08:00:00
1592,onboarding_done,2024-03-07 09:00:00
1592,purchase,2024-03-08 07:00:00
1592,close,2024-03-09 07:00:00
1594,open,2024-03-07 10:00:00
1594,close,2024-04-03 09:00:00
1595,open,2024-03-07 11:00:00
1595,close,2024-03-22 10:00:00
1596,open,2024-03-07 12:00:00
1596,close,2024-03-20 11:00:00
1597,open,2024-03-07 13:00:00
1597,onboarding_done,2024-03-07 14:00:00
1597,close,2024-03-22 12:00:00
1598,open,2024-03-07 14:00:00
1598,close,2024-03-26 13:00:00
1599,open,2024-03-07 15:00:00
1599,onboarding_done,2024-03-07 16:00:00
1599,close,2024-03-18 14:00:00
1600,open,2024-03-07 16:00:00
1600,onboarding_done,2024-03-07 17:00:00
1600,close,2024-03-09 15:00:00
1601,open,2024-03-07 17:00:00
1601,close,2024-03-29 16:00:00
1602,open,2024-03-07 18:00:00
1602,onboarding_done,2024-03-07 19:00:00
1602,close,2024-03-28 17:00:00
1603,open,2024-03-07 19:00:00
1603,onboarding_done,2024-03-07 20:00:00
1603,close,2024-03-15 18:00:00
1604,open,2024-03-07 20:00:00
1604,onboarding_done,2024-03-07 21:00:00
1604,close,2024-03-09 19:00:00
1605,open,2024-03-07 21:00:00
1605,onboarding_done,2024-03-07 22:00:00
1605,close,2024-03-14 20:00:00
1606,open,2024-03-07 22:00:00
1606,onboarding_done,2024-03-07 23:00:00
1606,close,2024-03-31 21:00:00
1607,open,2024-03-07 23:00:00
1607,onboarding_done,2024-03-08 00:00:00
1607,close,2024-03-20 22:00:00
1608,open,2024-03-08 00:00:00
1608,onboarding_done,2024-03-08 01:00:00
1608,close,2024-03-29 23:00:00
1609,open,2024-03-08 01:00:00
1609,onboarding_done,2024-03-08 02:00:00
1609,close,2024-03-13 00:00:00
1610,open,2024-03-08 02:00:00
1610,onboarding_done,2024-03-08 03:00:00
1610,close,2024-03-29 01:00:00
1611,open,2024-03-08 03:00:00
1611,close,2024-03-19 02:00:00
1612,open,2024-03-08 04:00:00
1612,onboarding_done,2024-03-08 05:00:00
1612,close,2024-03-15 03:00:00
1614,open,2024-03-08 06:00:00
1614,onboarding_done,2024-03-08 07:00:00
1614,purchase,2024-03-11 05:00:00
1614,close,2024-03-26 05:00:00
1615,open,2024-03-08 07:00:00
1615,onboarding_done,2024-03-08 08:00:00
1615,close,2024-04-05 06:00:00
1616,open,2024-03-08 08:00:00
1616,onboarding_done,2024-03-08 09:00:00
1616,purchase,2024-03-09 07:00:00
1616,close,2024-03-23 07:00:00
1618,open,2024-03-08 10:00:00
1618,close,2024-03-11 09:00:00
1619,open,2024-03-08 11:00:00
1619,close,2024-03-16 10:00:00
1620,open,2024-03-08 12:00:00
1620,close,2024-04-05 11:00:00
1621,open,2024-03-08 13:00:00
1621,onboarding_done,2024-03-08 14:00:00
1621,close,2024-03-24 12:00:00
1622,open,2024-03-08 14:00:00
1622,onboarding_done,2024-03-08 15:00:00
1622,close,2024-03-31 13:00:00
1623,open,2024-03-08 15:00:00
1623,onboarding_done,2024-03-08 16:00:00
1623,close,2024-03-22 14:00:00
1624,open,2024-03-08 16:00:00
1624,close,2024-03-28 15:00:00
1625,open,2024-03-08 17:00:00
1625,close,2024-03-15 16:00:00
1626,open,2024-03-08 18:00:00
1626,onboarding_done,2024-03-08 19:00:00
1626,close,2024-04-04 17:00:00
1627,open,2024-03-08 19:00:00
1627,onboarding_done,2024-03-08 20:00:00
1627,close,2024-04-01 18:00:00
1628,open,2024-03-08 20:00:00
1628,close,2024-03-22 19:00:00
1629,open,2024-03-08 21:00:00
1629,close,2024-03-12 20:00:00
1630,open,2024-03-08 22:00:00
1630,onboarding_done,2024-03-08 23:00:00
1630,close,2024-03-21 21:00:00
1631,open,2024-03-08 23:00:00
1631,close,2024-04-02 22:00:00
1632,open,2024-03-09 00:00:00
1632,onboarding_done,2024-03-09 01:00:00
1632,close,2024-04-06 23:00:00
1633,open,2024-03-09 01:00:00
1633,onboarding_done,2024-03-09 02:00:00
1633,close,2024-03-31 00:00:00
1634,open,2024-03-09 02:00:00
1634,close,2024-04-04 01:00:00
1636,open,2024-03-09 04:00:00
1636,close,2024-03-24 03:00:00
1637,open,2024-03-09 05:00:00
1637,onboarding_done,2024-03-09 06:00:00
1637,close,2024-04-07 04:00:00
1638,open,2024-03-09 06:00:00
1638,close,2024-03-22 05:00:00
1640,open,2024-03-09 08:00:00
1640,onboarding_done,2024-03-09 09:00:00
1640,close,2024-04-07 07:00:00
1641,open,2024-03-09 09:00:00
1641,onboarding_done,2024-03-09 10:00:00
1641,purchase,2024-03-11 08:00:00
1641,close,2024-03-22 08:00:00
1642,open,2024-03-09 10:00:00
1642,onboarding_done,2024-03-09 11:00:00
1642,close,2024-03-29 09:00:00
1643,open,2024-03-09 11:00:00
1643,onboarding_done,2024-03-09 12:00:00
1643,purchase,2024-03-11 10:00:00
1643,close,2024-03-20 10:00:00
1644,open,2024-03-09 12:00:00
1644,onboarding_done,2024-03-09 13:00:00
1644,close,2024-03-21 11:00:00
1644,purchase,2024-03-22 11:00:00
1645,open,2024-03-09 13:00:00
1645,onboarding_done,2024-03-09 14:00:00
1645,close,2024-04-05 12:00:00
1646,open,2024-03-09 14:00:00
1646,onboarding_done,2024-03-09 15:00:00
1646,close,2024-03-29 13:00:00
1647,open,2024-03-09 15:00:00
1647,close,2024-03-23 14:00:00
1648,open,2024-03-09 16:00:00
1648,close,2024-03-25 15:00:00
1649,open,2024-03-09 17:00:00
1649,close,2024-04-04 16:00:00
1650,open,2024-03-09 18:00:00
1650,onboarding_done,2024-03-09 19:00:00
1650,close,2024-03-24 17:00:00
1651,open,2024-03-09 19:00:00
1651,onboarding_done,2024-03-09 20:00:00
1651,close,2024-03-15 18:00:00
1652,open,2024-03-09 20:00:00
1652,onboarding_done,2024-03-09 21:00:00
1652,close,2024-03-22 19:00:00
1653,open,2024-03-09 21:00:00
1653,onboarding_done,2024-03-09 22:00:00
1653,close,2024-04-07 20:00:00
1654,open,2024-03-09 22:00:00
1654,onboarding_done,2024-03-09 23:00:00
1654,close,2024-03-10 21:00:00
1655,open,2024-03-09 23:00:00
1655,onboarding_done,2024-03-10 00:00:00
1655,close,2024-03-18 22:00:00
1655,purchase,2024-03-19 22:00:00
1656,open,2024-03-10 00:00:00
1656,onboarding_done,2024-03-10 01:00:00
1656,close,2024-03-19 23:00:00
1657,open,2024-03-10 01:00:00
1657,onboarding_done,2024-03-10 02:00:00
1657,close,2024-03-15 00:00:00
1658,open,2024-03-10 02:00:00
1658,onboarding_done,2024-03-10 03:00:00
1658,close,2024-03-18 01:00:00
1658,purchase,2024-03-23 01:00:00
1659,open,2024-03-10 03:00:00
1659,onboarding_done,2024-03-10 04:00:00
1659,close,2024-04-03 02:00:00
1660,open,2024-03-10 04:00:00
1660,close,2024-04-05 03:00:00
1661,open,2024-03-10 05:00:00
1661,close,2024-03-15 04:00:00
1662,open,2024-03-10 06:00:00
1662,onboarding_done,2024-03-10 07:00:00
1662,purchase,2024-03-17 05:00:00
1662,close,2024-04-08 05:00:00
1664,open,2024-03-10 08:00:00
1664,onboarding_done,2024-03-10 09:00:00
1664,close,2024-04-03 07:00:00
1665,open,2024-03-10 09:00:00
1665,onboarding_done,2024-03-10 10:00:00
1665,close,2024-03-30 08:00:00
1666,open,2024-03-10 10:00:00
1666,onboarding_done,2024-03-10 11:00:00
1666,close,2024-03-19 09:00:00
1667,open,2024-03-10 11:00:00
1667,close,2024-03-20 10:00:00
1668,open,2024-03-10 12:00:00
1668,close,2024-04-02 11:00:00
1669,open,2024-03-10 13:00:00
1669,close,2024-03-22 12:00:00
1670,open,2024-03-10 14:00:00
1670,onboarding_done,2024-03-10 15:00:00
1670,purchase,2024-03-17 13:00:00
1670,close,2024-03-21 13:00:00
1671,open,2024-03-10 15:00:00
1671,onboarding_done,2024-03-10 16:00:00
1671,close,2024-03-17 14:00:00
1673,open,2024-03-10 17:00:00
1673,close,2024-04-06 16:00:00
1675,open,2024-03-10 19:00:00
1675,onboarding_done,2024-03-10 20:00:00
1675,close,2024-04-06 18:00:00
1676,open,2024-03-10 20:00:00
1676,onboarding_done,2024-03-10 21:00:00
1676,close,2024-03-26 19:00:00
1677,open,2024-03-10 21:00:00
1677,close,2024-03-15 20:00:00
1678,open,2024-03-10 22:00:00
1678,onboarding_done,2024-03-10 23:00:00
1678,close,2024-03-17 21:00:00
1678,purchase,2024-03-22 21:00:00
1679,open,2024-03-10 23:00:00
1679,onboarding_done,2024-03-11 00:00:00
1679,close,2024-04-08 22:00:00
1680,open,2024-03-11 00:00:00
1680,onboarding_done,2024-03-11 01:00:00
1680,close,2024-03-28 23:00:00
1681,open,2024-03-11 01:00:00
1681,close,2024-03-22 00:00:00
1682,open,2024-03-11 02:00:00
1682,close,2024-04-07 01:00:00
1683,open,2024-03-11 03:00:00
1683,onboarding_done,2024-03-11 04:00:00
1683,purchase,2024-03-18 02:00:00
1683,close,2024-04-09 02:00:00
1684,open,2024-03-11 04:00:00
1684,close,2024-04-09 03:00:00
1685,open,2024-03-11 05:00:00
1685,close,2024-04-08 04:00:00
1686,open,2024-03-11 06:00:00
1686,onboarding_done,2024-03-11 07:00:00
1686,close,2024-03-27 05:00:00
1687,open,2024-03-11 07:00:00
1687,onboarding_done,2024-03-11 08:00:00
1687,close,2024-03-16 06:00:00
1688,open,2024-03-11 08:00:00
1688,onboarding_done,2024-03-11 09:00:00
1688,close,2024-04-08 07:00:00
1689,open,2024-03-11 09:00:00
1689,close,2024-04-01 08:00:00
1690,open,2024-03-11 10:00:00
1690,onboarding_done,2024-03-11 11:00:00
1690,close,2024-03-24 09:00:00
1691,open,2024-03-11 11:00:00
1691,close,2024-03-22 10:00:00
1692,open,2024-03-11 12:00:00
1692,close,2024-03-12 11:00:00
1693,open,2024-03-11 13:00:00
1693,close,2024-03-26 12:00:00
1694,open,2024-03-11 14:00:00
1694,onboarding_done,2024-03-11 15:00:00
1694,close,2024-03-28 13:00:00
1696,open,2024-03-11 16:00:00
1696,onboarding_done,2024-03-11 17:00:00
1696,purchase,2024-03-17 15:00:00
1696,close,2024-03-27 15:00:00
1698,open,2024-03-11 18:00:00
1698,onboarding_done,2024-03-11 19:00:00
1698,close,2024-03-27 17:00:00
1699,open,2024-03-11 19:00:00
1699,onboarding_done,2024-03-11 20:00:00
1699,close,2024-03-12 18:00:00
1700,open,2024-03-11 20:00:00
1700,onboarding_done,2024-03-11 21:00:00
1700,close,2024-03-19 19:00:00
1701,open,2024-03-11 21:00:00
1701,onboarding_done,2024-03-11 22:00:00
1701,close,2024-03-26 20:00:00
1702,open,2024-03-11 22:00:00
1702,close,2024-03-30 21:00:00
1703,open,2024-03-11 23:00:00
1703,onboarding_done,2024-03-12 00:00:00
1703,close,2024-03-29 22:00:00
1704,open,2024-03-12 00:00:00
1704,onboarding_done,2024-03-12 01:00:00
1704,close,2024-04-04 23:00:00
1705,open,2024-03-12 01:00:00
1705,onboarding_done,2024-03-12 02:00:00
1705,close,2024-03-19 00:00:00
1706,open,2024-03-12 02:00:00
1706,onboarding_done,2024-03-12 03:00:00
1706,close,2024-04-10 01:00:00
1707,open,2024-03-12 03:00:00
1707,close,2024-03-21 02:00:00
1708,open,2024-03-12 04:00:00
1708,close,2024-03-19 03:00:00
1710,open,2024-03-12 06:00:00
1710,onboarding_done,2024-03-12 07:00:00
1710,close,2024-03-16 05:00:00
1711,open,2024-03-12 07:00:00
1711,onboarding_done,2024-03-12 08:00:00
1711,close,2024-04-09 06:00:00
1712,open,2024-03-12 08:00:00
1712,close,2024-03-17 07:00:00
1713,open,2024-03-12 09:00:00
1713,onboarding_done,2024-03-12 10:00:00
1713,close,2024-03-28 08:00:00
1714,open,2024-03-12 10:00:00
1714,onboarding_done,2024-03-12 11:00:00
1714,purchase,2024-03-18 09:00:00
1714,close,2024-04-03 09:00:00
1715,open,2024-03-12 11:00:00
1715,onboarding_done,2024-03-12 12:00:00
1715,close,2024-03-17 10:00:00
1716,open,2024-03-12 12:00:00
1716,onboarding_done,2024-03-12 13:00:00
1716,close,2024-04-06 11:00:00
1717,open,2024-03-12 13:00:00
1717,onboarding_done,2024-03-12 14:00:00
1717,close,2024-04-07 12:00:00
1718,open,2024-03-12 14:00:00
1718,onboarding_done,2024-03-12 15:00:00
1718,close,2024-03-26 13:00:00
1719,open,2024-03-12 15:00:00
1719,close,2024-03-21 14:00:00
1720,open,2024-03-12 16:00:00
1720,onboarding_done,2024-03-12 17:00:00
1720,purchase,2024-03-22 15:00:00
1720,close,2024-04-07 15:00:00
1721,open,2024-03-12 17:00:00
1721,onboarding_done,2024-03-12 18:00:00
1721,close,2024-03-20 16:00:00
1722,open,2024-03-12 18:00:00
1722,onboarding_done,2024-03-12 19:00:00
1722,close,2024-04-02 17:00:00
1723,open,2024-03-12 19:00:00
1723,onboarding_done,2024-03-12 20:00:00
1723,close,2024-03-17 18:00:00
1724,open,2024-03-12 20:00:00
1724,onboarding_done,2024-03-12 21:00:00
1724,close,2024-03-19 19:00:00
1725,open,2024-03-12 21:00:00
1725,close,2024-03-24 20:00:00
1726,open,2024-03-12 22:00:00
1726,onboarding_done,2024-03-12 23:00:00
1726,close,2024-03-18 21:00:00
1727,open,2024-03-12 23:00:00
1727,onboarding_done,2024-03-13 00:00:00
1727,close,2024-03-13 22:00:00
1728,open,2024-03-13 00:00:00
1728,onboarding_done,2024-03-13 01:00:00
1728,close,2024-03-15 23:00:00
1729,open,2024-03-13 01:00:00
1729,onboarding_done,2024-03-13 02:00:00
1729,close,2024-04-08 00:00:00
1730,open,2024-03-13 02:00:00
1730,onboarding_done,2024-03-13 03:00:00
1730,close,2024-04-06 01:00:00
1731,open,2024-03-13 03:00:00
1731,close,2024-03-14 02:00:00
1732,open,2024-03-13 04:00:00
1732,onboarding_done,2024-03-13 05:00:00
1732,close,2024-03-31 03:00:00
1733,open,2024-03-13 05:00:00
1733,onboarding_done,2024-03-13 06:00:00
1733,close,2024-03-17 04:00:00
1734,open,2024-03-13 06:00:00
1734,onboarding_done,2024-03-13 07:00:00
1734,close,2024-04-01 05:00:00
1735,open,2024-03-13 07:00:00
1735,onboarding_done,2024-03-13 08:00:00
1735,close,2024-03-25 06:00:00
1736,open,2024-03-13 08:00:00
1736,close,2024-04-06 07:00:00
1738,open,2024-03-13 10:00:00
1738,onboarding_done,2024-03-13 11:00:00
1738,close,2024-04-10 09:00:00
1739,open,2024-03-13 11:00:00
1739,close,2024-04-01 10:00:00
1740,open,2024-03-13 12:00:00
1740,onboarding_done,2024-03-13 13:00:00
1740,close,2024-03-20 11:00:00
1741,open,2024-03-13 13:00:00
1741,onboarding_done,2024-03-13 14:00:00
1741,close,2024-03-24 12:00:00
1742,open,2024-03-13 14:00:00
1742,onboarding_done,2024-03-13 15:00:00
1742,close,2024-03-16 13:00:00
1743,open,2024-03-13 15:00:00
1743,onboarding_done,2024-03-13 16:00:00
1743,close,2024-03-15 14:00:00
1744,open,2024-03-13 16:00:00
1744,onboarding_done,2024-03-13 17:00:00
1744,purchase,2024-03-15 15:00:00
1744,close,2024-04-11 15:00:00
1745,open,2024-03-13 17:00:00
1745,onboarding_done,2024-03-13 18:00:00
1745,purchase,2024-03-18 16:00:00
1745,close,2024-03-30 16:00:00
1746,open,2024-03-13 18:00:00
1746,close,2024-04-08 17:00:00
1747,open,2024-03-13 19:00:00
1747,onboarding_done,2024-03-13 20:00:00
1747,close,2024-03-31 18:00:00
1748,open,2024-03-13 20:00:00
1748,close,2024-03-30 19:00:00
1749,open,2024-03-13 21:00:00
1749,onboarding_done,2024-03-13 22:00:00
1749,close,2024-04-01 20:00:00
1750,open,2024-03-13 22:00:00
1750,onboarding_done,2024-03-13 23:00:00
1750,close,2024-04-07 21:00:00
1751,open,2024-03-13 23:00:00
1751,close,2024-04-04 22:00:00
1752,open,2024-03-14 00:00:00
1752,onboarding_done,2024-03-14 01:00:00
1752,purchase,2024-03-18 23:00:00
1752,close,2024-04-08 23:00:00
1753,open,2024-03-14 01:00:00
1753,onboarding_done,2024-03-14 02:00:00
1753,close,2024-03-31 00:00:00
1754,open,2024-03-14 02:00:00
1754,onboarding_done,2024-03-14 03:00:00
1754,close,2024-03-18 01:00:00
1755,open,2024-03-14 03:00:00
1755,onboarding_done,2024-03-14 04:00:00
1755,close,2024-03-24 02:00:00
1756,open,2024-03-14 04:00:00
1756,onboarding_done,2024-03-14 05:00:00
1756,purchase,2024-03-23 03:00:00
1756,close,2024-03-29 03:00:00
1757,open,2024-03-14 05:00:00
1757,onboarding_done,2024-03-14 06:00:00
1757,close,2024-04-11 04:00:00
1758,open,2024-03-14 06:00:00
1758,close,2024-03-25 05:00:00
1759,open,2024-03-14 07:00:00
1759,onboarding_done,2024-03-14 08:00:00
1759,close,2024-04-03 06:00:00
1760,open,2024-03-14 08:00:00
1760,onboarding_done,2024-03-14 09:00:00
1760,close,2024-04-02 07:00:00
1761,open,2024-03-14 09:00:00
1761,onboarding_done,2024-03-14 10:00:00
1761,close,2024-03-30 08:00:00
1763,open,2024-03-14 11:00:00
1763,close,2024-04-05 10:00:00
1764,open,2024-03-14 12:00:00
1764,onboarding_done,2024-03-14 13:00:00
1764,close,2024-03-18 11:00:00
1765,open,2024-03-14 13:00:00
1765,onboarding_done,2024-03-14 14:00:00
1765,close,2024-03-31 12:00:00
1766,open,2024-03-14 14:00:00
1766,close,2024-04-06 13:00:00
1767,open,2024-03-14 15:00:00
1767,close,2024-03-18 14:00:00
1768,open,2024-03-14 16:00:00
1768,onboarding_done,2024-03-14 17:00:00
1768,close,2024-04-07 15:00:00
1769,open,2024-03-14 17:00:00
1769,close,2024-03-30 16:00:00
1770,open,2024-03-14 18:00:00
1770,close,2024-04-12 17:00:00
1771,open,2024-03-14 19:00:00
1771,onboarding_done,2024-03-14 20:00:00
1771,close,2024-03-23 18:00:00
1772,open,2024-03-14 20:00:00
1772,close,2024-04-03 19:00:00
1773,open,2024-03-14 21:00:00
1773,onboarding_done,2024-03-14 22:00:00
1773,purchase,2024-03-17 20:00:00
1773,close,2024-04-02 20:00:00
1774,open,2024-03-14 22:00:00
1774,onboarding_done,2024-03-14 23:00:00
1774,close,2024-03-22 21:00:00
1775,open,2024-03-14 23:00:00
1775,onboarding_done,2024-03-15 00:00:00
1775,close,2024-04-11 22:00:00
1776,open,2024-03-15 00:00:00
1776,close,2024-03-16 23:00:00
1777,open,2024-03-15 01:00:00
1777,onboarding_done,2024-03-15 02:00:00
1777,close,2024-03-17 00:00:00
1778,open,2024-03-15 02:00:00
1778,close,2024-03-25 01:00:00
1779,open,2024-03-15 03:00:00
1779,onboarding_done,2024-03-15 04:00:00
1779,close,2024-04-08 02:00:00
1780,open,2024-03-15 04:00:00
1780,onboarding_done,2024-03-15 05:00:00
1780,close,2024-03-29 03:00:00
1781,open,2024-03-15 05:00:00
1781,onboarding_done,2024-03-15 06:00:00
1781,close,2024-03-29 04:00:00
1782,open,2024-03-15 06:00:00
1782,onboarding_done,2024-03-15 07:00:00
1782,close,2024-03-18 05:00:00
1782,purchase,2024-03-24 05:00:00
1783,open,2024-03-15 07:00:00
1783,onboarding_done,2024-03-15 08:00:00
1783,purchase,2024-03-21 06:00:00
1783,close,2024-04-03 06:00:00
1784,open,2024-03-15 08:00:00
1784,onboarding_done,2024-03-15 09:00:00
1784,close,2024-04-01 07:00:00
1785,open,2024-03-15 09:00:00
1785,onboarding_done,2024-03-15 10:00:00
1785,close,2024-04-08 08:00:00
1786,open,2024-03-15 10:00:00
1786,close,2024-03-23 09:00:00
1787,open,2024-03-15 11:00:00
1787,close,2024-03-23 10:00:00
1788,open,2024-03-15 12:00:00
1788,onboarding_done,2024-03-15 13:00:00
1788,close,2024-03-23 11:00:00
1789,open,2024-03-15 13:00:00
1789,onboarding_done,2024-03-15 14:00:00
1789,close,2024-04-02 12:00:00
1790,open,2024-03-15 14:00:00
1790,onboarding_done,2024-03-15 15:00:00
1790,close,2024-04-04 13:00:00
1791,open,2024-03-15 15:00:00
1791,onboarding_done,2024-03-15 16:00:00
1791,close,2024-03-25 14:00:00
1791,purchase,2024-03-29 14:00:00
1792,open,2024-03-15 16:00:00
1792,onboarding_done,2024-03-15 17:00:00
1792,close,2024-03-23 15:00:00
1793,open,2024-03-15 17:00:00
1793,onboarding_done,2024-03-15 18:00:00
1793,purchase,2024-03-24 16:00:00
1793,close,2024-04-09 16:00:00
1794,open,2024-03-15 18:00:00
1794,close,2024-04-11 17:00:00
1795,open,2024-03-15 19:00:00
1795,onboarding_done,2024-03-15 20:00:00
1795,close,2024-03-31 18:00:00
1796,open,2024-03-15 20:00:00
1796,onboarding_done,2024-03-15 21:00:00
1796,purchase,2024-03-25 19:00:00
1796,close,2024-04-03 19:00:00
1798,open,2024-03-15 22:00:00
1798,close,2024-03-16 21:00:00
1799,open,2024-03-15 23:00:00
1799,onboarding_done,2024-03-16 00:00:00
1799,close,2024-03-22 22:00:00
1800,open,2024-03-16 00:00:00
1800,onboarding_done,2024-03-16 01:00:00
1800,close,2024-04-13 23:00:00
1801,open,2024-03-16 01:00:00
1801,onboarding_done,2024-03-16 02:00:00
1801,close,2024-04-14 00:00:00
1802,open,2024-03-16 02:00:00
1802,onboarding_done,2024-03-16 03:00:00
1802,close,2024-03-20 01:00:00
1805,open,2024-03-16 05:00:00
1805,onboarding_done,2024-03-16 06:00:00
1805,close,2024-03-19 04:00:00
1805,purchase,2024-03-27 04:00:00
1806,open,2024-03-16 06:00:00
1806,onboarding_done,2024-03-16 07:00:00
1806,purchase,2024-03-24 05:00:00
1806,close,2024-04-13 05:00:00
1807,open,2024-03-16 07:00:00
1807,onboarding_done,2024-03-16 08:00:00
1807,close,2024-03-22 06:00:00
1809,open,2024-03-16 09:00:00
1809,close,2024-03-23 08:00:00
1810,open,2024-03-16 10:00:00
1810,onboarding_done,2024-03-16 11:00:00
1810,close,2024-04-08 09:00:00
1811,open,2024-03-16 11:00:00
1811,close,2024-04-05 10:00:00
1812,open,2024-03-16 12:00:00
1812,onboarding_done,2024-03-16 13:00:00
1812,purchase,2024-03-17 11:00:00
1812,close,2024-03-29 11:00:00
1813,open,2024-03-16 13:00:00
1813,onboarding_done,2024-03-16 14:00:00
1813,close,2024-03-27 12:00:00
1814,open,2024-03-16 14:00:00
1814,onboarding_done,2024-03-16 15:00:00
1814,close,2024-04-09 13:00:00
1815,open,2024-03-16 15:00:00
1815,onboarding_done,2024-03-16 16:00:00
1815,close,2024-03-23 14:00:00
1816,open,2024-03-16 16:00:00
1816,onboarding_done,2024-03-16 17:00:00
1816,close,2024-04-04 15:00:00
1817,open,2024-03-16 17:00:00
1817,onboarding_done,2024-03-16 18:00:00
1817,close,2024-04-06 16:00:00
1818,open,2024-03-16 18:00:00
1818,onboarding_done,2024-03-16 19:00:00
1818,close,2024-03-27 17:00:00
1819,open,2024-03-16 19:00:00
1819,onboarding_done,2024-03-16 20:00:00
1819,purchase,2024-03-26 18:00:00
1819,close,2024-04-09 18:00:00
1820,open,2024-03-16 20:00:00
1820,onboarding_done,2024-03-16 21:00:00
1820,close,2024-03-20 19:00:00
1821,open,2024-03-16 21:00:00
1821,onboarding_done,2024-03-16 22:00:00
1821,purchase,2024-03-17 20:00:00
1821,close,2024-03-30 20:00:00
1822,open,2024-03-16 22:00:00
1822,onboarding_done,2024-03-16 23:00:00
1822,close,2024-03-25 21:00:00
1823,open,2024-03-16 23:00:00
1823,close,2024-04-04 22:00:00
1824,open,2024-03-17 00:00:00
1824,onboarding_done,2024-03-17 01:00:00
1824,close,2024-03-26 23:00:00
1825,open,2024-03-17 01:00:00
1825,onboarding_done,2024-03-17 02:00:00
1825,purchase,2024-03-18 00:00:00
1825,close,2024-03-28 00:00:00
1826,open,2024-03-17 02:00:00
1826,onboarding_done,2024-03-17 03:00:00
1826,close,2024-03-27 01:00:00
1827,open,2024-03-17 03:00:00
1827,onboarding_done,2024-03-17 04:00:00
1827,close,2024-04-15 02:00:00
1828,open,2024-03-17 04:00:00
1828,onboarding_done,2024-03-17 05:00:00
1828,close,2024-03-19 03:00:00
1828,purchase,2024-03-30 03:00:00
1829,open,2024-03-17 05:00:00
1829,onboarding_done,2024-03-17 06:00:00
1829,close,2024-03-29 04:00:00
1830,open,2024-03-17 06:00:00
1830,close,2024-04-01 05:00:00
1831,open,2024-03-17 07:00:00
1831,close,2024-04-04 06:00:00
1832,open,2024-03-17 08:00:00
1832,close,2024-04-14 07:00:00
1833,open,2024-03-17 09:00:00
1833,onboarding_done,2024-03-17 10:00:00
1833,close,2024-03-31 08:00:00
1834,open,2024-03-17 10:00:00
1834,onboarding_done,2024-03-17 11:00:00
1834,close,2024-03-19 09:00:00
1834,purchase,2024-03-27 09:00:00
1835,open,2024-03-17 11:00:00
1835,onboarding_done,2024-03-17 12:00:00
1835,purchase,2024-03-26 10:00:00
1835,close,2024-04-05 10:00:00
1836,open,2024-03-17 12:00:00
1836,close,2024-03-26 11:00:00
1837,open,2024-03-17 13:00:00
1837,onboarding_done,2024-03-17 14:00:00
1837,close,2024-03-30 12:00:00
1838,open,2024-03-17 14:00:00
1838,close,2024-03-24 13:00:00
1839,open,2024-03-17 15:00:00
1839,onboarding_done,2024-03-17 16:00:00
1839,purchase,2024-03-18 14:00:00
1839,close,2024-04-08 14:00:00
1840,open,2024-03-17 16:00:00
1840,close,2024-03-30 15:00:00
1841,open,2024-03-17 17:00:00
1841,onboarding_done,2024-03-17 18:00:00
1841,close,2024-04-15 16:00:00
1842,open,2024-03-17 18:00:00
1842,onboarding_done,2024-03-17 19:00:00
1842,close,2024-04-06 17:00:00
1844,open,2024-03-17 20:00:00
1844,onboarding_done,2024-03-17 21:00:00
1844,close,2024-03-21 19:00:00
1845,open,2024-03-17 21:00:00
1845,onboarding_done,2024-03-17 22:00:00
1845,purchase,2024-03-21 20:00:00
1845,close,2024-04-08 20:00:00
1846,open,2024-03-17 22:00:00
1846,onboarding_done,2024-03-17 23:00:00
1846,close,2024-04-08 21:00:00
1847,open,2024-03-17 23:00:00
1847,onboarding_done,2024-03-18 00:00:00
1847,close,2024-03-20 22:00:00
1847,purchase,2024-03-24 22:00:00
1848,open,2024-03-18 00:00:00
1848,onboarding_done,2024-03-18 01:00:00
1848,close,2024-03-31 23:00:00
1849,open,2024-03-18 01:00:00
1849,onboarding_done,2024-03-18 02:00:00
1849,close,2024-03-19 00:00:00
1850,open,2024-03-18 02:00:00
1850,onboarding_done,2024-03-18 03:00:00
1850,close,2024-04-03 01:00:00
1851,open,2024-03-18 03:00:00
1851,close,2024-04-08 02:00:00
1852,open,2024-03-18 04:00:00
1852,onboarding_done,2024-03-18 05:00:00
1852,close,2024-04-06 03:00:00
1853,open,2024-03-18 05:00:00
1853,close,2024-03-19 04:00:00
1854,open,2024-03-18 06:00:00
1854,onboarding_done,2024-03-18 07:00:00
1854,purchase,2024-03-20 05:00:00
1854,close,2024-03-31 05:00:00
1855,open,2024-03-18 07:00:00
1855,onboarding_done,2024-03-18 08:00:00
1855,close,2024-04-01 06:00:00
1856,open,2024-03-18 08:00:00
1856,onboarding_done,2024-03-18 09:00:00
1856,close,2024-04-05 07:00:00
1857,open,2024-03-18 09:00:00
1857,onboarding_done,2024-03-18 10:00:00
1857,close,2024-04-04 08:00:00
1858,open,2024-03-18 10:00:00
1858,onboarding_done,2024-03-18 11:00:00
1858,close,2024-04-08 09:00:00
1859,open,2024-03-18 11:00:00
1859,onboarding_done,2024-03-18 12:00:00
1859,close,2024-04-11 10:00:00
1860,open,2024-03-18 12:00:00
1860,onboarding_done,2024-03-18 13:00:00
1860,close,2024-03-30 11:00:00
1861,open,2024-03-18 13:00:00
1861,onboarding_done,2024-03-18 14:00:00
1861,purchase,2024-03-28 12:00:00
1861,close,2024-04-11 12:00:00
1862,open,2024-03-18 14:00:00
1862,onboarding_done,2024-03-18 15:00:00
1862,purchase,2024-03-25 13:00:00
1862,close,2024-04-01 13:00:00
1864,open,2024-03-18 16:00:00
1864,onboarding_done,2024-03-18 17:00:00
1864,close,2024-04-06 15:00:00
1866,open,2024-03-18 18:00:00
1866,onboarding_done,2024-03-18 19:00:00
1866,close,2024-04-07 17:00:00
1867,open,2024-03-18 19:00:00
1867,onboarding_done,2024-03-18 20:00:00
1867,close,2024-04-05 18:00:00
1868,open,2024-03-18 20:00:00
1868,onboarding_done,2024-03-18 21:00:00
1868,close,2024-03-20 19:00:00
1868,purchase,2024-03-23 19:00:00
1869,open,2024-03-18 21:00:00
1869,onboarding_done,2024-03-18 22:00:00
1869,close,2024-04-05 20:00:00
1870,open,2024-03-18 22:00:00
1870,onboarding_done,2024-03-18 23:00:00
1870,close,2024-03-24 21:00:00
1871,open,2024-03-18 23:00:00
1871,onboarding_done,2024-03-19 00:00:00
1871,close,2024-03-22 22:00:00
1871,purchase,2024-03-23 22:00:00
1872,open,2024-03-19 00:00:00
1872,close,2024-03-30 23:00:00
1873,open,2024-03-19 01:00:00
1873,close,2024-03-31 00:00:00
1874,open,2024-03-19 02:00:00
1874,onboarding_done,2024-03-19 03:00:00
1874,purchase,2024-03-23 01:00:00
1874,close,2024-04-16 01:00:00
1875,open,2024-03-19 03:00:00
1875,onboarding_done,2024-03-19 04:00:00
1875,purchase,2024-04-02 02:00:00
1875,close,2024-04-03 02:00:00
1876,open,2024-03-19 04:00:00
1876,onboarding_done,2024-03-19 05:00:00
1876,close,2024-04-12 03:00:00
1877,open,2024-03-19 05:00:00
1877,close,2024-04-16 04:00:00
1878,open,2024-03-19 06:00:00
1878,onboarding_done,2024-03-19 07:00:00
1878,close,2024-03-28 05:00:00
1879,open,2024-03-19 07:00:00
1879,onboarding_done,2024-03-19 08:00:00
1879,close,2024-04-04 06:00:00
1880,open,2024-03-19 08:00:00
1880,onboarding_done,2024-03-19 09:00:00
1880,close,2024-03-26 07:00:00
1881,open,2024-03-19 09:00:00
1881,close,2024-04-15 08:00:00
1883,open,2024-03-19 11:00:00
1883,onboarding_done,2024-03-19 12:00:00
1883,close,2024-03-27 10:00:00
1884,open,2024-03-19 12:00:00
1884,onboarding_done,2024-03-19 13:00:00
1884,close,2024-03-22 11:00:00
1884,purchase,2024-03-24 11:00:00
1885,open,2024-03-19 13:00:00
1885,onboarding_done,2024-03-19 14:00:00
1885,purchase,2024-03-26 12:00:00
1885,close,2024-04-01 12:00:00
1886,open,2024-03-19 14:00:00
1886,onboarding_done,2024-03-19 15:00:00
1886,close,2024-04-02 13:00:00
1887,open,2024-03-19 15:00:00
1887,onboarding_done,2024-03-19 16:00:00
1887,close,2024-03-31 14:00:00
1888,open,2024-03-19 16:00:00
1888,close,2024-03-21 15:00:00
1889,open,2024-03-19 17:00:00
1889,onboarding_done,2024-03-19 18:00:00
1889,purchase,2024-04-02 16:00:00
1889,close,2024-04-03 16:00:00
1890,open,2024-03-19 18:00:00
1890,onboarding_done,2024-03-19 19:00:00
1890,close,2024-04-16 17:00:00
1891,open,2024-03-19 19:00:00
1891,onboarding_done,2024-03-19 20:00:00
1891,close,2024-03-25 18:00:00
1892,open,2024-03-19 20:00:00
1892,onboarding_done,2024-03-19 21:00:00
1892,close,2024-04-06 19:00:00
1893,open,2024-03-19 21:00:00
1893,close,2024-04-12 20:00:00
1894,open,2024-03-19 22:00:00
1894,close,2024-04-05 21:00:00
1895,open,2024-03-19 23:00:00
1895,onboarding_done,2024-03-20 00:00:00
1895,close,2024-03-30 22:00:00
1896,open,2024-03-20 00:00:00
1896,close,2024-03-30 23:00:00
1897,open,2024-03-20 01:00:00
1897,onboarding_done,2024-03-20 02:00:00
1897,close,2024-04-13 00:00:00
1898,open,2024-03-20 02:00:00
1898,onboarding_done,2024-03-20 03:00:00
1898,purchase,2024-03-26 01:00:00
1898,close,2024-03-30 01:00:00
1899,open,2024-03-20 03:00:00
1899,onboarding_done,2024-03-20 04:00:00
1899,close,2024-04-15 02:00:00
1900,open,2024-03-20 04:00:00
1900,onboarding_done,2024-03-20 05:00:00
1900,close,2024-03-31 03:00:00
1901,open,2024-03-20 05:00:00
1901,onboarding_done,2024-03-20 06:00:00
1901,close,2024-04-05 04:00:00
1902,open,2024-03-20 06:00:00
1902,onboarding_done,2024-03-20 07:00:00
1902,close,2024-04-05 05:00:00
1903,open,2024-03-20 07:00:00
1903,onboarding_done,2024-03-20 08:00:00
1903,close,2024-04-01 06:00:00
1904,open,2024-03-20 08:00:00
1904,close,2024-03-22 07:00:00
1905,open,2024-03-20 09:00:00
1905,onboarding_done,2024-03-20 10:00:00
1905,close,2024-04-01 08:00:00
1907,open,2024-03-20 11:00:00
1907,close,2024-04-12 10:00:00
1908,open,2024-03-20 12:00:00
1908,onboarding_done,2024-03-20 13:00:00
1908,close,2024-04-18 11:00:00
1909,open,2024-03-20 13:00:00
1909,close,2024-04-01 12:00:00
1910,open,2024-03-20 14:00:00
1910,onboarding_done,2024-03-20 15:00:00
1910,close,2024-04-12 13:00:00
1911,open,2024-03-20 15:00:00
1911,onboarding_done,2024-03-20 16:00:00
1911,purchase,2024-03-30 14:00:00
1911,close,2024-04-01 14:00:00
1912,open,2024-03-20 16:00:00
1912,onboarding_done,2024-03-20 17:00:00
1912,close,2024-04-06 15:00:00
1913,open,2024-03-20 17:00:00
1913,close,2024-04-02 16:00:00
1914,open,2024-03-20 18:00:00
1914,close,2024-03-23 17:00:00
1915,open,2024-03-20 19:00:00
1915,onboarding_done,2024-03-20 20:00:00
1915,close,2024-03-27 18:00:00
1916,open,2024-03-20 20:00:00
1916,onboarding_done,2024-03-20 21:00:00
1916,purchase,2024-03-22 19:00:00
1916,close,2024-03-27 19:00:00
1917,open,2024-03-20 21:00:00
1917,onboarding_done,2024-03-20 22:00:00
1917,purchase,2024-03-28 20:00:00
1917,close,2024-04-15 20:00:00
1918,open,2024-03-20 22:00:00
1918,onboarding_done,2024-03-20 23:00:00
1918,purchase,2024-03-31 21:00:00
1918,close,2024-04-13 21:00:00
1919,open,2024-03-20 23:00:00
1919,close,2024-04-12 22:00:00
1920,open,2024-03-21 00:00:00
1920,onboarding_done,2024-03-21 01:00:00
1920,close,2024-03-27 23:00:00
1920,purchase,2024-03-30 23:00:00
1921,open,2024-03-21 01:00:00
1921,onboarding_done,2024-03-21 02:00:00
1921,purchase,2024-03-22 00:00:00
1921,close,2024-03-28 00:00:00
1922,open,2024-03-21 02:00:00
1922,onboarding_done,2024-03-21 03:00:00
1922,close,2024-04-06 01:00:00
1923,open,2024-03-21 03:00:00
1923,close,2024-04-09 02:00:00
1924,open,2024-03-21 04:00:00
1924,onboarding_done,2024-03-21 05:00:00
1924,purchase,2024-03-30 03:00:00
1924,close,2024-03-30 03:00:00
1925,open,2024-03-21 05:00:00
1925,onboarding_done,2024-03-21 06:00:00
1925,close,2024-04-06 04:00:00
1926,open,2024-03-21 06:00:00
1926,onboarding_done,2024-03-21 07:00:00
1926,close,2024-03-23 05:00:00
1927,open,2024-03-21 07:00:00
1927,onboarding_done,2024-03-21 08:00:00
1927,close,2024-03-23 06:00:00
1928,open,2024-03-21 08:00:00
1928,onboarding_done,2024-03-21 09:00:00
1928,close,2024-04-12 07:00:00
1929,open,2024-03-21 09:00:00
1929,close,2024-03-26 08:00:00
1931,open,2024-03-21 11:00:00
1931,onboarding_done,2024-03-21 12:00:00
1931,close,2024-04-10 10:00:00
1932,open,2024-03-21 12:00:00
1932,close,2024-04-11 11:00:00
1933,open,2024-03-21 13:00:00
1933,close,2024-04-12 12:00:00
1934,open,2024-03-21 14:00:00
1934,onboarding_done,2024-03-21 15:00:00
1934,close,2024-03-29 13:00:00
1935,open,2024-03-21 15:00:00
1935,onboarding_done,2024-03-21 16:00:00
1935,close,2024-04-05 14:00:00
1936,open,2024-03-21 16:00:00
1936,onboarding_done,2024-03-21 17:00:00
1936,purchase,2024-03-22 15:00:00
1936,close,2024-04-04 15:00:00
1937,open,2024-03-21 17:00:00
1937,close,2024-03-22 16:00:00
1938,open,2024-03-21 18:00:00
1938,onboarding_done,2024-03-21 19:00:00
1938,close,2024-04-12 17:00:00
1939,open,2024-03-21 19:00:00
1939,close,2024-03-26 18:00:00
1940,open,2024-03-21 20:00:00
1940,onboarding_done,2024-03-21 21:00:00
1940,close,2024-03-28 19:00:00
1941,open,2024-03-21 21:00:00
1941,onboarding_done,2024-03-21 22:00:00
1941,close,2024-03-27 20:00:00
1941,purchase,2024-04-04 20:00:00
1942,open,2024-03-21 22:00:00
1942,close,2024-03-28 21:00:00
1943,open,2024-03-21 23:00:00
1943,onboarding_done,2024-03-22 00:00:00
1943,close,2024-04-12 22:00:00
1944,open,2024-03-22 00:00:00
1944,close,2024-04-18 23:00:00
1945,open,2024-03-22 01:00:00
1945,close,2024-04-10 00:00:00
1947,open,2024-03-22 03:00:00
1947,onboarding_done,2024-03-22 04:00:00
1947,purchase,2024-03-26 02:00:00
1947,close,2024-03-30 02:00:00
1949,open,2024-03-22 05:00:00
1949,close,2024-04-04 04:00:00
1950,open,2024-03-22 06:00:00
1950,onboarding_done,2024-03-22 07:00:00
1950,close,2024-04-18 05:00:00
1951,open,2024-03-22 07:00:00
1951,close,2024-04-05 06:00:00
1952,open,2024-03-22 08:00:00
1952,onboarding_done,2024-03-22 09:00:00
1952,close,2024-04-06 07:00:00
1953,open,2024-03-22 09:00:00
1953,onboarding_done,2024-03-22 10:00:00
1953,close,2024-03-23 08:00:00
1954,open,2024-03-22 10:00:00
1954,onboarding_done,2024-03-22 11:00:00
1954,close,2024-04-13 09:00:00
1955,open,2024-03-22 11:00:00
1955,onboarding_done,2024-03-22 12:00:00
1955,close,2024-04-10 10:00:00
1956,open,2024-03-22 12:00:00
1956,onboarding_done,2024-03-22 13:00:00
1956,close,2024-04-20 11:00:00
1957,open,2024-03-22 13:00:00
1957,close,2024-04-13 12:00:00
1958,open,2024-03-22 14:00:00
1958,onboarding_done,2024-03-22 15:00:00
1958,close,2024-04-17 13:00:00
1959,open,2024-03-22 15:00:00
1959,onboarding_done,2024-03-22 16:00:00
1959,close,2024-04-14 14:00:00
1960,open,2024-03-22 16:00:00
1960,onboarding_done,2024-03-22 17:00:00
1960,close,2024-03-25 15:00:00
1961,open,2024-03-22 17:00:00
1961,close,2024-04-03 16:00:00
1962,open,2024-03-22 18:00:00
1962,close,2024-04-14 17:00:00
1963,open,2024-03-22 19:00:00
1963,close,2024-04-10 18:00:00
1964,open,2024-03-22 20:00:00
1964,onboarding_done,2024-03-22 21:00:00
1964,close,2024-04-08 19:00:00
1965,open,2024-03-22 21:00:00
1965,onboarding_done,2024-03-22 22:00:00
1965,close,2024-04-03 20:00:00
1966,open,2024-03-22 22:00:00
1966,onboarding_done,2024-03-22 23:00:00
1966,close,2024-04-18 21:00:00
1967,open,2024-03-22 23:00:00
1967,onboarding_done,2024-03-23 00:00:00
1967,close,2024-03-29 22:00:00
1968,open,2024-03-23 00:00:00
1968,onboarding_done,2024-03-23 01:00:00
1968,close,2024-04-18 23:00:00
1969,open,2024-03-23 01:00:00
1969,onboarding_done,2024-03-23 02:00:00
1969,close,2024-03-30 00:00:00
1970,open,2024-03-23 02:00:00
1970,close,2024-04-13 01:00:00
1971,open,2024-03-23 03:00:00
1971,onboarding_done,2024-03-23 04:00:00
1971,close,2024-04-12 02:00:00
1972,open,2024-03-23 04:00:00
1972,onboarding_done,2024-03-23 05:00:00
1972,close,2024-04-06 03:00:00
1973,open,2024-03-23 05:00:00
1973,onboarding_done,2024-03-23 06:00:00
1973,close,2024-04-03 04:00:00
1974,open,2024-03-23 06:00:00
1974,close,2024-04-11 05:00:00
1975,open,2024-03-23 07:00:00
1975,onboarding_done,2024-03-23 08:00:00
1975,close,2024-04-14 06:00:00
1976,open,2024-03-23 08:00:00
1976,onboarding_done,2024-03-23 09:00:00
1976,close,2024-03-25 07:00:00
1976,purchase,2024-03-26 07:00:00
1977,open,2024-03-23 09:00:00
1977,onboarding_done,2024-03-23 10:00:00
1977,close,2024-04-06 08:00:00
1978,open,2024-03-23 10:00:00
1978,onboarding_done,2024-03-23 11:00:00
1978,close,2024-03-24 09:00:00
1979,open,2024-03-23 11:00:00
1979,onboarding_done,2024-03-23 12:00:00
1979,purchase,2024-03-28 10:00:00
1979,close,2024-04-17 10:00:00
1980,open,2024-03-23 12:00:00
1980,close,2024-04-11 11:00:00
1981,open,2024-03-23 13:00:00
1981,close,2024-04-19 12:00:00
1982,open,2024-03-23 14:00:00
1982,onboarding_done,2024-03-23 15:00:00
1982,purchase,2024-04-05 13:00:00
1982,close,2024-04-12 13:00:00
1983,open,2024-03-23 15:00:00
1983,onboarding_done,2024-03-23 16:00:00
1983,close,2024-04-12 14:00:00
1984,open,2024-03-23 16:00:00
1984,onboarding_done,2024-03-23 17:00:00
1984,close,2024-04-10 15:00:00
1985,open,2024-03-23 17:00:00
1985,close,2024-04-17 16:00:00
1986,open,2024-03-23 18:00:00
1986,onboarding_done,2024-03-23 19:00:00
1986,close,2024-04-01 17:00:00
1987,open,2024-03-23 19:00:00
1987,onboarding_done,2024-03-23 20:00:00
1987,purchase,2024-03-24 18:00:00
1987,close,2024-04-21 18:00:00
1988,open,2024-03-23 20:00:00
1988,close,2024-04-17 19:00:00
1989,open,2024-03-23 21:00:00
1989,onboarding_done,2024-03-23 22:00:00
1989,purchase,2024-03-26 20:00:00
1989,close,2024-04-02 20:00:00
1990,open,2024-03-23 22:00:00
1990,close,2024-04-11 21:00:00
1991,open,2024-03-23 23:00:00
1991,close,2024-04-20 22:00:00
1992,open,2024-03-24 00:00:00
1992,onboarding_done,2024-03-24 01:00:00
1992,close,2024-04-06 23:00:00
1993,open,2024-03-24 01:00:00
1993,close,2024-03-26 00:00:00
1994,open,2024-03-24 02:00:00
1994,onboarding_done,2024-03-24 03:00:00
1994,close,2024-04-18 01:00:00
1995,open,2024-03-24 03:00:00
1995,close,2024-04-21 02:00:00
1996,open,2024-03-24 04:00:00
1996,close,2024-04-17 03:00:00
1997,open,2024-03-24 05:00:00
1997,onboarding_done,2024-03-24 06:00:00
1997,close,2024-04-21 04:00:00
1999,open,2024-03-24 07:00:00
1999,onboarding_done,2024-03-24 08:00:00
1999,close,2024-03-31 06:00:00
1999,purchase,2024-04-06 06:00:00
2000,open,2024-03-24 08:00:00
2000,close,2024-03-29 07:00:00
2001,open,2024-03-24 09:00:00
2001,onboarding_done,2024-03-24 10:00:00
2001,close,2024-04-18 08:00:00
2002,open,2024-03-24 10:00:00
2002,onboarding_done,2024-03-24 11:00:00
2002,close,2024-04-07 09:00:00
2003,open,2024-03-24 11:00:00
2003,onboarding_done,2024-03-24 12:00:00
2003,close,2024-04-17 10:00:00
2004,open,2024-03-24 12:00:00
2004,close,2024-04-04 11:00:00
2005,open,2024-03-24 13:00:00
2005,close,2024-04-09 12:00:00
2006,open,2024-03-24 14:00:00
2006,close,2024-03-31 13:00:00
2007,open,2024-03-24 15:00:00
2007,onboarding_done,2024-03-24 16:00:00
2007,close,2024-03-29 14:00:00
2008,open,2024-03-24 16:00:00
2008,onboarding_done,2024-03-24 17:00:00
2008,purchase,2024-03-26 15:00:00
2008,close,2024-04-20 15:00:00
2009,open,2024-03-24 17:00:00
2009,onboarding_done,2024-03-24 18:00:00
2009,close,2024-04-03 16:00:00
2010,open,2024-03-24 18:00:00
2010,onboarding_done,2024-03-24 19:00:00
2010,close,2024-04-22 17:00:00
2011,open,2024-03-24 19:00:00
2011,close,2024-04-09 18:00:00
2012,open,2024-03-24 20:00:00
2012,onboarding_done,2024-03-24 21:00:00
2012,close,2024-04-10 19:00:00
2013,open,2024-03-24 21:00:00
2013,close,2024-04-10 20:00:00
2014,open,2024-03-24 22:00:00
2014,onboarding_done,2024-03-24 23:00:00
2014,close,2024-03-31 21:00:00
2015,open,2024-03-24 23:00:00
2015,onboarding_done,2024-03-25 00:00:00
2015,close,2024-04-10 22:00:00
2016,open,2024-03-25 00:00:00
2016,close,2024-04-20 23:00:00
2017,open,2024-03-25 01:00:00
2017,close,2024-04-23 00:00:00
2018,open,2024-03-25 02:00:00
2018,onboarding_done,2024-03-25 03:00:00
2018,close,2024-04-10 01:00:00
2019,open,2024-03-25 03:00:00
2019,close,2024-04-10 02:00:00
2020,open,2024-03-25 04:00:00
2020,onboarding_done,2024-03-25 05:00:00
2020,close,2024-04-16 03:00:00
2021,open,2024-03-25 05:00:00
2021,onboarding_done,2024-03-25 06:00:00
2021,close,2024-04-01 04:00:00
2022,open,2024-03-25 06:00:00
2022,close,2024-04-02 05:00:00
2023,open,2024-03-25 07:00:00
2023,onboarding_done,2024-03-25 08:00:00
2023,close,2024-04-03 06:00:00
2024,open,2024-03-25 08:00:00
2024,onboarding_done,2024-03-25 09:00:00
2024,purchase,2024-03-30 07:00:00
2024,close,2024-04-13 07:00:00
2025,open,2024-03-25 09:00:00
2025,onboarding_done,2024-03-25 10:00:00
2025,close,2024-04-19 08:00:00
2026,open,2024-03-25 10:00:00
2026,onboarding_done,2024-03-25 11:00:00
2026,close,2024-04-21 09:00:00
2027,open,2024-03-25 11:00:00
2027,onboarding_done,2024-03-25 12:00:00
2027,close,2024-04-21 10:00:00
2028,open,2024-03-25 12:00:00
2028,onboarding_done,2024-03-25 13:00:00
2028,close,2024-03-31 11:00:00
2029,open,2024-03-25 13:00:00
2029,onboarding_done,2024-03-25 14:00:00
2029,close,2024-04-05 12:00:00
2030,open,2024-03-25 14:00:00
2030,close,2024-04-06 13:00:00
2031,open,2024-03-25 15:00:00
2031,onboarding_done,2024-03-25 16:00:00
2031,close,2024-04-11 14:00:00
2032,open,2024-03-25 16:00:00
2032,onboarding_done,2024-03-25 17:00:00
2032,close,2024-04-11 15:00:00
2033,open,2024-03-25 17:00:00
2033,onboarding_done,2024-03-25 18:00:00
2033,close,2024-04-19 16:00:00
2034,open,2024-03-25 18:00:00
2034,onboarding_done,2024-03-25 19:00:00
2034,close,2024-04-14 17:00:00
2035,open,2024-03-25 19:00:00
2035,onboarding_done,2024-03-25 20:00:00
2035,purchase,2024-03-30 18:00:00
2035,close,2024-04-17 18:00:00
2036,open,2024-03-25 20:00:00
2036,onboarding_done,2024-03-25 21:00:00
2036,close,2024-04-12 19:00:00
2037,open,2024-03-25 21:00:00
2037,close,2024-04-21 20:00:00
2038,open,2024-03-25 22:00:00
2038,onboarding_done,2024-03-25 23:00:00
2038,close,2024-04-09 21:00:00
2039,open,2024-03-25 23:00:00
2039,onboarding_done,2024-03-26 00:00:00
2039,close,2024-04-11 22:00:00
2040,open,2024-03-26 00:00:00
2040,onboarding_done,2024-03-26 01:00:00
2040,close,2024-04-18 23:00:00
2041,open,2024-03-26 01:00:00
2041,onboarding_done,2024-03-26 02:00:00
2041,close,2024-04-17 00:00:00
2042,open,2024-03-26 02:00:00
2042,onboarding_done,2024-03-26 03:00:00
2042,close,2024-04-02 01:00:00
2042,purchase,2024-04-09 01:00:00
2043,open,2024-03-26 03:00:00
2043,onboarding_done,2024-03-26 04:00:00
2043,close,2024-04-04 02:00:00
2044,open,2024-03-26 04:00:00
2044,onboarding_done,2024-03-26 05:00:00
2044,close,2024-03-27 03:00:00
2044,purchase,2024-04-09 03:00:00
2045,open,2024-03-26 05:00:00
2045,close,2024-04-06 04:00:00
2046,open,2024-03-26 06:00:00
2046,onboarding_done,2024-03-26 07:00:00
2046,close,2024-03-28 05:00:00
2047,open,2024-03-26 07:00:00
2047,onboarding_done,2024-03-26 08:00:00
2047,close,2024-04-06 06:00:00
2048,open,2024-03-26 08:00:00
2048,close,2024-04-04 07:00:00
2049,open,2024-03-26 09:00:00
2049,onboarding_done,2024-03-26 10:00:00
2049,close,2024-04-05 08:00:00
2050,open,2024-03-26 10:00:00
2050,close,2024-04-19 09:00:00
2051,open,2024-03-26 11:00:00
2051,onboarding_done,2024-03-26 12:00:00
2051,close,2024-04-15 10:00:00
2052,open,2024-03-26 12:00:00
2052,onboarding_done,2024-03-26 13:00:00
2052,close,2024-04-03 11:00:00
2053,open,2024-03-26 13:00:00
2053,onboarding_done,2024-03-26 14:00:00
2053,close,2024-04-17 12:00:00
2054,open,2024-03-26 14:00:00
2054,close,2024-04-16 13:00:00
2055,open,2024-03-26 15:00:00
2055,onboarding_done,2024-03-26 16:00:00
2055,close,2024-04-13 14:00:00
2057,open,2024-03-26 17:00:00
2057,onboarding_done,2024-03-26 18:00:00
2057,purchase,2024-03-31 16:00:00
2057,close,2024-04-14 16:00:00
2058,open,2024-03-26 18:00:00
2058,close,2024-04-19 17:00:00
2059,open,2024-03-26 19:00:00
2059,onboarding_done,2024-03-26 20:00:00
2059,close,2024-04-07 18:00:00
2060,open,2024-03-26 20:00:00
2060,onboarding_done,2024-03-26 21:00:00
2060,close,2024-04-08 19:00:00
2061,open,2024-03-26 21:00:00
2061,onboarding_done,2024-03-26 22:00:00
2061,purchase,2024-03-28 20:00:00
2061,close,2024-04-14 20:00:00
2062,open,2024-03-26 22:00:00
2062,onboarding_done,2024-03-26 23:00:00
2062,close,2024-04-01 21:00:00
2063,open,2024-03-26 23:00:00
2063,onboarding_done,2024-03-27 00:00:00
2063,close,2024-04-01 22:00:00
2064,open,2024-03-27 00:00:00
2064,onboarding_done,2024-03-27 01:00:00
2064,close,2024-03-30 23:00:00
2065,open,2024-03-27 01:00:00
2065,onboarding_done,2024-03-27 02:00:00
2065,close,2024-04-17 00:00:00
2066,open,2024-03-27 02:00:00
2066,onboarding_done,2024-03-27 03:00:00
2066,close,2024-04-23 01:00:00
2067,open,2024-03-27 03:00:00
2067,close,2024-03-31 02:00:00
2068,open,2024-03-27 04:00:00
2068,close,2024-04-02 03:00:00
2069,open,2024-03-27 05:00:00
2069,onboarding_done,2024-03-27 06:00:00
2069,close,2024-04-11 04:00:00
2070,open,2024-03-27 06:00:00
2070,onboarding_done,2024-03-27 07:00:00
2070,close,2024-04-11 05:00:00
2071,open,2024-03-27 07:00:00
2071,onboarding_done,2024-03-27 08:00:00
2071,close,2024-04-14 06:00:00
2072,open,2024-03-27 08:00:00
2072,onboarding_done,2024-03-27 09:00:00
2072,close,2024-03-30 07:00:00
2073,open,2024-03-27 09:00:00
2073,close,2024-04-10 08:00:00
2074,open,2024-03-27 10:00:00
2074,onboarding_done,2024-03-27 11:00:00
2074,purchase,2024-03-31 09:00:00
2074,close,2024-04-09 09:00:00
2075,open,2024-03-27 11:00:00
2075,onboarding_done,2024-03-27 12:00:00
2075,close,2024-04-12 10:00:00
2076,open,2024-03-27 12:00:00
2076,close,2024-04-25 11:00:00
2077,open,2024-03-27 13:00:00
2077,onboarding_done,2024-03-27 14:00:00
2077,close,2024-04-07 12:00:00
2078,open,2024-03-27 14:00:00
2078,onboarding_done,2024-03-27 15:00:00
2078,close,2024-04-06 13:00:00
2079,open,2024-03-27 15:00:00
2079,close,2024-04-07 14:00:00
2080,open,2024-03-27 16:00:00
2080,onboarding_done,2024-03-27 17:00:00
2080,purchase,2024-03-30 15:00:00
2080,close,2024-04-03 15:00:00
2081,open,2024-03-27 17:00:00
2081,close,2024-04-13 16:00:00
2082,open,2024-03-27 18:00:00
2082,close,2024-04-17 17:00:00
2083,open,2024-03-27 19:00:00
2083,onboarding_done,2024-03-27 20:00:00
2083,close,2024-04-01 18:00:00
2084,open,2024-03-27 20:00:00
2084,onboarding_done,2024-03-27 21:00:00
2084,close,2024-04-19 19:00:00
2085,open,2024-03-27 21:00:00
2085,onboarding_done,2024-03-27 22:00:00
2085,close,2024-04-04 20:00:00
2086,open,2024-03-27 22:00:00
2086,onboarding_done,2024-03-27 23:00:00
2086,close,2024-04-08 21:00:00
2087,open,2024-03-27 23:00:00
2087,close,2024-04-03 22:00:00
2088,open,2024-03-28 00:00:00
2088,close,2024-04-14 23:00:00
2089,open,2024-03-28 01:00:00
2089,onboarding_done,2024-03-28 02:00:00
2089,close,2024-04-20 00:00:00
2090,open,2024-03-28 02:00:00
2090,onboarding_done,2024-03-28 03:00:00
2090,close,2024-04-25 01:00:00
2091,open,2024-03-28 03:00:00
2091,close,2024-04-05 02:00:00
2092,open,2024-03-28 04:00:00
2092,close,2024-04-10 03:00:00
2093,open,2024-03-28 05:00:00
2093,onboarding_done,2024-03-28 06:00:00
2093,close,2024-04-06 04:00:00
2094,open,2024-03-28 06:00:00
2094,onboarding_done,2024-03-28 07:00:00
2094,purchase,2024-04-11 05:00:00
2094,close,2024-04-17 05:00:00
2095,open,2024-03-28 07:00:00
2095,onboarding_done,2024-03-28 08:00:00
2095,close,2024-04-06 06:00:00
2096,open,2024-03-28 08:00:00
2096,onboarding_done,2024-03-28 09:00:00
2096,close,2024-04-08 07:00:00
2097,open,2024-03-28 09:00:00
2097,onboarding_done,2024-03-28 10:00:00
2097,close,2024-04-24 08:00:00
2098,open,2024-03-28 10:00:00
2098,onboarding_done,2024-03-28 11:00:00
2098,close,2024-04-25 09:00:00
2099,open,2024-03-28 11:00:00
2099,onboarding_done,2024-03-28 12:00:00
2099,close,2024-04-14 10:00:00
2100,open,2024-03-28 12:00:00
2100,close,2024-04-25 11:00:00
2101,open,2024-03-28 13:00:00
2101,onboarding_done,2024-03-28 14:00:00
2101,close,2024-04-05 12:00:00
2102,open,2024-03-28 14:00:00
2102,close,2024-03-31 13:00:00
2103,open,2024-03-28 15:00:00
2103,onboarding_done,2024-03-28 16:00:00
2103,close,2024-04-13 14:00:00
2104,open,2024-03-28 16:00:00
2104,onboarding_done,2024-03-28 17:00:00
2104,purchase,2024-03-30 15:00:00
2104,close,2024-04-01 15:00:00
2105,open,2024-03-28 17:00:00
2105,onboarding_done,2024-03-28 18:00:00
2105,close,2024-03-29 16:00:00
2106,open,2024-03-28 18:00:00
2106,onboarding_done,2024-03-28 19:00:00
2106,purchase,2024-04-10 17:00:00
2106,close,2024-04-19 17:00:00
2107,open,2024-03-28 19:00:00
2107,onboarding_done,2024-03-28 20:00:00
2107,close,2024-04-24 18:00:00
2108,open,2024-03-28 20:00:00
2108,onboarding_done,2024-03-28 21:00:00
2108,close,2024-04-19 19:00:00
2109,open,2024-03-28 21:00:00
2109,onboarding_done,2024-03-28 22:00:00
2109,purchase,2024-04-03 20:00:00
2109,close,2024-04-13 20:00:00
2110,open,2024-03-28 22:00:00
2110,onboarding_done,2024-03-28 23:00:00
2110,purchase,2024-04-06 21:00:00
2110,close,2024-04-21 21:00:00
2111,open,2024-03-28 23:00:00
2111,onboarding_done,2024-03-29 00:00:00
2111,close,2024-04-23 22:00:00
2112,open,2024-03-29 00:00:00
2112,close,2024-04-20 23:00:00
2113,open,2024-03-29 01:00:00
2113,close,2024-04-15 00:00:00
2114,open,2024-03-29 02:00:00
2114,onboarding_done,2024-03-29 03:00:00
2114,close,2024-04-25 01:00:00
2115,open,2024-03-29 03:00:00
2115,onboarding_done,2024-03-29 04:00:00
2115,purchase,2024-03-30 02:00:00
2115,close,2024-04-23 02:00:00
2117,open,2024-03-29 05:00:00
2117,close,2024-04-21 04:00:00
2118,open,2024-03-29 06:00:00
2118,close,2024-04-20 05:00:00
2119,open,2024-03-29 07:00:00
2119,onboarding_done,2024-03-29 08:00:00
2119,close,2024-03-31 06:00:00
2119,purchase,2024-04-03 06:00:00
2120,open,2024-03-29 08:00:00
2120,onboarding_done,2024-03-29 09:00:00
2120,close,2024-04-25 07:00:00
2121,open,2024-03-29 09:00:00
2121,onboarding_done,2024-03-29 10:00:00
2121,close,2024-04-06 08:00:00
2122,open,2024-03-29 10:00:00
2122,onboarding_done,2024-03-29 11:00:00
2122,close,2024-04-13 09:00:00
2123,open,2024-03-29 11:00:00
2123,close,2024-04-14 10:00:00
2124,open,2024-03-29 12:00:00
2124,close,2024-04-13 11:00:00
2125,open,2024-03-29 13:00:00
2125,onboarding_done,2024-03-29 14:00:00
2125,close,2024-04-05 12:00:00
2126,open,2024-03-29 14:00:00
2126,onboarding_done,2024-03-29 15:00:00
2126,close,2024-04-20 13:00:00
2127,open,2024-03-29 15:00:00
2127,onboarding_done,2024-03-29 16:00:00
2127,close,2024-04-02 14:00:00
2128,open,2024-03-29 16:00:00
2128,close,2024-04-23 15:00:00
2129,open,2024-03-29 17:00:00
2129,onboarding_done,2024-03-29 18:00:00
2129,close,2024-04-25 16:00:00
2130,open,2024-03-29 18:00:00
2130,onboarding_done,2024-03-29 19:00:00
2130,close,2024-04-14 17:00:00
2131,open,2024-03-29 19:00:00
2131,onboarding_done,2024-03-29 20:00:00
2131,close,2024-04-06 18:00:00
2131,purchase,2024-04-12 18:00:00
2132,open,2024-03-29 20:00:00
2132,onboarding_done,2024-03-29 21:00:00
2132,close,2024-04-03 19:00:00
2133,open,2024-03-29 21:00:00
2133,onboarding_done,2024-03-29 22:00:00
2133,close,2024-04-20 20:00:00
2134,open,2024-03-29 22:00:00
2134,close,2024-04-13 21:00:00
2135,open,2024-03-29 23:00:00
2135,close,2024-04-19 22:00:00
2136,open,2024-03-30 00:00:00
2136,onboarding_done,2024-03-30 01:00:00
2136,close,2024-04-12 23:00:00
2137,open,2024-03-30 01:00:00
2137,onboarding_done,2024-03-30 02:00:00
2137,purchase,2024-04-07 00:00:00
2137,close,2024-04-18 00:00:00
2138,open,2024-03-30 02:00:00
2138,close,2024-04-27 01:00:00
2139,open,2024-03-30 03:00:00
2139,onboarding_done,2024-03-30 04:00:00
2139,close,2024-04-08 02:00:00
2140,open,2024-03-30 04:00:00
2140,close,2024-04-09 03:00:00
2141,open,2024-03-30 05:00:00
2141,onboarding_done,2024-03-30 06:00:00
2141,purchase,2024-03-31 04:00:00
2141,close,2024-04-03 04:00:00
2142,open,2024-03-30 06:00:00
2142,onboarding_done,2024-03-30 07:00:00
2142,purchase,2024-03-31 05:00:00
2142,close,2024-04-09 05:00:00
2143,open,2024-03-30 07:00:00
2143,close,2024-04-06 06:00:00
2144,open,2024-03-30 08:00:00
2144,onboarding_done,2024-03-30 09:00:00
2144,purchase,2024-04-02 07:00:00
2144,close,2024-04-10 07:00:00
2145,open,2024-03-30 09:00:00
2145,onboarding_done,2024-03-30 10:00:00
2145,close,2024-04-05 08:00:00
2146,open,2024-03-30 10:00:00
2146,onboarding_done,2024-03-30 11:00:00
2146,close,2024-04-07 09:00:00
2146,purchase,2024-04-10 09:00:00
2147,open,2024-03-30 11:00:00
2147,onboarding_done,2024-03-30 12:00:00
2147,close,2024-04-22 10:00:00
2148,open,2024-03-30 12:00:00
2148,onboarding_done,2024-03-30 13:00:00
2148,close,2024-04-02 11:00:00
2149,open,2024-03-30 13:00:00
2149,onboarding_done,2024-03-30 14:00:00
2149,close,2024-04-09 12:00:00
2150,open,2024-03-30 14:00:00
2150,onboarding_done,2024-03-30 15:00:00
2150,close,2024-04-21 13:00:00
2151,open,2024-03-30 15:00:00
2151,onboarding_done,2024-03-30 16:00:00
2151,close,2024-04-11 14:00:00
2152,open,2024-03-30 16:00:00
2152,close,2024-04-21 15:00:00
2153,open,2024-03-30 17:00:00
2153,onboarding_done,2024-03-30 18:00:00
2153,close,2024-04-13 16:00:00
2154,open,2024-03-30 18:00:00
2154,onboarding_done,2024-03-30 19:00:00
2154,purchase,2024-04-08 17:00:00
2154,close,2024-04-14 17:00:00
2155,open,2024-03-30 19:00:00
2155,onboarding_done,2024-03-30 20:00:00
2155,close,2024-04-06 18:00:00
2156,open,2024-03-30 20:00:00
2156,onboarding_done,2024-03-30 21:00:00
2156,close,2024-04-05 19:00:00
2157,open,2024-03-30 21:00:00
2157,onboarding_done,2024-03-30 22:00:00
2157,close,2024-04-07 20:00:00
2158,open,2024-03-30 22:00:00
2158,close,2024-04-03 21:00:00
2159,open,2024-03-30 23:00:00
2159,onboarding_done,2024-03-31 00:00:00
2159,close,2024-03-31 22:00:00
2160,open,2024-03-31 00:00:00
2160,onboarding_done,2024-03-31 01:00:00
2160,close,2024-04-21 23:00:00
2161,open,2024-03-31 01:00:00
2161,onboarding_done,2024-03-31 02:00:00
2161,close,2024-04-12 00:00:00
2162,open,2024-03-31 02:00:00
2162,onboarding_done,2024-03-31 03:00:00
2162,close,2024-04-21 01:00:00
2163,open,2024-03-31 03:00:00
2163,onboarding_done,2024-03-31 04:00:00
2163,close,2024-04-13 02:00:00
2164,open,2024-03-31 04:00:00
2164,onboarding_done,2024-03-31 05:00:00
2164,close,2024-04-13 03:00:00
2165,open,2024-03-31 05:00:00
2165,onboarding_done,2024-03-31 06:00:00
2165,close,2024-04-05 04:00:00
2166,open,2024-03-31 06:00:00
2166,onboarding_done,2024-03-31 07:00:00
2166,purchase,2024-04-11 05:00:00
2166,close,2024-04-20 05:00:00
2167,open,2024-03-31 07:00:00
2167,onboarding_done,2024-03-31 08:00:00
2167,close,2024-04-01 06:00:00
2167,purchase,2024-04-07 06:00:00
2168,open,2024-03-31 08:00:00
2168,close,2024-04-18 07:00:00
2169,open,2024-03-31 09:00:00
2169,onboarding_done,2024-03-31 10:00:00
2169,close,2024-04-06 08:00:00
2170,open,2024-03-31 10:00:00
2170,onboarding_done,2024-03-31 11:00:00
2170,close,2024-04-09 09:00:00
2171,open,2024-03-31 11:00:00
2171,onboarding_done,2024-03-31 12:00:00
2171,close,2024-04-09 10:00:00
2172,open,2024-03-31 12:00:00
2172,onboarding_done,2024-03-31 13:00:00
2172,purchase,2024-04-02 11:00:00
2172,close,2024-04-11 11:00:00
2173,open,2024-03-31 13:00:00
2173,onboarding_done,2024-03-31 14:00:00
2173,close,2024-04-21 12:00:00
2174,open,2024-03-31 14:00:00
2174,onboarding_done,2024-03-31 15:00:00
2174,purchase,2024-04-03 13:00:00
2174,close,2024-04-20 13:00:00
2175,open,2024-03-31 15:00:00
2175,onboarding_done,2024-03-31 16:00:00
2175,purchase,2024-04-14 14:00:00
2175,close,2024-04-18 14:00:00
2176,open,2024-03-31 16:00:00
2176,onboarding_done,2024-03-31 17:00:00
2176,close,2024-04-02 15:00:00
2177,open,2024-03-31 17:00:00
2177,onboarding_done,2024-03-31 18:00:00
2177,close,2024-04-10 16:00:00
2178,open,2024-03-31 18:00:00
2178,onboarding_done,2024-03-31 19:00:00
2178,close,2024-04-13 17:00:00
2178,purchase,2024-04-14 17:00:00
2179,open,2024-03-31 19:00:00
2179,onboarding_done,2024-03-31 20:00:00
2179,close,2024-04-03 18:00:00
2180,open,2024-03-31 20:00:00
2180,onboarding_done,2024-03-31 21:00:00
2180,close,2024-04-13 19:00:00
2181,open,2024-03-31 21:00:00
2181,onboarding_done,2024-03-31 22:00:00
2181,close,2024-04-24 20:00:00
2182,open,2024-03-31 22:00:00
2182,onboarding_done,2024-03-31 23:00:00
2182,close,2024-04-26 21:00:00
2183,open,2024-03-31 23:00:00
2183,close,2024-04-19 22:00:00
2184,open,2024-04-01 00:00:00
2184,onboarding_done,2024-04-01 01:00:00
2184,purchase,2024-04-07 23:00:00
2184,close,2024-04-26 23:00:00
2186,open,2024-04-01 02:00:00
2186,close,2024-04-20 01:00:00
2187,open,2024-04-01 03:00:00
2187,close,2024-04-24 02:00:00
2188,open,2024-04-01 04:00:00
2188,onboarding_done,2024-04-01 05:00:00
2188,close,2024-04-04 03:00:00
2188,purchase,2024-04-07 03:00:00
2189,open,2024-04-01 05:00:00
2189,close,2024-04-05 04:00:00
2190,open,2024-04-01 06:00:00
2190,onboarding_done,2024-04-01 07:00:00
2190,close,2024-04-17 05:00:00
2191,open,2024-04-01 07:00:00
2191,close,2024-04-20 06:00:00
2193,open,2024-04-01 09:00:00
2193,onboarding_done,2024-04-01 10:00:00
2193,purchase,2024-04-07 08:00:00
2193,close,2024-04-15 08:00:00
2194,open,2024-04-01 10:00:00
2194,close,2024-04-11 09:00:00
2195,open,2024-04-01 11:00:00
2195,onboarding_done,2024-04-01 12:00:00
2195,close,2024-04-06 10:00:00
2196,open,2024-04-01 12:00:00
2196,onboarding_done,2024-04-01 13:00:00
2196,close,2024-04-26 11:00:00
2197,open,2024-04-01 13:00:00
2197,close,2024-04-30 12:00:00
2198,open,2024-04-01 14:00:00
2198,close,2024-04-06 13:00:00
2199,open,2024-04-01 15:00:00
2199,close,2024-04-29 14:00:00
2200,open,2024-04-01 16:00:00
2200,onboarding_done,2024-04-01 17:00:00
2200,close,2024-04-22 15:00:00
2201,open,2024-04-01 17:00:00
2201,close,2024-04-03 16:00:00
2202,open,2024-04-01 18:00:00
2202,close,2024-04-11 17:00:00
2204,open,2024-04-01 20:00:00
2204,close,2024-04-22 19:00:00
2205,open,2024-04-01 21:00:00
2205,onboarding_done,2024-04-01 22:00:00
2205,close,2024-04-09 20:00:00
2206,open,2024-04-01 22:00:00
2206,onboarding_done,2024-04-01 23:00:00
2206,close,2024-04-25 21:00:00
2207,open,2024-04-01 23:00:00
2207,close,2024-04-05 22:00:00
2208,open,2024-04-02 00:00:00
2208,onboarding_done,2024-04-02 01:00:00
2208,close,2024-04-27 23:00:00
2209,open,2024-04-02 01:00:00
2209,onboarding_done,2024-04-02 02:00:00
2209,close,2024-04-04 00:00:00
2209,purchase,2024-04-10 00:00:00
2210,open,2024-04-02 02:00:00
2210,onboarding_done,2024-04-02 03:00:00
2210,purchase,2024-04-06 01:00:00
2210,close,2024-04-29 01:00:00
2211,open,2024-04-02 03:00:00
2211,close,2024-04-05 02:00:00
2212,open,2024-04-02 04:00:00
2212,onboarding_done,2024-04-02 05:00:00
2212,close,2024-04-19 03:00:00
2213,open,2024-04-02 05:00:00
2213,onboarding_done,2024-04-02 06:00:00
2213,close,2024-04-20 04:00:00
2214,open,2024-04-02 06:00:00
2214,onboarding_done,2024-04-02 07:00:00
2214,purchase,2024-04-10 05:00:00
2214,close,2024-04-14 05:00:00
2215,open,2024-04-02 07:00:00
2215,onboarding_done,2024-04-02 08:00:00
2215,close,2024-04-26 06:00:00
2216,open,2024-04-02 08:00:00
2216,onboarding_done,2024-04-02 09:00:00
2216,close,2024-04-26 07:00:00
2217,open,2024-04-02 09:00:00
2217,close,2024-04-10 08:00:00
2218,open,2024-04-02 10:00:00
2218,onboarding_done,2024-04-02 11:00:00
2218,close,2024-04-26 09:00:00
2219,open,2024-04-02 11:00:00
2219,close,2024-05-01 10:00:00
2220,open,2024-04-02 12:00:00
2220,close,2024-04-08 11:00:00
2221,open,2024-04-02 13:00:00
2221,onboarding_done,2024-04-02 14:00:00
2221,close,2024-04-27 12:00:00
2222,open,2024-04-02 14:00:00
2222,close,2024-04-21 13:00:00
2223,open,2024-04-02 15:00:00
2223,onboarding_done,2024-04-02 16:00:00
2223,close,2024-04-18 14:00:00
2225,open,2024-04-02 17:00:00
2225,close,2024-04-07 16:00:00
2226,open,2024-04-02 18:00:00
2226,onboarding_done,2024-04-02 19:00:00
2226,close,2024-04-11 17:00:00
2227,open,2024-04-02 19:00:00
2227,onboarding_done,2024-04-02 20:00:00
2227,close,2024-04-11 18:00:00
2228,open,2024-04-02 20:00:00
2228,close,2024-04-09 19:00:00
2229,open,2024-04-02 21:00:00
2229,close,2024-04-22 20:00:00
2230,open,2024-04-02 22:00:00
2230,onboarding_done,2024-04-02 23:00:00
2230,close,2024-04-14 21:00:00
2231,open,2024-04-02 23:00:00
2231,onboarding_done,2024-04-03 00:00:00
2231,close,2024-04-06 22:00:00
2232,open,2024-04-03 00:00:00
2232,close,2024-04-07 23:00:00
2233,open,2024-04-03 01:00:00
2233,close,2024-04-25 00:00:00
2234,open,2024-04-03 02:00:00
2234,close,2024-04-28 01:00:00
2235,open,2024-04-03 03:00:00
2235,onboarding_done,2024-04-03 04:00:00
2235,close,2024-04-24 02:00:00
2236,open,2024-04-03 04:00:00
2236,onboarding_done,2024-04-03 05:00:00
2236,close,2024-04-28 03:00:00
2237,open,2024-04-03 05:00:00
2237,onboarding_done,2024-04-03 06:00:00
2237,purchase,2024-04-09 04:00:00
2237,close,2024-04-29 04:00:00
2238,open,2024-04-03 06:00:00
2238,close,2024-04-12 05:00:00
2239,open,2024-04-03 07:00:00
2239,onboarding_done,2024-04-03 08:00:00
2239,close,2024-04-05 06:00:00
2240,open,2024-04-03 08:00:00
2240,close,2024-04-11 07:00:00
2241,open,2024-04-03 09:00:00
2241,onboarding_done,2024-04-03 10:00:00
2241,close,2024-04-18 08:00:00
2242,open,2024-04-03 10:00:00
2242,onboarding_done,2024-04-03 11:00:00
2242,close,2024-04-22 09:00:00
2243,open,2024-04-03 11:00:00
2243,onboarding_done,2024-04-03 12:00:00
2243,close,2024-04-18 10:00:00
2244,open,2024-04-03 12:00:00
2244,onboarding_done,2024-04-03 13:00:00
2244,purchase,2024-04-08 11:00:00
2244,close,2024-04-28 11:00:00
2245,open,2024-04-03 13:00:00
2245,onboarding_done,2024-04-03 14:00:00
2245,purchase,2024-04-08 12:00:00
2245,close,2024-04-10 12:00:00
2246,open,2024-04-03 14:00:00
2246,onboarding_done,2024-04-03 15:00:00
2246,purchase,2024-04-10 13:00:00
2246,close,2024-04-18 13:00:00
2248,open,2024-04-03 16:00:00
2248,onboarding_done,2024-04-03 17:00:00
2248,close,2024-04-16 15:00:00
2249,open,2024-04-03 17:00:00
2249,onboarding_done,2024-04-03 18:00:00
2249,close,2024-04-20 16:00:00
2250,open,2024-04-03 18:00:00
2250,close,2024-04-30 17:00:00
2251,open,2024-04-03 19:00:00
2251,close,2024-05-01 18:00:00
2252,open,2024-04-03 20:00:00
2252,onboarding_done,2024-04-03 21:00:00
2252,close,2024-04-17 19:00:00
2253,open,2024-04-03 21:00:00
2253,close,2024-04-17 20:00:00
2255,open,2024-04-03 23:00:00
2255,onboarding_done,2024-04-04 00:00:00
2255,close,2024-04-04 22:00:00
2256,open,2024-04-04 00:00:00
2256,onboarding_done,2024-04-04 01:00:00
2256,close,2024-04-20 23:00:00
2257,open,2024-04-04 01:00:00
2257,onboarding_done,2024-04-04 02:00:00
2257,close,2024-05-03 00:00:00
2258,open,2024-04-04 02:00:00
2258,onboarding_done,2024-04-04 03:00:00
2258,close,2024-04-18 01:00:00
2259,open,2024-04-04 03:00:00
2259,onboarding_done,2024-04-04 04:00:00
2259,close,2024-04-28 02:00:00
2260,open,2024-04-04 04:00:00
2260,onboarding_done,2024-04-04 05:00:00
2260,close,2024-04-06 03:00:00
2260,purchase,2024-04-13 03:00:00
2261,open,2024-04-04 05:00:00
2261,onboarding_done,2024-04-04 06:00:00
2261,purchase,2024-04-08 04:00:00
2261,close,2024-04-25 04:00:00
2262,open,2024-04-04 06:00:00
2262,close,2024-04-27 05:00:00
2263,open,2024-04-04 07:00:00
2263,onboarding_done,2024-04-04 08:00:00
2263,close,2024-04-08 06:00:00
2263,purchase,2024-04-15 06:00:00
2264,open,2024-04-04 08:00:00
2264,onboarding_done,2024-04-04 09:00:00
2264,close,2024-04-22 07:00:00
2265,open,2024-04-04 09:00:00
2265,close,2024-04-21 08:00:00
2266,open,2024-04-04 10:00:00
2266,close,2024-04-15 09:00:00
2267,open,2024-04-04 11:00:00
2267,close,2024-04-12 10:00:00
2268,open,2024-04-04 12:00:00
2268,onboarding_done,2024-04-04 13:00:00
2268,close,2024-04-06 11:00:00
2269,open,2024-04-04 13:00:00
2269,onboarding_done,2024-04-04 14:00:00
2269,purchase,2024-04-12 12:00:00
2269,close,2024-04-25 12:00:00
2270,open,2024-04-04 14:00:00
2270,onboarding_done,2024-04-04 15:00:00
2270,purchase,2024-04-11 13:00:00
2270,close,2024-05-02 13:00:00
2273,open,2024-04-04 17:00:00
2273,close,2024-04-16 16:00:00
2274,open,2024-04-04 18:00:00
2274,onboarding_done,2024-04-04 19:00:00
2274,close,2024-05-03 17:00:00
2275,open,2024-04-04 19:00:00
2275,close,2024-04-16 18:00:00
2276,open,2024-04-04 20:00:00
2276,onboarding_done,2024-04-04 21:00:00
2276,close,2024-05-01 19:00:00
2277,open,2024-04-04 21:00:00
2277,onboarding_done,2024-04-04 22:00:00
2277,close,2024-04-19 20:00:00
2278,open,2024-04-04 22:00:00
2278,onboarding_done,2024-04-04 23:00:00
2278,close,2024-04-12 21:00:00
2279,open,2024-04-04 23:00:00
2279,onboarding_done,2024-04-05 00:00:00
2279,close,2024-04-13 22:00:00
2280,open,2024-04-05 00:00:00
2280,onboarding_done,2024-04-05 01:00:00
2280,close,2024-04-10 23:00:00
2281,open,2024-04-05 01:00:00
2281,onboarding_done,2024-04-05 02:00:00
2281,close,2024-04-26 00:00:00
2282,open,2024-04-05 02:00:00
2282,onboarding_done,2024-04-05 03:00:00
2282,close,2024-04-13 01:00:00
2283,open,2024-04-05 03:00:00
2283,onboarding_done,2024-04-05 04:00:00
2283,close,2024-04-14 02:00:00
2284,open,2024-04-05 04:00:00
2284,onboarding_done,2024-04-05 05:00:00
2284,close,2024-04-19 03:00:00
2285,open,2024-04-05 05:00:00
2285,close,2024-04-11 04:00:00
2286,open,2024-04-05 06:00:00
2286,onboarding_done,2024-04-05 07:00:00
2286,purchase,2024-04-18 05:00:00
2286,close,2024-04-24 05:00:00
2287,open,2024-04-05 07:00:00
2287,onboarding_done,2024-04-05 08:00:00
2287,close,2024-04-30 06:00:00
2288,open,2024-04-05 08:00:00
2288,onboarding_done,2024-04-05 09:00:00
2288,close,2024-04-09 07:00:00
2289,open,2024-04-05 09:00:00
2289,onboarding_done,2024-04-05 10:00:00
2289,close,2024-04-21 08:00:00
2291,open,2024-04-05 11:00:00
2291,onboarding_done,2024-04-05 12:00:00
2291,close,2024-04-28 10:00:00
2292,open,2024-04-05 12:00:00
2292,onboarding_done,2024-04-05 13:00:00
2292,close,2024-04-17 11:00:00
2293,open,2024-04-05 13:00:00
2293,onboarding_done,2024-04-05 14:00:00
2293,close,2024-05-03 12:00:00
2294,open,2024-04-05 14:00:00
2294,close,2024-04-22 13:00:00
2295,open,2024-04-05 15:00:00
2295,onboarding_done,2024-04-05 16:00:00
2295,close,2024-04-09 14:00:00
2296,open,2024-04-05 16:00:00
2296,onboarding_done,2024-04-05 17:00:00
2296,close,2024-04-21 15:00:00
2297,open,2024-04-05 17:00:00
2297,onboarding_done,2024-04-05 18:00:00
2297,purchase,2024-04-08 16:00:00
2297,close,2024-04-14 16:00:00
2298,open,2024-04-05 18:00:00
2298,onboarding_done,2024-04-05 19:00:00
2298,close,2024-04-29 17:00:00
2299,open,2024-04-05 19:00:00
2299,onboarding_done,2024-04-05 20:00:00
2299,purchase,2024-04-07 18:00:00
2299,close,2024-04-26 18:00:00
2300,open,2024-04-05 20:00:00
2300,close,2024-04-07 19:00:00
2301,open,2024-04-05 21:00:00
2301,onboarding_done,2024-04-05 22:00:00
2301,close,2024-04-30 20:00:00
2302,open,2024-04-05 22:00:00
2302,onboarding_done,2024-04-05 23:00:00
2302,close,2024-04-15 21:00:00
2303,open,2024-04-05 23:00:00
2303,close,2024-04-15 22:00:00
2304,open,2024-04-06 00:00:00
2304,onboarding_done,2024-04-06 01:00:00
2304,close,2024-04-06 23:00:00
2304,purchase,2024-04-11 23:00:00
2305,open,2024-04-06 01:00:00
2305,onboarding_done,2024-04-06 02:00:00
2305,purchase,2024-04-15 00:00:00
2305,close,2024-04-28 00:00:00
2306,open,2024-04-06 02:00:00
2306,close,2024-04-07 01:00:00
2307,open,2024-04-06 03:00:00
2307,onboarding_done,2024-04-06 04:00:00
2307,close,2024-05-02 02:00:00
2308,open,2024-04-06 04:00:00
2308,onboarding_done,2024-04-06 05:00:00
2308,purchase,2024-04-18 03:00:00
2308,close,2024-05-05 03:00:00
2309,open,2024-04-06 05:00:00
2309,onboarding_done,2024-04-06 06:00:00
2309,close,2024-04-08 04:00:00
2310,open,2024-04-06 06:00:00
2310,onboarding_done,2024-04-06 07:00:00
2310,close,2024-04-30 05:00:00
2311,open,2024-04-06 07:00:00
2311,onboarding_done,2024-04-06 08:00:00
2311,close,2024-04-30 06:00:00
2312,open,2024-04-06 08:00:00
2312,close,2024-04-15 07:00:00
2313,open,2024-04-06 09:00:00
2313,onboarding_done,2024-04-06 10:00:00
2313,close,2024-04-28 08:00:00
2314,open,2024-04-06 10:00:00
2314,onboarding_done,2024-04-06 11:00:00
2314,close,2024-04-26 09:00:00
2315,open,2024-04-06 11:00:00
2315,onboarding_done,2024-04-06 12:00:00
2315,purchase,2024-04-12 10:00:00
2315,close,2024-04-25 10:00:00
2316,open,2024-04-06 12:00:00
2316,onboarding_done,2024-04-06 13:00:00
2316,close,2024-04-07 11:00:00
2317,open,2024-04-06 13:00:00
2317,onboarding_done,2024-04-06 14:00:00
2317,close,2024-05-02 12:00:00
2318,open,2024-04-06 14:00:00
2318,onboarding_done,2024-04-06 15:00:00
2318,close,2024-04-07 13:00:00
2319,open,2024-04-06 15:00:00
2319,close,2024-04-19 14:00:00
2320,open,2024-04-06 16:00:00
2320,onboarding_done,2024-04-06 17:00:00
2320,purchase,2024-04-16 15:00:00
2320,close,2024-05-04 15:00:00
2321,open,2024-04-06 17:00:00
2321,onboarding_done,2024-04-06 18:00:00
2321,purchase,2024-04-12 16:00:00
2321,close,2024-04-21 16:00:00
2322,open,2024-04-06 18:00:00
2322,onboarding_done,2024-04-06 19:00:00
2322,close,2024-04-16 17:00:00
2322,purchase,2024-04-17 17:00:00
2323,open,2024-04-06 19:00:00
2323,onboarding_done,2024-04-06 20:00:00
2323,close,2024-05-05 18:00:00
2324,open,2024-04-06 20:00:00
2324,onboarding_done,2024-04-06 21:00:00
2324,close,2024-04-18 19:00:00
2325,open,2024-04-06 21:00:00
2325,onboarding_done,2024-04-06 22:00:00
2325,close,2024-04-28 20:00:00
2327,open,2024-04-06 23:00:00
2327,onboarding_done,2024-04-07 00:00:00
2327,purchase,2024-04-16 22:00:00
2327,close,2024-04-23 22:00:00
2328,open,2024-04-07 00:00:00
2328,close,2024-04-19 23:00:00
2330,open,2024-04-07 02:00:00
2330,onboarding_done,2024-04-07 03:00:00
2330,close,2024-04-08 01:00:00
2331,open,2024-04-07 03:00:00
2331,onboarding_done,2024-04-07 04:00:00
2331,close,2024-04-24 02:00:00
2332,open,2024-04-07 04:00:00
2332,onboarding_done,2024-04-07 05:00:00
2332,close,2024-04-26 03:00:00
2333,open,2024-04-07 05:00:00
2333,onboarding_done,2024-04-07 06:00:00
2333,purchase,2024-04-09 04:00:00
2333,close,2024-04-21 04:00:00
2334,open,2024-04-07 06:00:00
2334,close,2024-04-29 05:00:00
2335,open,2024-04-07 07:00:00
2335,onboarding_done,2024-04-07 08:00:00
2335,close,2024-04-26 06:00:00
2336,open,2024-04-07 08:00:00
2336,onboarding_done,2024-04-07 09:00:00
2336,close,2024-04-12 07:00:00
2337,open,2024-04-07 09:00:00
2337,onboarding_done,2024-04-07 10:00:00
2337,close,2024-04-10 08:00:00
2339,open,2024-04-07 11:00:00
2339,onboarding_done,2024-04-07 12:00:00
2339,purchase,2024-04-18 10:00:00
2339,close,2024-04-27 10:00:00
2340,open,2024-04-07 12:00:00
2340,onboarding_done,2024-04-07 13:00:00
2340,close,2024-04-30 11:00:00
2341,open,2024-04-07 13:00:00
2341,onboarding_done,2024-04-07 14:00:00
2341,purchase,2024-04-09 12:00:00
2341,close,2024-04-28 12:00:00
2342,open,2024-04-07 14:00:00
2342,close,2024-04-26 13:00:00
2343,open,2024-04-07 15:00:00
2343,onboarding_done,2024-04-07 16:00:00
2343,close,2024-04-08 14:00:00
2344,open,2024-04-07 16:00:00
2344,onboarding_done,2024-04-07 17:00:00
2344,close,2024-04-16 15:00:00
2345,open,2024-04-07 17:00:00
2345,onboarding_done,2024-04-07 18:00:00
2345,close,2024-05-01 16:00:00
2346,open,2024-04-07 18:00:00
2346,close,2024-04-11 17:00:00
2347,open,2024-04-07 19:00:00
2347,onboarding_done,2024-04-07 20:00:00
2347,purchase,2024-04-14 18:00:00
2347,close,2024-04-27 18:00:00
2348,open,2024-04-07 20:00:00
2348,close,2024-04-24 19:00:00
2349,open,2024-04-07 21:00:00
2349,onboarding_done,2024-04-07 22:00:00
2349,close,2024-04-24 20:00:00
2350,open,2024-04-07 22:00:00
2350,onboarding_done,2024-04-07 23:00:00
2350,close,2024-04-26 21:00:00
2351,open,2024-04-07 23:00:00
2351,close,2024-04-28 22:00:00
2353,open,2024-04-08 01:00:00
2353,close,2024-05-04 00:00:00
2354,open,2024-04-08 02:00:00
2354,onboarding_done,2024-04-08 03:00:00
2354,close,2024-04-29 01:00:00
2355,open,2024-04-08 03:00:00
2355,onboarding_done,2024-04-08 04:00:00
2355,close,2024-04-17 02:00:00
2356,open,2024-04-08 04:00:00
2356,close,2024-04-25 03:00:00
2357,open,2024-04-08 05:00:00
2357,close,2024-04-11 04:00:00
2358,open,2024-04-08 06:00:00
2358,close,2024-04-18 05:00:00
2359,open,2024-04-08 07:00:00
2359,onboarding_done,2024-04-08 08:00:00
2359,close,2024-04-20 06:00:00
2360,open,2024-04-08 08:00:00
2360,close,2024-04-20 07:00:00
2361,open,2024-04-08 09:00:00
2361,onboarding_done,2024-04-08 10:00:00
2361,close,2024-04-24 08:00:00
2362,open,2024-04-08 10:00:00
2362,close,2024-04-15 09:00:00
2363,open,2024-04-08 11:00:00
2363,close,2024-04-16 10:00:00
2364,open,2024-04-08 12:00:00
2364,onboarding_done,2024-04-08 13:00:00
2364,close,2024-05-03 11:00:00
2365,open,2024-04-08 13:00:00
2365,onboarding_done,2024-04-08 14:00:00
2365,close,2024-05-04 12:00:00
2366,open,2024-04-08 14:00:00
2366,close,2024-04-16 13:00:00
2367,open,2024-04-08 15:00:00
2367,onboarding_done,2024-04-08 16:00:00
2367,purchase,2024-04-10 14:00:00
2367,close,2024-04-23 14:00:00
2368,open,2024-04-08 16:00:00
2368,onboarding_done,2024-04-08 17:00:00
2368,close,2024-04-27 15:00:00
2369,open,2024-04-08 17:00:00
2369,onboarding_done,2024-04-08 18:00:00
2369,close,2024-05-06 16:00:00
2370,open,2024-04-08 18:00:00
2370,onboarding_done,2024-04-08 19:00:00
2370,close,2024-05-05 17:00:00
2371,open,2024-04-08 19:00:00
2371,close,2024-04-30 18:00:00
2372,open,2024-04-08 20:00:00
2372,onboarding_done,2024-04-08 21:00:00
2372,close,2024-04-17 19:00:00
2373,open,2024-04-08 21:00:00
2373,close,2024-04-27 20:00:00
2374,open,2024-04-08 22:00:00
2374,onboarding_done,2024-04-08 23:00:00
2374,close,2024-04-28 21:00:00
2375,open,2024-04-08 23:00:00
2375,onboarding_done,2024-04-09 00:00:00
2375,close,2024-05-04 22:00:00
2376,open,2024-04-09 00:00:00
2376,close,2024-04-14 23:00:00
2377,open,2024-04-09 01:00:00
2377,onboarding_done,2024-04-09 02:00:00
2377,close,2024-05-07 00:00:00
2378,open,2024-04-09 02:00:00
2378,close,2024-04-12 01:00:00
2379,open,2024-04-09 03:00:00
2379,onboarding_done,2024-04-09 04:00:00
2379,close,2024-05-02 02:00:00
2380,open,2024-04-09 04:00:00
2380,close,2024-05-08 03:00:00
2381,open,2024-04-09 05:00:00
2381,onboarding_done,2024-04-09 06:00:00
2381,close,2024-05-03 04:00:00
2382,open,2024-04-09 06:00:00
2382,close,2024-05-03 05:00:00
2383,open,2024-04-09 07:00:00
2383,onboarding_done,2024-04-09 08:00:00
2383,close,2024-04-23 06:00:00
2384,open,2024-04-09 08:00:00
2384,close,2024-04-22 07:00:00
2385,open,2024-04-09 09:00:00
2385,onboarding_done,2024-04-09 10:00:00
2385,close,2024-04-29 08:00:00
2386,open,2024-04-09 10:00:00
2386,close,2024-04-25 09:00:00
2387,open,2024-04-09 11:00:00
2387,close,2024-05-08 10:00:00
2388,open,2024-04-09 12:00:00
2388,onboarding_done,2024-04-09 13:00:00
2388,close,2024-04-22 11:00:00
2389,open,2024-04-09 13:00:00
2389,onboarding_done,2024-04-09 14:00:00
2389,purchase,2024-04-16 12:00:00
2389,close,2024-05-01 12:00:00
2390,open,2024-04-09 14:00:00
2390,onboarding_done,2024-04-09 15:00:00
2390,close,2024-04-29 13:00:00
2391,open,2024-04-09 15:00:00
2391,onboarding_done,2024-04-09 16:00:00
2391,close,2024-04-13 14:00:00
2392,open,2024-04-09 16:00:00
2392,close,2024-05-07 15:00:00
2393,open,2024-04-09 17:00:00
2393,onboarding_done,2024-04-09 18:00:00
2393,close,2024-04-10 16:00:00
2394,open,2024-04-09 18:00:00
2394,onboarding_done,2024-04-09 19:00:00
2394,close,2024-04-18 17:00:00
2395,open,2024-04-09 19:00:00
2395,onboarding_done,2024-04-09 20:00:00
2395,close,2024-04-14 18:00:00
2396,open,2024-04-09 20:00:00
2396,onboarding_done,2024-04-09 21:00:00
2396,close,2024-05-04 19:00:00
2397,open,2024-04-09 21:00:00
2397,onboarding_done,2024-04-09 22:00:00
2397,close,2024-05-02 20:00:00
2398,open,2024-04-09 22:00:00
2398,onboarding_done,2024-04-09 23:00:00
2398,close,2024-04-27 21:00:00
2399,open,2024-04-09 23:00:00
2399,onboarding_done,2024-04-10 00:00:00
2399,close,2024-05-02 22:00:00
2400,open,2024-04-10 00:00:00
2400,onboarding_done,2024-04-10 01:00:00
2400,close,2024-04-28 23:00:00
2402,open,2024-04-10 02:00:00
2402,close,2024-05-01 01:00:00
2403,open,2024-04-10 03:00:00
2403,onboarding_done,2024-04-10 04:00:00
2403,close,2024-04-20 02:00:00
2404,open,2024-04-10 04:00:00
2404,onboarding_done,2024-04-10 05:00:00
2404,close,2024-04-16 03:00:00
2405,open,2024-04-10 05:00:00
2405,onboarding_done,2024-04-10 06:00:00
2405,purchase,2024-04-15 04:00:00
2405,close,2024-04-26 04:00:00
2406,open,2024-04-10 06:00:00
2406,onboarding_done,2024-04-10 07:00:00
2406,close,2024-04-23 05:00:00
2407,open,2024-04-10 07:00:00
2407,onboarding_done,2024-04-10 08:00:00
2407,close,2024-04-19 06:00:00
2408,open,2024-04-10 08:00:00
2408,onboarding_done,2024-04-10 09:00:00
2408,close,2024-04-12 07:00:00
2409,open,2024-04-10 09:00:00
2409,onboarding_done,2024-04-10 10:00:00
2409,close,2024-04-22 08:00:00
2410,open,2024-04-10 10:00:00
2410,close,2024-04-26 09:00:00
2411,open,2024-04-10 11:00:00
2411,close,2024-04-28 10:00:00
2412,open,2024-04-10 12:00:00
2412,close,2024-05-07 11:00:00
2413,open,2024-04-10 13:00:00
2413,close,2024-04-12 12:00:00
2414,open,2024-04-10 14:00:00
2414,onboarding_done,2024-04-10 15:00:00
2414,close,2024-05-04 13:00:00
2415,open,2024-04-10 15:00:00
2415,onboarding_done,2024-04-10 16:00:00
2415,purchase,2024-04-12 14:00:00
2415,close,2024-05-01 14:00:00
2416,open,2024-04-10 16:00:00
2416,close,2024-04-27 15:00:00
2417,open,2024-04-10 17:00:00
2417,onboarding_done,2024-04-10 18:00:00
2417,close,2024-04-14 16:00:00
2418,open,2024-04-10 18:00:00
2418,onboarding_done,2024-04-10 19:00:00
2418,close,2024-04-14 17:00:00
2419,open,2024-04-10 19:00:00
2419,close,2024-04-16 18:00:00
2420,open,2024-04-10 20:00:00
2420,onboarding_done,2024-04-10 21:00:00
2420,close,2024-04-28 19:00:00
2421,open,2024-04-10 21:00:00
2421,onboarding_done,2024-04-10 22:00:00
2421,close,2024-05-05 20:00:00
2422,open,2024-04-10 22:00:00
2422,onboarding_done,2024-04-10 23:00:00
2422,close,2024-04-25 21:00:00
2423,open,2024-04-10 23:00:00
2423,close,2024-05-06 22:00:00
2424,open,2024-04-11 00:00:00
2424,close,2024-05-06 23:00:00
2425,open,2024-04-11 01:00:00
2425,close,2024-04-18 00:00:00
2426,open,2024-04-11 02:00:00
2426,onboarding_done,2024-04-11 03:00:00
2426,close,2024-04-23 01:00:00
2427,open,2024-04-11 03:00:00
2427,close,2024-04-23 02:00:00
2428,open,2024-04-11 04:00:00
2428,close,2024-05-08 03:00:00
2429,open,2024-04-11 05:00:00
2429,close,2024-04-23 04:00:00
2430,open,2024-04-11 06:00:00
2430,close,2024-04-12 05:00:00
2431,open,2024-04-11 07:00:00
2431,onboarding_done,2024-04-11 08:00:00
2431,close,2024-04-13 06:00:00
2434,open,2024-04-11 10:00:00
2434,onboarding_done,2024-04-11 11:00:00
2434,close,2024-04-14 09:00:00
2435,open,2024-04-11 11:00:00
2435,close,2024-05-08 10:00:00
2436,open,2024-04-11 12:00:00
2436,close,2024-04-23 11:00:00
2437,open,2024-04-11 13:00:00
2437,onboarding_done,2024-04-11 14:00:00
2437,close,2024-04-17 12:00:00
2439,open,2024-04-11 15:00:00
2439,onboarding_done,2024-04-11 16:00:00
2439,close,2024-05-02 14:00:00
2440,open,2024-04-11 16:00:00
2440,onboarding_done,2024-04-11 17:00:00
2440,close,2024-04-27 15:00:00
2442,open,2024-04-11 18:00:00
2442,close,2024-04-13 17:00:00
2443,open,2024-04-11 19:00:00
2443,onboarding_done,2024-04-11 20:00:00
2443,close,2024-04-18 18:00:00
2444,open,2024-04-11 20:00:00
2444,onboarding_done,2024-04-11 21:00:00
2444,close,2024-04-14 19:00:00
2446,open,2024-04-11 22:00:00
2446,close,2024-04-14 21:00:00
2447,open,2024-04-11 23:00:00
2447,onboarding_done,2024-04-12 00:00:00
2447,close,2024-05-04 22:00:00
2448,open,2024-04-12 00:00:00
2448,onboarding_done,2024-04-12 01:00:00
2448,purchase,2024-04-13 23:00:00
2448,close,2024-05-07 23:00:00
2450,open,2024-04-12 02:00:00
2450,close,2024-04-30 01:00:00
2451,open,2024-04-12 03:00:00
2451,onboarding_done,2024-04-12 04:00:00
2451,close,2024-04-23 02:00:00
2452,open,2024-04-12 04:00:00
2452,onboarding_done,2024-04-12 05:00:00
2452,purchase,2024-04-24 03:00:00
2452,close,2024-04-30 03:00:00
2453,open,2024-04-12 05:00:00
2453,close,2024-05-11 04:00:00
2454,open,2024-04-12 06:00:00
2454,close,2024-05-10 05:00:00
2455,open,2024-04-12 07:00:00
2455,close,2024-05-02 06:00:00
2457,open,2024-04-12 09:00:00
2457,onboarding_done,2024-04-12 10:00:00
2457,close,2024-05-05 08:00:00
2458,open,2024-04-12 10:00:00
2458,close,2024-05-01 09:00:00
2459,open,2024-04-12 11:00:00
2459,onboarding_done,2024-04-12 12:00:00
2459,close,2024-04-19 10:00:00
2459,purchase,2024-04-21 10:00:00
2460,open,2024-04-12 12:00:00
2460,close,2024-05-10 11:00:00
2461,open,2024-04-12 13:00:00
2461,onboarding_done,2024-04-12 14:00:00
2461,close,2024-04-30 12:00:00
2462,open,2024-04-12 14:00:00
2462,onboarding_done,2024-04-12 15:00:00
2462,purchase,2024-04-14 13:00:00
2462,close,2024-05-06 13:00:00
2464,open,2024-04-12 16:00:00
2464,onboarding_done,2024-04-12 17:00:00
2464,purchase,2024-04-22 15:00:00
2464,close,2024-05-04 15:00:00
2466,open,2024-04-12 18:00:00
2466,onboarding_done,2024-04-12 19:00:00
2466,close,2024-04-14 17:00:00
2467,open,2024-04-12 19:00:00
2467,onboarding_done,2024-04-12 20:00:00
2467,close,2024-04-23 18:00:00
2468,open,2024-04-12 20:00:00
2468,onboarding_done,2024-04-12 21:00:00
2468,close,2024-04-21 19:00:00
2469,open,2024-04-12 21:00:00
2469,onboarding_done,2024-04-12 22:00:00
2469,close,2024-04-13 20:00:00
2469,purchase,2024-04-23 20:00:00
2470,open,2024-04-12 22:00:00
2470,onboarding_done,2024-04-12 23:00:00
2470,close,2024-04-29 21:00:00
2471,open,2024-04-12 23:00:00
2471,close,2024-05-08 22:00:00
2472,open,2024-04-13 00:00:00
2472,close,2024-05-08 23:00:00
2473,open,2024-04-13 01:00:00
2473,onboarding_done,2024-04-13 02:00:00
2473,close,2024-05-12 00:00:00
2474,open,2024-04-13 02:00:00
2474,onboarding_done,2024-04-13 03:00:00
2474,close,2024-04-25 01:00:00
2475,open,2024-04-13 03:00:00
2475,onboarding_done,2024-04-13 04:00:00
2475,close,2024-05-02 02:00:00
2476,open,2024-04-13 04:00:00
2476,onboarding_done,2024-04-13 05:00:00
2476,close,2024-04-25 03:00:00
2477,open,2024-04-13 05:00:00
2477,onboarding_done,2024-04-13 06:00:00
2477,close,2024-04-30 04:00:00
2478,open,2024-04-13 06:00:00
2478,close,2024-04-20 05:00:00
2479,open,2024-04-13 07:00:00
2479,close,2024-05-08 06:00:00
2480,open,2024-04-13 08:00:00
2480,onboarding_done,2024-04-13 09:00:00
2480,close,2024-04-15 07:00:00
2481,open,2024-04-13 09:00:00
2481,close,2024-04-29 08:00:00
2482,open,2024-04-13 10:00:00
2482,close,2024-04-22 09:00:00
2483,open,2024-04-13 11:00:00
2483,close,2024-04-29 10:00:00
2484,open,2024-04-13 12:00:00
2484,close,2024-04-21 11:00:00
2485,open,2024-04-13 13:00:00
2485,close,2024-05-12 12:00:00
2486,open,2024-04-13 14:00:00
2486,close,2024-04-30 13:00:00
2487,open,2024-04-13 15:00:00
2487,close,2024-05-09 14:00:00
2488,open,2024-04-13 16:00:00
2488,onboarding_done,2024-04-13 17:00:00
2488,purchase,2024-04-14 15:00:00
2488,close,2024-04-15 15:00:00
2489,open,2024-04-13 17:00:00
2489,close,2024-04-29 16:00:00
2490,open,2024-04-13 18:00:00
2490,close,2024-04-23 17:00:00
2491,open,2024-04-13 19:00:00
2491,onboarding_done,2024-04-13 20:00:00
2491,close,2024-04-22 18:00:00
2492,open,2024-04-13 20:00:00
2492,onboarding_done,2024-04-13 21:00:00
2492,close,2024-04-24 19:00:00
2493,open,2024-04-13 21:00:00
2493,onboarding_done,2024-04-13 22:00:00
2493,close,2024-04-26 20:00:00
2494,open,2024-04-13 22:00:00
2494,close,2024-04-28 21:00:00
2495,open,2024-04-13 23:00:00
2495,onboarding_done,2024-04-14 00:00:00
2495,close,2024-04-19 22:00:00
2496,open,2024-04-14 00:00:00
2496,onboarding_done,2024-04-14 01:00:00
2496,close,2024-04-24 23:00:00
2497,open,2024-04-14 01:00:00
2497,onboarding_done,2024-04-14 02:00:00
2497,close,2024-05-07 00:00:00
2498,open,2024-04-14 02:00:00
2498,onboarding_done,2024-04-14 03:00:00
2498,close,2024-05-04 01:00:00
2499,open,2024-04-14 03:00:00
2499,onboarding_done,2024-04-14 04:00:00
2499,close,2024-04-26 02:00:00
2500,open,2024-04-14 04:00:00
2500,onboarding_done,2024-04-14 05:00:00
2500,purchase,2024-04-16 03:00:00
2500,close,2024-05-06 03:00:00
2501,open,2024-04-14 05:00:00
2501,close,2024-05-06 04:00:00
2502,open,2024-04-14 06:00:00
2502,onboarding_done,2024-04-14 07:00:00
2502,close,2024-04-26 05:00:00
2503,open,2024-04-14 07:00:00
2503,onboarding_done,2024-04-14 08:00:00
2503,close,2024-04-29 06:00:00
2504,open,2024-04-14 08:00:00
2504,close,2024-04-22 07:00:00
2505,open,2024-04-14 09:00:00
2505,onboarding_done,2024-04-14 10:00:00
2505,close,2024-05-03 08:00:00
2506,open,2024-04-14 10:00:00
2506,onboarding_done,2024-04-14 11:00:00
2506,close,2024-05-03 09:00:00
2507,open,2024-04-14 11:00:00
2507,onboarding_done,2024-04-14 12:00:00
2507,close,2024-05-08 10:00:00
2508,open,2024-04-14 12:00:00
2508,onboarding_done,2024-04-14 13:00:00
2508,close,2024-04-25 11:00:00
2509,open,2024-04-14 13:00:00
2509,onboarding_done,2024-04-14 14:00:00
2509,close,2024-04-18 12:00:00
2510,open,2024-04-14 14:00:00
2510,close,2024-05-13 13:00:00
2511,open,2024-04-14 15:00:00
2511,onboarding_done,2024-04-14 16:00:00
2511,close,2024-05-11 14:00:00
2512,open,2024-04-14 16:00:00
2512,onboarding_done,2024-04-14 17:00:00
2512,close,2024-05-01 15:00:00
2513,open,2024-04-14 17:00:00
2513,onboarding_done,2024-04-14 18:00:00
2513,close,2024-04-18 16:00:00
2514,open,2024-04-14 18:00:00
2514,close,2024-04-25 17:00:00
2515,open,2024-04-14 19:00:00
2515,onboarding_done,2024-04-14 20:00:00
2515,close,2024-04-16 18:00:00
2516,open,2024-04-14 20:00:00
2516,onboarding_done,2024-04-14 21:00:00
2516,close,2024-04-16 19:00:00
2517,open,2024-04-14 21:00:00
2517,close,2024-04-27 20:00:00
2518,open,2024-04-14 22:00:00
2518,onboarding_done,2024-04-14 23:00:00
2518,close,2024-04-15 21:00:00
2519,open,2024-04-14 23:00:00
2519,onboarding_done,2024-04-15 00:00:00
2519,close,2024-04-30 22:00:00
2520,open,2024-04-15 00:00:00
2520,onboarding_done,2024-04-15 01:00:00
2520,close,2024-04-28 23:00:00
2521,open,2024-04-15 01:00:00
2521,onboarding_done,2024-04-15 02:00:00
2521,close,2024-05-08 00:00:00
2522,open,2024-04-15 02:00:00
2522,close,2024-05-04 01:00:00
2523,open,2024-04-15 03:00:00
2523,close,2024-04-16 02:00:00
2524,open,2024-04-15 04:00:00
2524,onboarding_done,2024-04-15 05:00:00
2524,close,2024-05-12 03:00:00
2525,open,2024-04-15 05:00:00
2525,onboarding_done,2024-04-15 06:00:00
2525,close,2024-05-05 04:00:00
2526,open,2024-04-15 06:00:00
2526,onboarding_done,2024-04-15 07:00:00
2526,close,2024-05-02 05:00:00
2527,open,2024-04-15 07:00:00
2527,close,2024-05-02 06:00:00
2528,open,2024-04-15 08:00:00
2528,onboarding_done,2024-04-15 09:00:00
2528,close,2024-04-25 07:00:00
2529,open,2024-04-15 09:00:00
2529,close,2024-04-28 08:00:00
2530,open,2024-04-15 10:00:00
2530,onboarding_done,2024-04-15 11:00:00
2530,close,2024-05-02 09:00:00
2531,open,2024-04-15 11:00:00
2531,onboarding_done,2024-04-15 12:00:00
2531,purchase,2024-04-17 10:00:00
2531,close,2024-05-04 10:00:00
2532,open,2024-04-15 12:00:00
2532,close,2024-04-16 11:00:00
2533,open,2024-04-15 13:00:00
2533,close,2024-04-16 12:00:00
2534,open,2024-04-15 14:00:00
2534,onboarding_done,2024-04-15 15:00:00
2534,close,2024-04-20 13:00:00
2535,open,2024-04-15 15:00:00
2535,close,2024-05-02 14:00:00
2536,open,2024-04-15 16:00:00
2536,onboarding_done,2024-04-15 17:00:00
2536,close,2024-05-12 15:00:00
2537,open,2024-04-15 17:00:00
2537,close,2024-05-13 16:00:00
2538,open,2024-04-15 18:00:00
2538,onboarding_done,2024-04-15 19:00:00
2538,close,2024-04-20 17:00:00
2539,open,2024-04-15 19:00:00
2539,onboarding_done,2024-04-15 20:00:00
2539,close,2024-04-19 18:00:00
2540,open,2024-04-15 20:00:00
2540,close,2024-05-02 19:00:00
2541,open,2024-04-15 21:00:00
2541,close,2024-04-28 20:00:00
2542,open,2024-04-15 22:00:00
2542,onboarding_done,2024-04-15 23:00:00
2542,close,2024-04-20 21:00:00
2543,open,2024-04-15 23:00:00
2543,onboarding_done,2024-04-16 00:00:00
2543,close,2024-04-26 22:00:00
2544,open,2024-04-16 00:00:00
2544,onboarding_done,2024-04-16 01:00:00
2544,close,2024-04-18 23:00:00
2545,open,2024-04-16 01:00:00
2545,onboarding_done,2024-04-16 02:00:00
2545,close,2024-04-21 00:00:00
2546,open,2024-04-16 02:00:00
2546,onboarding_done,2024-04-16 03:00:00
2546,close,2024-05-02 01:00:00
2547,open,2024-04-16 03:00:00
2547,close,2024-04-20 02:00:00
2548,open,2024-04-16 04:00:00
2548,onboarding_done,2024-04-16 05:00:00
2548,close,2024-05-13 03:00:00
2549,open,2024-04-16 05:00:00
2549,close,2024-04-19 04:00:00
2550,open,2024-04-16 06:00:00
2550,onboarding_done,2024-04-16 07:00:00
2550,purchase,2024-04-18 05:00:00
2550,close,2024-05-05 05:00:00
2551,open,2024-04-16 07:00:00
2551,onboarding_done,2024-04-16 08:00:00
2551,close,2024-05-04 06:00:00
2552,open,2024-04-16 08:00:00
2552,onboarding_done,2024-04-16 09:00:00
2552,close,2024-04-26 07:00:00
2553,open,2024-04-16 09:00:00
2553,onboarding_done,2024-04-16 10:00:00
2553,close,2024-04-27 08:00:00
2554,open,2024-04-16 10:00:00
2554,onboarding_done,2024-04-16 11:00:00
2554,purchase,2024-04-28 09:00:00
2554,close,2024-05-13 09:00:00
2555,open,2024-04-16 11:00:00
2555,onboarding_done,2024-04-16 12:00:00
2555,close,2024-05-05 10:00:00
2556,open,2024-04-16 12:00:00
2556,onboarding_done,2024-04-16 13:00:00
2556,close,2024-05-09 11:00:00
2557,open,2024-04-16 13:00:00
2557,close,2024-05-08 12:00:00
2558,open,2024-04-16 14:00:00
2558,onboarding_done,2024-04-16 15:00:00
2558,close,2024-05-12 13:00:00
2559,open,2024-04-16 15:00:00
2559,onboarding_done,2024-04-16 16:00:00
2559,close,2024-04-23 14:00:00
2560,open,2024-04-16 16:00:00
2560,onboarding_done,2024-04-16 17:00:00
2560,close,2024-05-02 15:00:00
2561,open,2024-04-16 17:00:00
2561,onboarding_done,2024-04-16 18:00:00
2561,purchase,2024-04-17 16:00:00
2561,close,2024-05-02 16:00:00
2562,open,2024-04-16 18:00:00
2562,onboarding_done,2024-04-16 19:00:00
2562,close,2024-05-15 17:00:00
2563,open,2024-04-16 19:00:00
2563,onboarding_done,2024-04-16 20:00:00
2563,close,2024-04-29 18:00:00
2564,open,2024-04-16 20:00:00
2564,onboarding_done,2024-04-16 21:00:00
2564,close,2024-05-08 19:00:00
2565,open,2024-04-16 21:00:00
2565,onboarding_done,2024-04-16 22:00:00
2565,close,2024-05-10 20:00:00
2566,open,2024-04-16 22:00:00
2566,onboarding_done,2024-04-16 23:00:00
2566,purchase,2024-04-24 21:00:00
2566,close,2024-05-09 21:00:00
2567,open,2024-04-16 23:00:00
2567,onboarding_done,2024-04-17 00:00:00
2567,close,2024-05-01 22:00:00
2568,open,2024-04-17 00:00:00
2568,onboarding_done,2024-04-17 01:00:00
2568,close,2024-05-13 23:00:00
2569,open,2024-04-17 01:00:00
2569,onboarding_done,2024-04-17 02:00:00
2569,purchase,2024-04-27 00:00:00
2569,close,2024-05-12 00:00:00
2570,open,2024-04-17 02:00:00
2570,onboarding_done,2024-04-17 03:00:00
2570,close,2024-04-30 01:00:00
2570,purchase,2024-05-01 01:00:00
2571,open,2024-04-17 03:00:00
2571,close,2024-05-09 02:00:00
2572,open,2024-04-17 04:00:00
2572,onboarding_done,2024-04-17 05:00:00
2572,close,2024-04-20 03:00:00
2573,open,2024-04-17 05:00:00
2573,onboarding_done,2024-04-17 06:00:00
2573,purchase,2024-04-18 04:00:00
2573,close,2024-04-23 04:00:00
2574,open,2024-04-17 06:00:00
2574,onboarding_done,2024-04-17 07:00:00
2574,close,2024-04-26 05:00:00
2575,open,2024-04-17 07:00:00
2575,onboarding_done,2024-04-17 08:00:00
2575,purchase,2024-04-25 06:00:00
2575,close,2024-04-28 06:00:00
2576,open,2024-04-17 08:00:00
2576,onboarding_done,2024-04-17 09:00:00
2576,purchase,2024-04-18 07:00:00
2576,close,2024-04-19 07:00:00
2577,open,2024-04-17 09:00:00
2577,onboarding_done,2024-04-17 10:00:00
2577,close,2024-04-19 08:00:00
2578,open,2024-04-17 10:00:00
2578,close,2024-05-09 09:00:00
2579,open,2024-04-17 11:00:00
2579,onboarding_done,2024-04-17 12:00:00
2579,close,2024-05-12 10:00:00
2580,open,2024-04-17 12:00:00
2580,close,2024-05-02 11:00:00
2581,open,2024-04-17 13:00:00
2581,onboarding_done,2024-04-17 14:00:00
2581,close,2024-04-21 12:00:00
2581,purchase,2024-04-27 12:00:00
2582,open,2024-04-17 14:00:00
2582,onboarding_done,2024-04-17 15:00:00
2582,purchase,2024-04-30 13:00:00
2582,close,2024-05-02 13:00:00
2583,open,2024-04-17 15:00:00
2583,onboarding_done,2024-04-17 16:00:00
2583,purchase,2024-04-20 14:00:00
2583,close,2024-04-23 14:00:00
2584,open,2024-04-17 16:00:00
2584,onboarding_done,2024-04-17 17:00:00
2584,close,2024-04-18 15:00:00
2585,open,2024-04-17 17:00:00
2585,close,2024-04-25 16:00:00
2586,open,2024-04-17 18:00:00
2586,onboarding_done,2024-04-17 19:00:00
2586,close,2024-05-11 17:00:00
2587,open,2024-04-17 19:00:00
2587,onboarding_done,2024-04-17 20:00:00
2587,close,2024-05-08 18:00:00
2588,open,2024-04-17 20:00:00
2588,onboarding_done,2024-04-17 21:00:00
2588,close,2024-05-11 19:00:00
2589,open,2024-04-17 21:00:00
2589,onboarding_done,2024-04-17 22:00:00
2589,purchase,2024-04-30 20:00:00
2589,close,2024-05-10 20:00:00
2590,open,2024-04-17 22:00:00
2590,onboarding_done,2024-04-17 23:00:00
2590,close,2024-04-29 21:00:00
2592,open,2024-04-18 00:00:00
2592,onboarding_done,2024-04-18 01:00:00
2592,close,2024-04-28 23:00:00
2593,open,2024-04-18 01:00:00
2593,onboarding_done,2024-04-18 02:00:00
2593,close,2024-05-16 00:00:00
2594,open,2024-04-18 02:00:00
2594,onboarding_done,2024-04-18 03:00:00
2594,close,2024-04-20 01:00:00
2594,purchase,2024-04-28 01:00:00
2595,open,2024-04-18 03:00:00
2595,onboarding_done,2024-04-18 04:00:00
2595,close,2024-05-08 02:00:00
2596,open,2024-04-18 04:00:00
2596,onboarding_done,2024-04-18 05:00:00
2596,close,2024-04-23 03:00:00
2597,open,2024-04-18 05:00:00
2597,onboarding_done,2024-04-18 06:00:00
2597,close,2024-04-24 04:00:00
2598,open,2024-04-18 06:00:00
2598,onboarding_done,2024-04-18 07:00:00
2598,close,2024-05-09 05:00:00
2599,open,2024-04-18 07:00:00
2599,close,2024-05-03 06:00:00
2600,open,2024-04-18 08:00:00
2600,close,2024-05-13 07:00:00
2601,open,2024-04-18 09:00:00
2601,onboarding_done,2024-04-18 10:00:00
2601,purchase,2024-04-26 08:00:00
2601,close,2024-05-11 08:00:00
2602,open,2024-04-18 10:00:00
2602,close,2024-04-28 09:00:00
2603,open,2024-04-18 11:00:00
2603,onboarding_done,2024-04-18 12:00:00
2603,purchase,2024-04-22 10:00:00
2603,close,2024-04-28 10:00:00
2604,open,2024-04-18 12:00:00
2604,close,2024-04-22 11:00:00
2605,open,2024-04-18 13:00:00
2605,onboarding_done,2024-04-18 14:00:00
2605,close,2024-04-28 12:00:00
2606,open,2024-04-18 14:00:00
2606,onboarding_done,2024-04-18 15:00:00
2606,close,2024-05-11 13:00:00
2607,open,2024-04-18 15:00:00
2607,onboarding_done,2024-04-18 16:00:00
2607,close,2024-04-30 14:00:00
2608,open,2024-04-18 16:00:00
2608,onboarding_done,2024-04-18 17:00:00
2608,close,2024-05-14 15:00:00
2609,open,2024-04-18 17:00:00
2609,onboarding_done,2024-04-18 18:00:00
2609,purchase,2024-04-29 16:00:00
2609,close,2024-04-30 16:00:00
2610,open,2024-04-18 18:00:00
2610,close,2024-04-27 17:00:00
2611,open,2024-04-18 19:00:00
2611,onboarding_done,2024-04-18 20:00:00
2611,close,2024-05-10 18:00:00
2612,open,2024-04-18 20:00:00
2612,onboarding_done,2024-04-18 21:00:00
2612,close,2024-05-17 19:00:00
2613,open,2024-04-18 21:00:00
2613,close,2024-05-04 20:00:00
2614,open,2024-04-18 22:00:00
2614,onboarding_done,2024-04-18 23:00:00
2614,close,2024-04-21 21:00:00
2615,open,2024-04-18 23:00:00
2615,close,2024-05-02 22:00:00
2616,open,2024-04-19 00:00:00
2616,close,2024-05-09 23:00:00
2617,open,2024-04-19 01:00:00
2617,close,2024-05-16 00:00:00
2618,open,2024-04-19 02:00:00
2618,onboarding_done,2024-04-19 03:00:00
2618,purchase,2024-04-23 01:00:00
2618,close,2024-05-13 01:00:00
2619,open,2024-04-19 03:00:00
2619,onboarding_done,2024-04-19 04:00:00
2619,close,2024-05-10 02:00:00
2620,open,2024-04-19 04:00:00
2620,onboarding_done,2024-04-19 05:00:00
2620,close,2024-04-24 03:00:00
2621,open,2024-04-19 05:00:00
2621,close,2024-05-04 04:00:00
2622,open,2024-04-19 06:00:00
2622,onboarding_done,2024-04-19 07:00:00
2622,purchase,2024-04-27 05:00:00
2622,close,2024-05-15 05:00:00
2623,open,2024-04-19 07:00:00
2623,onboarding_done,2024-04-19 08:00:00
2623,purchase,2024-04-22 06:00:00
2623,close,2024-04-29 06:00:00
2624,open,2024-04-19 08:00:00
2624,onboarding_done,2024-04-19 09:00:00
2624,close,2024-04-23 07:00:00
2625,open,2024-04-19 09:00:00
2625,onboarding_done,2024-04-19 10:00:00
2625,close,2024-05-14 08:00:00
2626,open,2024-04-19 10:00:00
2626,onboarding_done,2024-04-19 11:00:00
2626,close,2024-04-30 09:00:00
2627,open,2024-04-19 11:00:00
2627,close,2024-05-03 10:00:00
2628,open,2024-04-19 12:00:00
2628,close,2024-05-11 11:00:00
2629,open,2024-04-19 13:00:00
2629,onboarding_done,2024-04-19 14:00:00
2629,close,2024-04-24 12:00:00
2630,open,2024-04-19 14:00:00
2630,close,2024-05-08 13:00:00
2631,open,2024-04-19 15:00:00
2631,onboarding_done,2024-04-19 16:00:00
2631,purchase,2024-04-26 14:00:00
2631,close,2024-05-07 14:00:00
2632,open,2024-04-19 16:00:00
2632,onboarding_done,2024-04-19 17:00:00
2632,close,2024-05-02 15:00:00
2633,open,2024-04-19 17:00:00
2633,onboarding_done,2024-04-19 18:00:00
2633,close,2024-05-01 16:00:00
2635,open,2024-04-19 19:00:00
2635,onboarding_done,2024-04-19 20:00:00
2635,close,2024-05-18 18:00:00
2636,open,2024-04-19 20:00:00
2636,close,2024-05-07 19:00:00
2637,open,2024-04-19 21:00:00
2637,onboarding_done,2024-04-19 22:00:00
2637,close,2024-04-22 20:00:00
2638,open,2024-04-19 22:00:00
2638,onboarding_done,2024-04-19 23:00:00
2638,purchase,2024-05-02 21:00:00
2638,close,2024-05-15 21:00:00
2639,open,2024-04-19 23:00:00
2639,onboarding_done,2024-04-20 00:00:00
2639,close,2024-05-12 22:00:00
2640,open,2024-04-20 00:00:00
2640,onboarding_done,2024-04-20 01:00:00
2640,close,2024-05-18 23:00:00
2641,open,2024-04-20 01:00:00
2641,onboarding_done,2024-04-20 02:00:00
2641,close,2024-05-17 00:00:00
2642,open,2024-04-20 02:00:00
2642,onboarding_done,2024-04-20 03:00:00
2642,close,2024-04-26 01:00:00
2643,open,2024-04-20 03:00:00
2643,onboarding_done,2024-04-20 04:00:00
2643,close,2024-04-25 02:00:00
2643,purchase,2024-05-02 02:00:00
2644,open,2024-04-20 04:00:00
2644,close,2024-05-02 03:00:00
2645,open,2024-04-20 05:00:00
2645,onboarding_done,2024-04-20 06:00:00
2645,close,2024-05-04 04:00:00
2646,open,2024-04-20 06:00:00
2646,onboarding_done,2024-04-20 07:00:00
2646,close,2024-05-17 05:00:00
2647,open,2024-04-20 07:00:00
2647,onboarding_done,2024-04-20 08:00:00
2647,close,2024-05-06 06:00:00
2648,open,2024-04-20 08:00:00
2648,onboarding_done,2024-04-20 09:00:00
2648,close,2024-05-07 07:00:00
2649,open,2024-04-20 09:00:00
2649,onboarding_done,2024-04-20 10:00:00
2649,close,2024-04-22 08:00:00
2650,open,2024-04-20 10:00:00
2650,close,2024-05-12 09:00:00
2651,open,2024-04-20 11:00:00
2651,close,2024-04-23 10:00:00
2652,open,2024-04-20 12:00:00
2652,onboarding_done,2024-04-20 13:00:00
2652,close,2024-05-06 11:00:00
2654,open,2024-04-20 14:00:00
2654,onboarding_done,2024-04-20 15:00:00
2654,close,2024-05-01 13:00:00
2654,purchase,2024-05-04 13:00:00
2655,open,2024-04-20 15:00:00
2655,onboarding_done,2024-04-20 16:00:00
2655,close,2024-05-17 14:00:00
2656,open,2024-04-20 16:00:00
2656,onboarding_done,2024-04-20 17:00:00
2656,close,2024-05-13 15:00:00
2657,open,2024-04-20 17:00:00
2657,onboarding_done,2024-04-20 18:00:00
2657,close,2024-05-13 16:00:00
2658,open,2024-04-20 18:00:00
2658,onboarding_done,2024-04-20 19:00:00
2658,close,2024-05-13 17:00:00
2659,open,2024-04-20 19:00:00
2659,close,2024-04-30 18:00:00
2660,open,2024-04-20 20:00:00
2660,onboarding_done,2024-04-20 21:00:00
2660,purchase,2024-04-29 19:00:00
2660,close,2024-04-29 19:00:00
2662,open,2024-04-20 22:00:00
2662,onboarding_done,2024-04-20 23:00:00
2662,close,2024-05-13 21:00:00
2663,open,2024-04-20 23:00:00
2663,onboarding_done,2024-04-21 00:00:00
2663,close,2024-05-04 22:00:00
2664,open,2024-04-21 00:00:00
2664,onboarding_done,2024-04-21 01:00:00
2664,close,2024-04-22 23:00:00
2665,open,2024-04-21 01:00:00
2665,onboarding_done,2024-04-21 02:00:00
2665,close,2024-04-23 00:00:00
2666,open,2024-04-21 02:00:00
2666,close,2024-05-15 01:00:00
2667,open,2024-04-21 03:00:00
2667,onboarding_done,2024-04-21 04:00:00
2667,close,2024-04-28 02:00:00
2668,open,2024-04-21 04:00:00
2668,close,2024-04-23 03:00:00
2669,open,2024-04-21 05:00:00
2669,onboarding_done,2024-04-21 06:00:00
2669,purchase,2024-04-29 04:00:00
2669,close,2024-05-04 04:00:00
2670,open,2024-04-21 06:00:00
2670,onboarding_done,2024-04-21 07:00:00
2670,close,2024-05-20 05:00:00
2671,open,2024-04-21 07:00:00
2671,close,2024-04-26 06:00:00
2672,open,2024-04-21 08:00:00
2672,close,2024-05-07 07:00:00
2673,open,2024-04-21 09:00:00
2673,onboarding_done,2024-04-21 10:00:00
2673,close,2024-05-15 08:00:00
2674,open,2024-04-21 10:00:00
2674,onboarding_done,2024-04-21 11:00:00
2674,purchase,2024-05-03 09:00:00
2674,close,2024-05-18 09:00:00
2675,open,2024-04-21 11:00:00
2675,close,2024-04-25 10:00:00
2676,open,2024-04-21 12:00:00
2676,close,2024-04-27 11:00:00
2677,open,2024-04-21 13:00:00
2677,close,2024-05-13 12:00:00
2678,open,2024-04-21 14:00:00
2678,onboarding_done,2024-04-21 15:00:00
2678,close,2024-05-15 13:00:00
2679,open,2024-04-21 15:00:00
2679,close,2024-05-05 14:00:00
2680,open,2024-04-21 16:00:00
2680,onboarding_done,2024-04-21 17:00:00
2680,close,2024-05-01 15:00:00
2681,open,2024-04-21 17:00:00
2681,close,2024-05-19 16:00:00
2682,open,2024-04-21 18:00:00
2682,onboarding_done,2024-04-21 19:00:00
2682,close,2024-05-20 17:00:00
2683,open,2024-04-21 19:00:00
2683,onboarding_done,2024-04-21 20:00:00
2683,close,2024-05-03 18:00:00
2685,open,2024-04-21 21:00:00
2685,onboarding_done,2024-04-21 22:00:00
2685,close,2024-05-11 20:00:00
2686,open,2024-04-21 22:00:00
2686,onboarding_done,2024-04-21 23:00:00
2686,purchase,2024-04-22 21:00:00
2686,close,2024-05-19 21:00:00
2687,open,2024-04-21 23:00:00
2687,onboarding_done,2024-04-22 00:00:00
2687,close,2024-04-23 22:00:00
2688,open,2024-04-22 00:00:00
2688,onboarding_done,2024-04-22 01:00:00
2688,purchase,2024-04-24 23:00:00
2688,close,2024-05-19 23:00:00
2689,open,2024-04-22 01:00:00
2689,onboarding_done,2024-04-22 02:00:00
2689,close,2024-05-12 00:00:00
2690,open,2024-04-22 02:00:00
2690,onboarding_done,2024-04-22 03:00:00
2690,purchase,2024-04-28 01:00:00
2690,close,2024-05-01 01:00:00
2691,open,2024-04-22 03:00:00
2691,onboarding_done,2024-04-22 04:00:00
2691,purchase,2024-04-27 02:00:00
2691,close,2024-05-04 02:00:00
2692,open,2024-04-22 04:00:00
2692,onboarding_done,2024-04-22 05:00:00
2692,close,2024-05-07 03:00:00
2693,open,2024-04-22 05:00:00
2693,onboarding_done,2024-04-22 06:00:00
2693,close,2024-05-10 04:00:00
2694,open,2024-04-22 06:00:00
2694,onboarding_done,2024-04-22 07:00:00
2694,purchase,2024-05-01 05:00:00
2694,close,2024-05-10 05:00:00
2695,open,2024-04-22 07:00:00
2695,onboarding_done,2024-04-22 08:00:00
2695,close,2024-04-26 06:00:00
2696,open,2024-04-22 08:00:00
2696,onboarding_done,2024-04-22 09:00:00
2696,close,2024-05-18 07:00:00
2697,open,2024-04-22 09:00:00
2697,onboarding_done,2024-04-22 10:00:00
2697,close,2024-04-23 08:00:00
2697,purchase,2024-05-01 08:00:00
2700,open,2024-04-22 12:00:00
2700,close,2024-05-18 11:00:00
2701,open,2024-04-22 13:00:00
2701,close,2024-04-28 12:00:00
2702,open,2024-04-22 14:00:00
2702,close,2024-04-30 13:00:00
2703,open,2024-04-22 15:00:00
2703,close,2024-05-10 14:00:00
2704,open,2024-04-22 16:00:00
2704,onboarding_done,2024-04-22 17:00:00
2704,close,2024-04-23 15:00:00
2705,open,2024-04-22 17:00:00
2705,close,2024-05-19 16:00:00
2706,open,2024-04-22 18:00:00
2706,onboarding_done,2024-04-22 19:00:00
2706,close,2024-04-26 17:00:00
2707,open,2024-04-22 19:00:00
2707,close,2024-05-14 18:00:00
2708,open,2024-04-22 20:00:00
2708,onboarding_done,2024-04-22 21:00:00
2708,close,2024-05-05 19:00:00
2709,open,2024-04-22 21:00:00
2709,onboarding_done,2024-04-22 22:00:00
2709,close,2024-04-25 20:00:00
2710,open,2024-04-22 22:00:00
2710,onboarding_done,2024-04-22 23:00:00
2710,close,2024-04-24 21:00:00
2711,open,2024-04-22 23:00:00
2711,onboarding_done,2024-04-23 00:00:00
2711,close,2024-05-20 22:00:00
2712,open,2024-04-23 00:00:00
2712,close,2024-05-13 23:00:00
2713,open,2024-04-23 01:00:00
2713,onboarding_done,2024-04-23 02:00:00
2713,close,2024-05-10 00:00:00
2714,open,2024-04-23 02:00:00
2714,close,2024-04-24 01:00:00
2715,open,2024-04-23 03:00:00
2715,onboarding_done,2024-04-23 04:00:00
2715,close,2024-05-09 02:00:00
2716,open,2024-04-23 04:00:00
2716,onboarding_done,2024-04-23 05:00:00
2716,close,2024-05-07 03:00:00
2717,open,2024-04-23 05:00:00
2717,onboarding_done,2024-04-23 06:00:00
2717,close,2024-05-09 04:00:00
2718,open,2024-04-23 06:00:00
2718,close,2024-04-27 05:00:00
2719,open,2024-04-23 07:00:00
2719,onboarding_done,2024-04-23 08:00:00
2719,close,2024-05-14 06:00:00
2720,open,2024-04-23 08:00:00
2720,close,2024-05-12 07:00:00
2721,open,2024-04-23 09:00:00
2721,onboarding_done,2024-04-23 10:00:00
2721,close,2024-04-25 08:00:00
2722,open,2024-04-23 10:00:00
2722,onboarding_done,2024-04-23 11:00:00
2722,close,2024-05-06 09:00:00
2723,open,2024-04-23 11:00:00
2723,close,2024-05-22 10:00:00
2724,open,2024-04-23 12:00:00
2724,onboarding_done,2024-04-23 13:00:00
2724,close,2024-04-25 11:00:00
2725,open,2024-04-23 13:00:00
2725,onboarding_done,2024-04-23 14:00:00
2725,purchase,2024-05-01 12:00:00
2725,close,2024-05-10 12:00:00
2726,open,2024-04-23 14:00:00
2726,close,2024-05-22 13:00:00
2727,open,2024-04-23 15:00:00
2727,onboarding_done,2024-04-23 16:00:00
2727,close,2024-05-06 14:00:00
2728,open,2024-04-23 16:00:00
2728,onboarding_done,2024-04-23 17:00:00
2728,purchase,2024-05-04 15:00:00
2728,close,2024-05-21 15:00:00
2729,open,2024-04-23 17:00:00
2729,close,2024-05-12 16:00:00
2730,open,2024-04-23 18:00:00
2730,onboarding_done,2024-04-23 19:00:00
2730,close,2024-05-01 17:00:00
2731,open,2024-04-23 19:00:00
2731,onboarding_done,2024-04-23 20:00:00
2731,close,2024-05-20 18:00:00
2732,open,2024-04-23 20:00:00
2732,onboarding_done,2024-04-23 21:00:00
2732,purchase,2024-04-27 19:00:00
2732,close,2024-05-14 19:00:00
2733,open,2024-04-23 21:00:00
2733,onboarding_done,2024-04-23 22:00:00
2733,close,2024-05-20 20:00:00
2734,open,2024-04-23 22:00:00
2734,onboarding_done,2024-04-23 23:00:00
2734,close,2024-05-03 21:00:00
2735,open,2024-04-23 23:00:00
2735,close,2024-05-11 22:00:00
2736,open,2024-04-24 00:00:00
2736,onboarding_done,2024-04-24 01:00:00
2736,close,2024-05-15 23:00:00
2737,open,2024-04-24 01:00:00
2737,onboarding_done,2024-04-24 02:00:00
2737,close,2024-05-22 00:00:00
2738,open,2024-04-24 02:00:00
2738,onboarding_done,2024-04-24 03:00:00
2738,close,2024-05-01 01:00:00
2739,open,2024-04-24 03:00:00
2739,onboarding_done,2024-04-24 04:00:00
2739,purchase,2024-05-06 02:00:00
2739,close,2024-05-07 02:00:00
2740,open,2024-04-24 04:00:00
2740,close,2024-05-04 03:00:00
2741,open,2024-04-24 05:00:00
2741,onboarding_done,2024-04-24 06:00:00
2741,close,2024-05-23 04:00:00
2743,open,2024-04-24 07:00:00
2743,close,2024-05-13 06:00:00
2744,open,2024-04-24 08:00:00
2744,onboarding_done,2024-04-24 09:00:00
2744,purchase,2024-05-01 07:00:00
2744,close,2024-05-23 07:00:00
2745,open,2024-04-24 09:00:00
2745,close,2024-05-16 08:00:00
2746,open,2024-04-24 10:00:00
2746,close,2024-05-21 09:00:00
2747,open,2024-04-24 11:00:00
2747,close,2024-05-12 10:00:00
2749,open,2024-04-24 13:00:00
2749,onboarding_done,2024-04-24 14:00:00
2749,purchase,2024-04-26 12:00:00
2749,close,2024-05-04 12:00:00
2750,open,2024-04-24 14:00:00
2750,onboarding_done,2024-04-24 15:00:00
2750,purchase,2024-05-05 13:00:00
2750,close,2024-05-12 13:00:00
2751,open,2024-04-24 15:00:00
2751,onboarding_done,2024-04-24 16:00:00
2751,purchase,2024-05-02 14:00:00
2751,close,2024-05-15 14:00:00
2752,open,2024-04-24 16:00:00
2752,onboarding_done,2024-04-24 17:00:00
2752,close,2024-05-05 15:00:00
2753,open,2024-04-24 17:00:00
2753,close,2024-05-04 16:00:00
2754,open,2024-04-24 18:00:00
2754,onboarding_done,2024-04-24 19:00:00
2754,close,2024-04-30 17:00:00
2755,open,2024-04-24 19:00:00
2755,close,2024-04-27 18:00:00
2756,open,2024-04-24 20:00:00
2756,onboarding_done,2024-04-24 21:00:00
2756,close,2024-05-07 19:00:00
2756,purchase,2024-05-08 19:00:00
2757,open,2024-04-24 21:00:00
2757,onboarding_done,2024-04-24 22:00:00
2757,close,2024-05-22 20:00:00
2758,open,2024-04-24 22:00:00
2758,onboarding_done,2024-04-24 23:00:00
2758,close,2024-05-05 21:00:00
2759,open,2024-04-24 23:00:00
2759,close,2024-05-01 22:00:00
2760,open,2024-04-25 00:00:00
2760,onboarding_done,2024-04-25 01:00:00
2760,purchase,2024-04-26 23:00:00
2760,close,2024-05-06 23:00:00
2761,open,2024-04-25 01:00:00
2761,onboarding_done,2024-04-25 02:00:00
2761,close,2024-04-28 00:00:00
2761,purchase,2024-05-02 00:00:00
2762,open,2024-04-25 02:00:00
2762,onboarding_done,2024-04-25 03:00:00
2762,close,2024-05-07 01:00:00
2763,open,2024-04-25 03:00:00
2763,onboarding_done,2024-04-25 04:00:00
2763,close,2024-05-09 02:00:00
2764,open,2024-04-25 04:00:00
2764,close,2024-05-07 03:00:00
2765,open,2024-04-25 05:00:00
2765,onboarding_done,2024-04-25 06:00:00
2765,close,2024-04-26 04:00:00
2766,open,2024-04-25 06:00:00
2766,close,2024-05-17 05:00:00
2767,open,2024-04-25 07:00:00
2767,close,2024-05-21 06:00:00
2768,open,2024-04-25 08:00:00
2768,onboarding_done,2024-04-25 09:00:00
2768,purchase,2024-04-26 07:00:00
2768,close,2024-05-18 07:00:00
2769,open,2024-04-25 09:00:00
2769,close,2024-05-23 08:00:00
2770,open,2024-04-25 10:00:00
2770,onboarding_done,2024-04-25 11:00:00
2770,close,2024-04-26 09:00:00
2771,open,2024-04-25 11:00:00
2771,onboarding_done,2024-04-25 12:00:00
2771,close,2024-05-17 10:00:00
2772,open,2024-04-25 12:00:00
2772,close,2024-05-09 11:00:00
2773,open,2024-04-25 13:00:00
2773,onboarding_done,2024-04-25 14:00:00
2773,close,2024-05-03 12:00:00
2774,open,2024-04-25 14:00:00
2774,onboarding_done,2024-04-25 15:00:00
2774,close,2024-05-23 13:00:00
2775,open,2024-04-25 15:00:00
2775,close,2024-05-18 14:00:00
2776,open,2024-04-25 16:00:00
2776,onboarding_done,2024-04-25 17:00:00
2776,close,2024-04-26 15:00:00
2777,open,2024-04-25 17:00:00
2777,close,2024-05-14 16:00:00
2778,open,2024-04-25 18:00:00
2778,onboarding_done,2024-04-25 19:00:00
2778,close,2024-05-01 17:00:00
2779,open,2024-04-25 19:00:00
2779,close,2024-05-13 18:00:00
2780,open,2024-04-25 20:00:00
2780,onboarding_done,2024-04-25 21:00:00
2780,close,2024-05-02 19:00:00
2781,open,2024-04-25 21:00:00
2781,onboarding_done,2024-04-25 22:00:00
2781,close,2024-05-15 20:00:00
2782,open,2024-04-25 22:00:00
2782,onboarding_done,2024-04-25 23:00:00
2782,close,2024-05-01 21:00:00
2783,open,2024-04-25 23:00:00
2783,onboarding_done,2024-04-26 00:00:00
2783,close,2024-05-21 22:00:00
2784,open,2024-04-26 00:00:00
2784,onboarding_done,2024-04-26 01:00:00
2784,close,2024-05-23 23:00:00
2785,open,2024-04-26 01:00:00
2785,onboarding_done,2024-04-26 02:00:00
2785,close,2024-05-16 00:00:00
2786,open,2024-04-26 02:00:00
2786,onboarding_done,2024-04-26 03:00:00
2786,purchase,2024-05-05 01:00:00
2786,close,2024-05-07 01:00:00
2787,open,2024-04-26 03:00:00
2787,onboarding_done,2024-04-26 04:00:00
2787,close,2024-05-25 02:00:00
2788,open,2024-04-26 04:00:00
2788,close,2024-05-09 03:00:00
2789,open,2024-04-26 05:00:00
2789,onboarding_done,2024-04-26 06:00:00
2789,close,2024-05-21 04:00:00
2790,open,2024-04-26 06:00:00
2790,close,2024-05-10 05:00:00
2791,open,2024-04-26 07:00:00
2791,close,2024-05-14 06:00:00
2792,open,2024-04-26 08:00:00
2792,close,2024-05-14 07:00:00
2794,open,2024-04-26 10:00:00
2794,onboarding_done,2024-04-26 11:00:00
2794,close,2024-05-21 09:00:00
2795,open,2024-04-26 11:00:00
2795,onboarding_done,2024-04-26 12:00:00
2795,close,2024-05-16 10:00:00
2796,open,2024-04-26 12:00:00
2796,onboarding_done,2024-04-26 13:00:00
2796,purchase,2024-05-07 11:00:00
2796,close,2024-05-20 11:00:00
2797,open,2024-04-26 13:00:00
2797,close,2024-05-21 12:00:00
2798,open,2024-04-26 14:00:00
2798,onboarding_done,2024-04-26 15:00:00
2798,close,2024-05-03 13:00:00
2799,open,2024-04-26 15:00:00
2799,onboarding_done,2024-04-26 16:00:00
2799,close,2024-04-28 14:00:00
2800,open,2024-04-26 16:00:00
2800,onboarding_done,2024-04-26 17:00:00
2800,close,2024-05-11 15:00:00
2801,open,2024-04-26 17:00:00
2801,close,2024-05-20 16:00:00
2802,open,2024-04-26 18:00:00
2802,close,2024-05-17 17:00:00
2804,open,2024-04-26 20:00:00
2804,onboarding_done,2024-04-26 21:00:00
2804,close,2024-05-02 19:00:00
2805,open,2024-04-26 21:00:00
2805,close,2024-05-13 20:00:00
2806,open,2024-04-26 22:00:00
2806,onboarding_done,2024-04-26 23:00:00
2806,close,2024-05-12 21:00:00
2807,open,2024-04-26 23:00:00
2807,onboarding_done,2024-04-27 00:00:00
2807,purchase,2024-05-10 22:00:00
2807,close,2024-05-21 22:00:00
2808,open,2024-04-27 00:00:00
2808,onboarding_done,2024-04-27 01:00:00
2808,close,2024-04-29 23:00:00
2809,open,2024-04-27 01:00:00
2809,onboarding_done,2024-04-27 02:00:00
2809,close,2024-05-24 00:00:00
2810,open,2024-04-27 02:00:00
2810,close,2024-04-28 01:00:00
2811,open,2024-04-27 03:00:00
2811,onboarding_done,2024-04-27 04:00:00
2811,close,2024-05-25 02:00:00
2812,open,2024-04-27 04:00:00
2812,onboarding_done,2024-04-27 05:00:00
2812,close,2024-04-30 03:00:00
2813,open,2024-04-27 05:00:00
2813,onboarding_done,2024-04-27 06:00:00
2813,close,2024-05-06 04:00:00
2814,open,2024-04-27 06:00:00
2814,onboarding_done,2024-04-27 07:00:00
2814,purchase,2024-04-30 05:00:00
2814,close,2024-05-07 05:00:00
2815,open,2024-04-27 07:00:00
2815,onboarding_done,2024-04-27 08:00:00
2815,close,2024-05-24 06:00:00
2816,open,2024-04-27 08:00:00
2816,onboarding_done,2024-04-27 09:00:00
2816,close,2024-05-26 07:00:00
2817,open,2024-04-27 09:00:00
2817,onboarding_done,2024-04-27 10:00:00
2817,purchase,2024-05-08 08:00:00
2817,close,2024-05-15 08:00:00
2818,open,2024-04-27 10:00:00
2818,close,2024-04-28 09:00:00
2819,open,2024-04-27 11:00:00
2819,close,2024-05-07 10:00:00
2820,open,2024-04-27 12:00:00
2820,close,2024-05-07 11:00:00
2821,open,2024-04-27 13:00:00
2821,close,2024-04-28 12:00:00
2822,open,2024-04-27 14:00:00
2822,onboarding_done,2024-04-27 15:00:00
2822,close,2024-05-20 13:00:00
2823,open,2024-04-27 15:00:00
2823,onboarding_done,2024-04-27 16:00:00
2823,close,2024-05-17 14:00:00
2824,open,2024-04-27 16:00:00
2824,close,2024-05-05 15:00:00
2825,open,2024-04-27 17:00:00
2825,onboarding_done,2024-04-27 18:00:00
2825,close,2024-05-06 16:00:00
2825,purchase,2024-05-07 16:00:00
2826,open,2024-04-27 18:00:00
2826,onboarding_done,2024-04-27 19:00:00
2826,close,2024-05-05 17:00:00
2827,open,2024-04-27 19:00:00
2827,onboarding_done,2024-04-27 20:00:00
2827,purchase,2024-05-11 18:00:00
2827,close,2024-05-16 18:00:00
2828,open,2024-04-27 20:00:00
2828,onboarding_done,2024-04-27 21:00:00
2828,close,2024-05-11 19:00:00
2829,open,2024-04-27 21:00:00
2829,onboarding_done,2024-04-27 22:00:00
2829,close,2024-05-01 20:00:00
2831,open,2024-04-27 23:00:00
2831,onboarding_done,2024-04-28 00:00:00
2831,close,2024-04-28 22:00:00
2832,open,2024-04-28 00:00:00
2832,onboarding_done,2024-04-28 01:00:00
2832,close,2024-05-18 23:00:00
2833,open,2024-04-28 01:00:00
2833,close,2024-05-15 00:00:00
2834,open,2024-04-28 02:00:00
2834,onboarding_done,2024-04-28 03:00:00
2834,close,2024-05-03 01:00:00
2835,open,2024-04-28 03:00:00
2835,close,2024-05-08 02:00:00
2836,open,2024-04-28 04:00:00
2836,onboarding_done,2024-04-28 05:00:00
2836,close,2024-04-30 03:00:00
2837,open,2024-04-28 05:00:00
2837,onboarding_done,2024-04-28 06:00:00
2837,close,2024-05-27 04:00:00
2838,open,2024-04-28 06:00:00
2838,onboarding_done,2024-04-28 07:00:00
2838,close,2024-05-26 05:00:00
2839,open,2024-04-28 07:00:00
2839,onboarding_done,2024-04-28 08:00:00
2839,purchase,2024-05-11 06:00:00
2839,close,2024-05-15 06:00:00
2840,open,2024-04-28 08:00:00
2840,close,2024-05-02 07:00:00
2841,open,2024-04-28 09:00:00
2841,onboarding_done,2024-04-28 10:00:00
2841,close,2024-05-07 08:00:00
2841,purchase,2024-05-11 08:00:00
2842,open,2024-04-28 10:00:00
2842,close,2024-05-18 09:00:00
2843,open,2024-04-28 11:00:00
2843,close,2024-05-22 10:00:00
2844,open,2024-04-28 12:00:00
2844,onboarding_done,2024-04-28 13:00:00
2844,close,2024-05-15 11:00:00
2845,open,2024-04-28 13:00:00
2845,close,2024-05-25 12:00:00
2846,open,2024-04-28 14:00:00
2846,close,2024-05-23 13:00:00
2847,open,2024-04-28 15:00:00
2847,close,2024-05-24 14:00:00
2848,open,2024-04-28 16:00:00
2848,onboarding_done,2024-04-28 17:00:00
2848,purchase,2024-04-29 15:00:00
2848,close,2024-05-17 15:00:00
2849,open,2024-04-28 17:00:00
2849,onboarding_done,2024-04-28 18:00:00
2849,close,2024-05-27 16:00:00
2850,open,2024-04-28 18:00:00
2850,onboarding_done,2024-04-28 19:00:00
2850,close,2024-05-17 17:00:00
2851,open,2024-04-28 19:00:00
2851,onboarding_done,2024-04-28 20:00:00
2851,close,2024-05-04 18:00:00
2852,open,2024-04-28 20:00:00
2852,onboarding_done,2024-04-28 21:00:00
2852,close,2024-05-17 19:00:00
2853,open,2024-04-28 21:00:00
2853,onboarding_done,2024-04-28 22:00:00
2853,close,2024-05-02 20:00:00
2854,open,2024-04-28 22:00:00
2854,onboarding_done,2024-04-28 23:00:00
2854,close,2024-05-19 21:00:00
2855,open,2024-04-28 23:00:00
2855,onboarding_done,2024-04-29 00:00:00
2855,close,2024-05-27 22:00:00
2856,open,2024-04-29 00:00:00
2856,close,2024-05-18 23:00:00
2857,open,2024-04-29 01:00:00
2857,onboarding_done,2024-04-29 02:00:00
2857,close,2024-05-16 00:00:00
2858,open,2024-04-29 02:00:00
2858,close,2024-05-09 01:00:00
2859,open,2024-04-29 03:00:00
2859,onboarding_done,2024-04-29 04:00:00
2859,close,2024-05-16 02:00:00
2860,open,2024-04-29 04:00:00
2860,onboarding_done,2024-04-29 05:00:00
2860,purchase,2024-05-10 03:00:00
2860,close,2024-05-25 03:00:00
2861,open,2024-04-29 05:00:00
2861,onboarding_done,2024-04-29 06:00:00
2861,close,2024-05-12 04:00:00
2862,open,2024-04-29 06:00:00
2862,onboarding_done,2024-04-29 07:00:00
2862,close,2024-05-15 05:00:00
2863,open,2024-04-29 07:00:00
2863,onboarding_done,2024-04-29 08:00:00
2863,close,2024-05-04 06:00:00
2864,open,2024-04-29 08:00:00
2864,onboarding_done,2024-04-29 09:00:00
2864,close,2024-05-15 07:00:00
2865,open,2024-04-29 09:00:00
2865,close,2024-05-16 08:00:00
2866,open,2024-04-29 10:00:00
2866,onboarding_done,2024-04-29 11:00:00
2866,purchase,2024-05-08 09:00:00
2866,close,2024-05-14 09:00:00
2867,open,2024-04-29 11:00:00
2867,onboarding_done,2024-04-29 12:00:00
2867,purchase,2024-05-02 10:00:00
2867,close,2024-05-11 10:00:00
2868,open,2024-04-29 12:00:00
2868,close,2024-05-19 11:00:00
2869,open,2024-04-29 13:00:00
2869,onboarding_done,2024-04-29 14:00:00
2869,purchase,2024-05-06 12:00:00
2869,close,2024-05-08 12:00:00
2870,open,2024-04-29 14:00:00
2870,close,2024-05-03 13:00:00
2871,open,2024-04-29 15:00:00
2871,close,2024-05-15 14:00:00
2872,open,2024-04-29 16:00:00
2872,onboarding_done,2024-04-29 17:00:00
2872,close,2024-05-25 15:00:00
2874,open,2024-04-29 18:00:00
2874,close,2024-05-14 17:00:00
2875,open,2024-04-29 19:00:00
2875,onboarding_done,2024-04-29 20:00:00
2875,close,2024-05-02 18:00:00
2875,purchase,2024-05-08 18:00:00
2876,open,2024-04-29 20:00:00
2876,onboarding_done,2024-04-29 21:00:00
2876,close,2024-05-27 19:00:00
2877,open,2024-04-29 21:00:00
2877,close,2024-05-24 20:00:00
2878,open,2024-04-29 22:00:00
2878,close,2024-05-13 21:00:00
2879,open,2024-04-29 23:00:00
2879,onboarding_done,2024-04-30 00:00:00
2879,close,2024-05-05 22:00:00
2880,open,2024-04-30 00:00:00
2880,close,2024-05-09 23:00:00
2881,open,2024-04-30 01:00:00
2881,onboarding_done,2024-04-30 02:00:00
2881,purchase,2024-05-01 00:00:00
2881,close,2024-05-27 00:00:00
2882,open,2024-04-30 02:00:00
2882,close,2024-05-23 01:00:00
2883,open,2024-04-30 03:00:00
2883,close,2024-05-26 02:00:00
2884,open,2024-04-30 04:00:00
2884,close,2024-05-19 03:00:00
2885,open,2024-04-30 05:00:00
2885,close,2024-05-21 04:00:00
2886,open,2024-04-30 06:00:00
2886,onboarding_done,2024-04-30 07:00:00
2886,close,2024-05-26 05:00:00
2887,open,2024-04-30 07:00:00
2887,onboarding_done,2024-04-30 08:00:00
2887,close,2024-05-09 06:00:00
2888,open,2024-04-30 08:00:00
2888,onboarding_done,2024-04-30 09:00:00
2888,close,2024-05-22 07:00:00
2889,open,2024-04-30 09:00:00
2889,onboarding_done,2024-04-30 10:00:00
2889,close,2024-05-21 08:00:00
2890,open,2024-04-30 10:00:00
2890,close,2024-05-03 09:00:00
2891,open,2024-04-30 11:00:00
2891,close,2024-05-03 10:00:00
2892,open,2024-04-30 12:00:00
2892,onboarding_done,2024-04-30 13:00:00
2892,close,2024-05-01 11:00:00
2893,open,2024-04-30 13:00:00
2893,onboarding_done,2024-04-30 14:00:00
2893,purchase,2024-05-04 12:00:00
2893,close,2024-05-17 12:00:00
2894,open,2024-04-30 14:00:00
2894,onboarding_done,2024-04-30 15:00:00
2894,close,2024-05-07 13:00:00
2894,purchase,2024-05-08 13:00:00
2895,open,2024-04-30 15:00:00
2895,onboarding_done,2024-04-30 16:00:00
2895,close,2024-05-08 14:00:00
2896,open,2024-04-30 16:00:00
2896,onboarding_done,2024-04-30 17:00:00
2896,close,2024-05-15 15:00:00
2897,open,2024-04-30 17:00:00
2897,onboarding_done,2024-04-30 18:00:00
2897,close,2024-05-07 16:00:00
2898,open,2024-04-30 18:00:00
2898,onboarding_done,2024-04-30 19:00:00
2898,purchase,2024-05-04 17:00:00
2898,close,2024-05-28 17:00:00
2899,open,2024-04-30 19:00:00
2899,close,2024-05-18 18:00:00
2900,open,2024-04-30 20:00:00
2900,onboarding_done,2024-04-30 21:00:00
2900,purchase,2024-05-05 19:00:00
2900,close,2024-05-12 19:00:00
2902,open,2024-04-30 22:00:00
2902,onboarding_done,2024-04-30 23:00:00
2902,close,2024-05-25 21:00:00
2903,open,2024-04-30 23:00:00
2903,onboarding_done,2024-05-01 00:00:00
2903,close,2024-05-22 22:00:00
2904,open,2024-05-01 00:00:00
2904,close,2024-05-16 23:00:00
2905,open,2024-05-01 01:00:00
2905,onboarding_done,2024-05-01 02:00:00
2905,close,2024-05-07 00:00:00
2906,open,2024-05-01 02:00:00
2906,onboarding_done,2024-05-01 03:00:00
2906,close,2024-05-23 01:00:00
2907,open,2024-05-01 03:00:00
2907,onboarding_done,2024-05-01 04:00:00
2907,close,2024-05-13 02:00:00
2908,open,2024-05-01 04:00:00
2908,close,2024-05-06 03:00:00
2909,open,2024-05-01 05:00:00
2909,onboarding_done,2024-05-01 06:00:00
2909,close,2024-05-17 04:00:00
2910,open,2024-05-01 06:00:00
2910,close,2024-05-20 05:00:00
2911,open,2024-05-01 07:00:00
2911,close,2024-05-25 06:00:00
2912,open,2024-05-01 08:00:00
2912,onboarding_done,2024-05-01 09:00:00
2912,close,2024-05-11 07:00:00
2913,open,2024-05-01 09:00:00
2913,onboarding_done,2024-05-01 10:00:00
2913,purchase,2024-05-11 08:00:00
2913,close,2024-05-30 08:00:00
2914,open,2024-05-01 10:00:00
2914,onboarding_done,2024-05-01 11:00:00
2914,purchase,2024-05-12 09:00:00
2914,close,2024-05-15 09:00:00
2915,open,2024-05-01 11:00:00
2915,close,2024-05-05 10:00:00
2916,open,2024-05-01 12:00:00
2916,onboarding_done,2024-05-01 13:00:00
2916,close,2024-05-04 11:00:00
2917,open,2024-05-01 13:00:00
2917,onboarding_done,2024-05-01 14:00:00
2917,close,2024-05-16 12:00:00
2918,open,2024-05-01 14:00:00
2918,onboarding_done,2024-05-01 15:00:00
2918,close,2024-05-30 13:00:00
2919,open,2024-05-01 15:00:00
2919,onboarding_done,2024-05-01 16:00:00
2919,close,2024-05-05 14:00:00
2920,open,2024-05-01 16:00:00
2920,close,2024-05-05 15:00:00
2921,open,2024-05-01 17:00:00
2921,onboarding_done,2024-05-01 18:00:00
2921,close,2024-05-13 16:00:00
2922,open,2024-05-01 18:00:00
2922,onboarding_done,2024-05-01 19:00:00
2922,close,2024-05-21 17:00:00
2923,open,2024-05-01 19:00:00
2923,onboarding_done,2024-05-01 20:00:00
2923,close,2024-05-05 18:00:00
2924,open,2024-05-01 20:00:00
2924,onboarding_done,2024-05-01 21:00:00
2924,close,2024-05-09 19:00:00
2924,purchase,2024-05-10 19:00:00
2925,open,2024-05-01 21:00:00
2925,onboarding_done,2024-05-01 22:00:00
2925,close,2024-05-22 20:00:00
2926,open,2024-05-01 22:00:00
2926,close,2024-05-09 21:00:00
2927,open,2024-05-01 23:00:00
2927,onboarding_done,2024-05-02 00:00:00
2927,close,2024-05-03 22:00:00
2928,open,2024-05-02 00:00:00
2928,close,2024-05-15 23:00:00
2929,open,2024-05-02 01:00:00
2929,onboarding_done,2024-05-02 02:00:00
2929,close,2024-05-09 00:00:00
2930,open,2024-05-02 02:00:00
2930,onboarding_done,2024-05-02 03:00:00
2930,close,2024-05-24 01:00:00
2931,open,2024-05-02 03:00:00
2931,onboarding_done,2024-05-02 04:00:00
2931,close,2024-05-26 02:00:00
2932,open,2024-05-02 04:00:00
2932,onboarding_done,2024-05-02 05:00:00
2932,close,2024-05-11 03:00:00
2933,open,2024-05-02 05:00:00
2933,close,2024-05-06 04:00:00
2935,open,2024-05-02 07:00:00
2935,onboarding_done,2024-05-02 08:00:00
2935,close,2024-05-11 06:00:00
2936,open,2024-05-02 08:00:00
2936,onboarding_done,2024-05-02 09:00:00
2936,close,2024-05-03 07:00:00
2937,open,2024-05-02 09:00:00
2937,onboarding_done,2024-05-02 10:00:00
2937,close,2024-05-19 08:00:00
2938,open,2024-05-02 10:00:00
2938,onboarding_done,2024-05-02 11:00:00
2938,close,2024-05-26 09:00:00
2939,open,2024-05-02 11:00:00
2939,onboarding_done,2024-05-02 12:00:00
2939,purchase,2024-05-06 10:00:00
2939,close,2024-05-29 10:00:00
2940,open,2024-05-02 12:00:00
2940,onboarding_done,2024-05-02 13:00:00
2940,close,2024-05-17 11:00:00
2941,open,2024-05-02 13:00:00
2941,onboarding_done,2024-05-02 14:00:00
2941,close,2024-05-03 12:00:00
2942,open,2024-05-02 14:00:00
2942,close,2024-05-09 13:00:00
2943,open,2024-05-02 15:00:00
2943,close,2024-05-15 14:00:00
2944,open,2024-05-02 16:00:00
2944,close,2024-05-15 15:00:00
2945,open,2024-05-02 17:00:00
2945,onboarding_done,2024-05-02 18:00:00
2945,close,2024-05-23 16:00:00
2947,open,2024-05-02 19:00:00
2947,onboarding_done,2024-05-02 20:00:00
2947,close,2024-05-21 18:00:00
2948,open,2024-05-02 20:00:00
2948,close,2024-05-14 19:00:00
2949,open,2024-05-02 21:00:00
2949,close,2024-05-09 20:00:00
2951,open,2024-05-02 23:00:00
2951,close,2024-05-22 22:00:00
2952,open,2024-05-03 00:00:00
2952,onboarding_done,2024-05-03 01:00:00
2952,close,2024-05-29 23:00:00
2953,open,2024-05-03 01:00:00
2953,close,2024-05-13 00:00:00
2954,open,2024-05-03 02:00:00
2954,close,2024-05-26 01:00:00
2955,open,2024-05-03 03:00:00
2955,onboarding_done,2024-05-03 04:00:00
2955,purchase,2024-05-06 02:00:00
2955,close,2024-05-10 02:00:00
2956,open,2024-05-03 04:00:00
2956,onboarding_done,2024-05-03 05:00:00
2956,close,2024-05-08 03:00:00
2957,open,2024-05-03 05:00:00
2957,onboarding_done,2024-05-03 06:00:00
2957,close,2024-05-17 04:00:00
2958,open,2024-05-03 06:00:00
2958,onboarding_done,2024-05-03 07:00:00
2958,close,2024-05-31 05:00:00
2959,open,2024-05-03 07:00:00
2959,onboarding_done,2024-05-03 08:00:00
2959,close,2024-05-07 06:00:00
2959,purchase,2024-05-10 06:00:00
2960,open,2024-05-03 08:00:00
2960,onboarding_done,2024-05-03 09:00:00
2960,close,2024-06-01 07:00:00
2961,open,2024-05-03 09:00:00
2961,close,2024-05-08 08:00:00
2962,open,2024-05-03 10:00:00
2962,onboarding_done,2024-05-03 11:00:00
2962,close,2024-05-06 09:00:00
2963,open,2024-05-03 11:00:00
2963,onboarding_done,2024-05-03 12:00:00
2963,close,2024-05-14 10:00:00
2964,open,2024-05-03 12:00:00
2964,onboarding_done,2024-05-03 13:00:00
2964,close,2024-05-10 11:00:00
2965,open,2024-05-03 13:00:00
2965,onboarding_done,2024-05-03 14:00:00
2965,close,2024-05-13 12:00:00
2966,open,2024-05-03 14:00:00
2966,onboarding_done,2024-05-03 15:00:00
2966,close,2024-05-07 13:00:00
2968,open,2024-05-03 16:00:00
2968,onboarding_done,2024-05-03 17:00:00
2968,close,2024-05-20 15:00:00
2969,open,2024-05-03 17:00:00
2969,close,2024-05-21 16:00:00
2970,open,2024-05-03 18:00:00
2970,close,2024-05-20 17:00:00
2971,open,2024-05-03 19:00:00
2971,onboarding_done,2024-05-03 20:00:00
2971,close,2024-05-28 18:00:00
2972,open,2024-05-03 20:00:00
2972,onboarding_done,2024-05-03 21:00:00
2972,purchase,2024-05-12 19:00:00
2972,close,2024-05-23 19:00:00
2973,open,2024-05-03 21:00:00
2973,onboarding_done,2024-05-03 22:00:00
2973,close,2024-05-16 20:00:00
2974,open,2024-05-03 22:00:00
2974,onboarding_done,2024-05-03 23:00:00
2974,close,2024-06-01 21:00:00
2975,open,2024-05-03 23:00:00
2975,close,2024-05-24 22:00:00
2976,open,2024-05-04 00:00:00
2976,onboarding_done,2024-05-04 01:00:00
2976,close,2024-05-08 23:00:00
2977,open,2024-05-04 01:00:00
2977,close,2024-05-09 00:00:00
2978,open,2024-05-04 02:00:00
2978,onboarding_done,2024-05-04 03:00:00
2978,purchase,2024-05-13 01:00:00
2978,close,2024-05-18 01:00:00
2979,open,2024-05-04 03:00:00
2979,onboarding_done,2024-05-04 04:00:00
2979,close,2024-05-30 02:00:00
2980,open,2024-05-04 04:00:00
2980,onboarding_done,2024-05-04 05:00:00
2980,close,2024-05-15 03:00:00
2981,open,2024-05-04 05:00:00
2981,close,2024-05-11 04:00:00
2982,open,2024-05-04 06:00:00
2982,close,2024-05-22 05:00:00
2983,open,2024-05-04 07:00:00
2983,onboarding_done,2024-05-04 08:00:00
2983,close,2024-05-15 06:00:00
2984,open,2024-05-04 08:00:00
2984,close,2024-05-30 07:00:00
2985,open,2024-05-04 09:00:00
2985,close,2024-05-10 08:00:00
2986,open,2024-05-04 10:00:00
2986,close,2024-05-26 09:00:00
2987,open,2024-05-04 11:00:00
2987,onboarding_done,2024-05-04 12:00:00
2987,close,2024-05-13 10:00:00
2988,open,2024-05-04 12:00:00
2988,onboarding_done,2024-05-04 13:00:00
2988,close,2024-05-12 11:00:00
2989,open,2024-05-04 13:00:00
2989,onboarding_done,2024-05-04 14:00:00
2989,purchase,2024-05-11 12:00:00
2989,close,2024-05-13 12:00:00
2990,open,2024-05-04 14:00:00
2990,close,2024-05-06 13:00:00
2991,open,2024-05-04 15:00:00
2991,onboarding_done,2024-05-04 16:00:00
2991,close,2024-05-16 14:00:00
2992,open,2024-05-04 16:00:00
2992,onboarding_done,2024-05-04 17:00:00
2992,purchase,2024-05-13 15:00:00
2992,close,2024-05-27 15:00:00
2993,open,2024-05-04 17:00:00
2993,onboarding_done,2024-05-04 18:00:00
2993,close,2024-05-11 16:00:00
2994,open,2024-05-04 18:00:00
2994,onboarding_done,2024-05-04 19:00:00
2994,close,2024-05-05 17:00:00
2995,open,2024-05-04 19:00:00
2995,close,2024-05-24 18:00:00
2996,open,2024-05-04 20:00:00
2996,close,2024-05-29 19:00:00
2997,open,2024-05-04 21:00:00
2997,onboarding_done,2024-05-04 22:00:00
2997,close,2024-05-21 20:00:00
2998,open,2024-05-04 22:00:00
2998,onboarding_done,2024-05-04 23:00:00
2998,purchase,2024-05-13 21:00:00
2998,close,2024-05-20 21:00:00
2999,open,2024-05-04 23:00:00
2999,onboarding_done,2024-05-05 00:00:00
2999,purchase,2024-05-14 22:00:00
2999,close,2024-05-24 22:00:00
3000,open,2024-05-05 00:00:00
3000,onboarding_done,2024-05-05 01:00:00
3000,close,2024-05-09 23:00:00
3002,open,2024-05-05 02:00:00
3002,close,2024-06-03 01:00:00
3003,open,2024-05-05 03:00:00
3003,close,2024-05-28 02:00:00
3004,open,2024-05-05 04:00:00
3004,close,2024-05-15 03:00:00
3005,open,2024-05-05 05:00:00
3005,onboarding_done,2024-05-05 06:00:00
3005,purchase,2024-05-15 04:00:00
3005,close,2024-05-21 04:00:00
3006,open,2024-05-05 06:00:00
3006,onboarding_done,2024-05-05 07:00:00
3006,close,2024-05-06 05:00:00
3007,open,2024-05-05 07:00:00
3007,onboarding_done,2024-05-05 08:00:00
3007,purchase,2024-05-18 06:00:00
3007,close,2024-05-30 06:00:00
3008,open,2024-05-05 08:00:00
3008,onboarding_done,2024-05-05 09:00:00
3008,close,2024-05-11 07:00:00
3009,open,2024-05-05 09:00:00
3009,onboarding_done,2024-05-05 10:00:00
3009,close,2024-05-06 08:00:00
3009,purchase,2024-05-10 08:00:00
3010,open,2024-05-05 10:00:00
3010,onboarding_done,2024-05-05 11:00:00
3010,close,2024-05-10 09:00:00
3011,open,2024-05-05 11:00:00
3011,onboarding_done,2024-05-05 12:00:00
3011,purchase,2024-05-07 10:00:00
3011,close,2024-05-14 10:00:00
3012,open,2024-05-05 12:00:00
3012,close,2024-05-13 11:00:00
3013,open,2024-05-05 13:00:00
3013,close,2024-06-01 12:00:00
3014,open,2024-05-05 14:00:00
3014,onboarding_done,2024-05-05 15:00:00
3014,purchase,2024-05-16 13:00:00
3014,close,2024-05-25 13:00:00
3015,open,2024-05-05 15:00:00
3015,onboarding_done,2024-05-05 16:00:00
3015,close,2024-05-09 14:00:00
3016,open,2024-05-05 16:00:00
3016,onboarding_done,2024-05-05 17:00:00
3016,close,2024-05-09 15:00:00
3017,open,2024-05-05 17:00:00
3017,onboarding_done,2024-05-05 18:00:00
3017,close,2024-05-08 16:00:00
3017,purchase,2024-05-19 16:00:00
3018,open,2024-05-05 18:00:00
3018,onboarding_done,2024-05-05 19:00:00
3018,close,2024-05-09 17:00:00
3019,open,2024-05-05 19:00:00
3019,onboarding_done,2024-05-05 20:00:00
3019,close,2024-05-28 18:00:00
3020,open,2024-05-05 20:00:00
3020,onboarding_done,2024-05-05 21:00:00
3020,close,2024-05-14 19:00:00
3021,open,2024-05-05 21:00:00
3021,close,2024-05-20 20:00:00
3022,open,2024-05-05 22:00:00
3022,close,2024-05-26 21:00:00
3023,open,2024-05-05 23:00:00
3023,onboarding_done,2024-05-06 00:00:00
3023,close,2024-05-15 22:00:00
3024,open,2024-05-06 00:00:00
3024,close,2024-05-08 23:00:00
3025,open,2024-05-06 01:00:00
3025,onboarding_done,2024-05-06 02:00:00
3025,close,2024-06-02 00:00:00
3026,open,2024-05-06 02:00:00
3026,onboarding_done,2024-05-06 03:00:00
3026,close,2024-05-14 01:00:00
3027,open,2024-05-06 03:00:00
3027,onboarding_done,2024-05-06 04:00:00
3027,close,2024-05-09 02:00:00
3028,open,2024-05-06 04:00:00
3028,onboarding_done,2024-05-06 05:00:00
3028,close,2024-05-10 03:00:00
3028,purchase,2024-05-12 03:00:00
3029,open,2024-05-06 05:00:00
3029,onboarding_done,2024-05-06 06:00:00
3029,purchase,2024-05-08 04:00:00
3029,close,2024-05-13 04:00:00
3030,open,2024-05-06 06:00:00
3030,onboarding_done,2024-05-06 07:00:00
3030,close,2024-05-23 05:00:00
3031,open,2024-05-06 07:00:00
3031,onboarding_done,2024-05-06 08:00:00
3031,close,2024-05-23 06:00:00
3032,open,2024-05-06 08:00:00
3032,onboarding_done,2024-05-06 09:00:00
3032,close,2024-05-27 07:00:00
3033,open,2024-05-06 09:00:00
3033,close,2024-05-10 08:00:00
3034,open,2024-05-06 10:00:00
3034,onboarding_done,2024-05-06 11:00:00
3034,close,2024-05-07 09:00:00
3035,open,2024-05-06 11:00:00
3035,onboarding_done,2024-05-06 12:00:00
3035,close,2024-05-23 10:00:00
3036,open,2024-05-06 12:00:00
3036,onboarding_done,2024-05-06 13:00:00
3036,close,2024-05-20 11:00:00
3037,open,2024-05-06 13:00:00
3037,close,2024-05-13 12:00:00
3038,open,2024-05-06 14:00:00
3038,close,2024-05-24 13:00:00
3039,open,2024-05-06 15:00:00
3039,onboarding_done,2024-05-06 16:00:00
3039,close,2024-05-31 14:00:00
3040,open,2024-05-06 16:00:00
3040,onboarding_done,2024-05-06 17:00:00
3040,purchase,2024-05-10 15:00:00
3040,close,2024-05-31 15:00:00
3041,open,2024-05-06 17:00:00
3041,onboarding_done,2024-05-06 18:00:00
3041,close,2024-05-28 16:00:00
3042,open,2024-05-06 18:00:00
3042,onboarding_done,2024-05-06 19:00:00
3042,close,2024-05-17 17:00:00
3043,open,2024-05-06 19:00:00
3043,onboarding_done,2024-05-06 20:00:00
3043,close,2024-05-30 18:00:00
3044,open,2024-05-06 20:00:00
3044,onboarding_done,2024-05-06 21:00:00
3044,purchase,2024-05-10 19:00:00
3044,close,2024-06-02 19:00:00
3045,open,2024-05-06 21:00:00
3045,onboarding_done,2024-05-06 22:00:00
3045,close,2024-05-18 20:00:00
3046,open,2024-05-06 22:00:00
3046,onboarding_done,2024-05-06 23:00:00
3046,close,2024-05-20 21:00:00
3048,open,2024-05-07 00:00:00
3048,onboarding_done,2024-05-07 01:00:00
3048,purchase,2024-05-07 23:00:00
3048,close,2024-05-23 23:00:00
3049,open,2024-05-07 01:00:00
3049,onboarding_done,2024-05-07 02:00:00
3049,purchase,2024-05-09 00:00:00
3049,close,2024-05-27 00:00:00
3050,open,2024-05-07 02:00:00
3050,close,2024-05-15 01:00:00
3051,open,2024-05-07 03:00:00
3051,close,2024-06-04 02:00:00
3052,open,2024-05-07 04:00:00
3052,onboarding_done,2024-05-07 05:00:00
3052,close,2024-05-10 03:00:00
3053,open,2024-05-07 05:00:00
3053,onboarding_done,2024-05-07 06:00:00
3053,close,2024-05-09 04:00:00
3053,purchase,2024-05-18 04:00:00
3054,open,2024-05-07 06:00:00
3054,onboarding_done,2024-05-07 07:00:00
3054,close,2024-05-11 05:00:00
3055,open,2024-05-07 07:00:00
3055,close,2024-05-14 06:00:00
3056,open,2024-05-07 08:00:00
3056,onboarding_done,2024-05-07 09:00:00
3056,close,2024-05-24 07:00:00
3058,open,2024-05-07 10:00:00
3058,onboarding_done,2024-05-07 11:00:00
3058,close,2024-05-26 09:00:00
3059,open,2024-05-07 11:00:00
3059,onboarding_done,2024-05-07 12:00:00
3059,close,2024-05-15 10:00:00
3061,open,2024-05-07 13:00:00
3061,close,2024-05-27 12:00:00
3062,open,2024-05-07 14:00:00
3062,close,2024-05-30 13:00:00
3063,open,2024-05-07 15:00:00
3063,onboarding_done,2024-05-07 16:00:00
3063,close,2024-05-13 14:00:00
3064,open,2024-05-07 16:00:00
3064,onboarding_done,2024-05-07 17:00:00
3064,close,2024-06-01 15:00:00
3065,open,2024-05-07 17:00:00
3065,close,2024-05-15 16:00:00
3066,open,2024-05-07 18:00:00
3066,onboarding_done,2024-05-07 19:00:00
3066,close,2024-05-17 17:00:00
3067,open,2024-05-07 19:00:00
3067,onboarding_done,2024-05-07 20:00:00
3067,close,2024-05-21 18:00:00
3068,open,2024-05-07 20:00:00
3068,onboarding_done,2024-05-07 21:00:00
3068,purchase,2024-05-19 19:00:00
3068,close,2024-05-27 19:00:00
3069,open,2024-05-07 21:00:00
3069,onboarding_done,2024-05-07 22:00:00
3069,purchase,2024-05-09 20:00:00
3069,close,2024-06-03 20:00:00
3070,open,2024-05-07 22:00:00
3070,onboarding_done,2024-05-07 23:00:00
3070,close,2024-05-09 21:00:00
3070,purchase,2024-05-14 21:00:00
3071,open,2024-05-07 23:00:00
3071,close,2024-05-13 22:00:00
3072,open,2024-05-08 00:00:00
3072,onboarding_done,2024-05-08 01:00:00
3072,purchase,2024-05-20 23:00:00
3072,close,2024-05-23 23:00:00
3073,open,2024-05-08 01:00:00
3073,close,2024-05-24 00:00:00
3074,open,2024-05-08 02:00:00
3074,close,2024-05-19 01:00:00
3075,open,2024-05-08 03:00:00
3075,onboarding_done,2024-05-08 04:00:00
3075,close,2024-05-13 02:00:00
3077,open,2024-05-08 05:00:00
3077,onboarding_done,2024-05-08 06:00:00
3077,purchase,2024-05-10 04:00:00
3077,close,2024-05-27 04:00:00
3079,open,2024-05-08 07:00:00
3079,close,2024-05-12 06:00:00
3080,open,2024-05-08 08:00:00
3080,onboarding_done,2024-05-08 09:00:00
3080,close,2024-05-13 07:00:00
3081,open,2024-05-08 09:00:00
3081,onboarding_done,2024-05-08 10:00:00
3081,close,2024-05-14 08:00:00
3082,open,2024-05-08 10:00:00
3082,onboarding_done,2024-05-08 11:00:00
3082,close,2024-05-25 09:00:00
3083,open,2024-05-08 11:00:00
3083,onboarding_done,2024-05-08 12:00:00
3083,close,2024-05-21 10:00:00
3084,open,2024-05-08 12:00:00
3084,onboarding_done,2024-05-08 13:00:00
3084,close,2024-06-01 11:00:00
3085,open,2024-05-08 13:00:00
3085,onboarding_done,2024-05-08 14:00:00
3085,close,2024-05-28 12:00:00
3086,open,2024-05-08 14:00:00
3086,close,2024-05-30 13:00:00
3087,open,2024-05-08 15:00:00
3087,close,2024-06-03 14:00:00
3088,open,2024-05-08 16:00:00
3088,close,2024-05-30 15:00:00
3089,open,2024-05-08 17:00:00
3089,close,2024-05-23 16:00:00
3090,open,2024-05-08 18:00:00
3090,close,2024-05-22 17:00:00
3091,open,2024-05-08 19:00:00
3091,close,2024-05-10 18:00:00
3092,open,2024-05-08 20:00:00
3092,onboarding_done,2024-05-08 21:00:00
3092,close,2024-05-19 19:00:00
3093,open,2024-05-08 21:00:00
3093,onboarding_done,2024-05-08 22:00:00
3093,purchase,2024-05-20 20:00:00
3093,close,2024-05-31 20:00:00
3094,open,2024-05-08 22:00:00
3094,onboarding_done,2024-05-08 23:00:00
3094,close,2024-05-28 21:00:00
3095,open,2024-05-08 23:00:00
3095,close,2024-05-31 22:00:00
3096,open,2024-05-09 00:00:00
3096,onboarding_done,2024-05-09 01:00:00
3096,close,2024-05-19 23:00:00
3097,open,2024-05-09 01:00:00
3097,close,2024-06-04 00:00:00
3098,open,2024-05-09 02:00:00
3098,onboarding_done,2024-05-09 03:00:00
3098,close,2024-05-26 01:00:00
3099,open,2024-05-09 03:00:00
3099,onboarding_done,2024-05-09 04:00:00
3099,close,2024-05-21 02:00:00
3100,open,2024-05-09 04:00:00
3100,onboarding_done,2024-05-09 05:00:00
3100,close,2024-05-20 03:00:00
3101,open,2024-05-09 05:00:00
3101,onboarding_done,2024-05-09 06:00:00
3101,purchase,2024-05-12 04:00:00
3101,close,2024-05-25 04:00:00
3102,open,2024-05-09 06:00:00
3102,onboarding_done,2024-05-09 07:00:00
3102,close,2024-05-15 05:00:00
3103,open,2024-05-09 07:00:00
3103,onboarding_done,2024-05-09 08:00:00
3103,close,2024-05-12 06:00:00
3104,open,2024-05-09 08:00:00
3104,close,2024-05-30 07:00:00
3105,open,2024-05-09 09:00:00
3105,onboarding_done,2024-05-09 10:00:00
3105,close,2024-06-05 08:00:00
3106,open,2024-05-09 10:00:00
3106,close,2024-05-23 09:00:00
3107,open,2024-05-09 11:00:00
3107,onboarding_done,2024-05-09 12:00:00
3107,close,2024-05-24 10:00:00
3108,open,2024-05-09 12:00:00
3108,onboarding_done,2024-05-09 13:00:00
3108,close,2024-05-18 11:00:00
3109,open,2024-05-09 13:00:00
3109,close,2024-05-25 12:00:00
3110,open,2024-05-09 14:00:00
3110,onboarding_done,2024-05-09 15:00:00
3110,close,2024-06-02 13:00:00
3111,open,2024-05-09 15:00:00
3111,close,2024-06-03 14:00:00
3112,open,2024-05-09 16:00:00
3112,onboarding_done,2024-05-09 17:00:00
3112,close,2024-06-06 15:00:00
3113,open,2024-05-09 17:00:00
3113,onboarding_done,2024-05-09 18:00:00
3113,purchase,2024-05-23 16:00:00
3113,close,2024-05-29 16:00:00
3114,open,2024-05-09 18:00:00
3114,onboarding_done,2024-05-09 19:00:00
3114,close,2024-05-13 17:00:00
3115,open,2024-05-09 19:00:00
3115,onboarding_done,2024-05-09 20:00:00
3115,close,2024-05-26 18:00:00
3116,open,2024-05-09 20:00:00
3116,onboarding_done,2024-05-09 21:00:00
3116,purchase,2024-05-20 19:00:00
3116,close,2024-06-02 19:00:00
3117,open,2024-05-09 21:00:00
3117,close,2024-05-24 20:00:00
3118,open,2024-05-09 22:00:00
3118,onboarding_done,2024-05-09 23:00:00
3118,close,2024-05-30 21:00:00
3121,open,2024-05-10 01:00:00
3121,onboarding_done,2024-05-10 02:00:00
3121,close,2024-05-26 00:00:00
3123,open,2024-05-10 03:00:00
3123,onboarding_done,2024-05-10 04:00:00
3123,purchase,2024-05-16 02:00:00
3123,close,2024-05-16 02:00:00
3124,open,2024-05-10 04:00:00
3124,onboarding_done,2024-05-10 05:00:00
3124,close,2024-05-17 03:00:00
3124,purchase,2024-05-18 03:00:00
3125,open,2024-05-10 05:00:00
3125,onboarding_done,2024-05-10 06:00:00
3125,close,2024-05-26 04:00:00
3126,open,2024-05-10 06:00:00
3126,onboarding_done,2024-05-10 07:00:00
3126,close,2024-05-12 05:00:00
3127,open,2024-05-10 07:00:00
3127,close,2024-06-07 06:00:00
3128,open,2024-05-10 08:00:00
3128,onboarding_done,2024-05-10 09:00:00
3128,purchase,2024-05-12 07:00:00
3128,close,2024-05-28 07:00:00
3129,open,2024-05-10 09:00:00
3129,onboarding_done,2024-05-10 10:00:00
3129,purchase,2024-05-22 08:00:00
3129,close,2024-05-24 08:00:00
3130,open,2024-05-10 10:00:00
3130,onboarding_done,2024-05-10 11:00:00
3130,close,2024-05-22 09:00:00
3131,open,2024-05-10 11:00:00
3131,onboarding_done,2024-05-10 12:00:00
3131,close,2024-05-26 10:00:00
3132,open,2024-05-10 12:00:00
3132,onboarding_done,2024-05-10 13:00:00
3132,close,2024-05-23 11:00:00
3133,open,2024-05-10 13:00:00
3133,onboarding_done,2024-05-10 14:00:00
3133,close,2024-05-28 12:00:00
3134,open,2024-05-10 14:00:00
3134,onboarding_done,2024-05-10 15:00:00
3134,close,2024-06-07 13:00:00
3135,open,2024-05-10 15:00:00
3135,close,2024-06-04 14:00:00
3136,open,2024-05-10 16:00:00
3136,close,2024-06-02 15:00:00
3137,open,2024-05-10 17:00:00
3137,onboarding_done,2024-05-10 18:00:00
3137,purchase,2024-05-11 16:00:00
3137,close,2024-06-06 16:00:00
3138,open,2024-05-10 18:00:00
3138,onboarding_done,2024-05-10 19:00:00
3138,close,2024-05-19 17:00:00
3139,open,2024-05-10 19:00:00
3139,onboarding_done,2024-05-10 20:00:00
3139,purchase,2024-05-22 18:00:00
3139,close,2024-05-29 18:00:00
3140,open,2024-05-10 20:00:00
3140,onboarding_done,2024-05-10 21:00:00
3140,close,2024-05-14 19:00:00
3142,open,2024-05-10 22:00:00
3142,onboarding_done,2024-05-10 23:00:00
3142,close,2024-05-27 21:00:00
3143,open,2024-05-10 23:00:00
3143,onboarding_done,2024-05-11 00:00:00
3143,close,2024-05-16 22:00:00
3144,open,2024-05-11 00:00:00
3144,onboarding_done,2024-05-11 01:00:00
3144,close,2024-05-25 23:00:00
3145,open,2024-05-11 01:00:00
3145,onboarding_done,2024-05-11 02:00:00
3145,close,2024-05-27 00:00:00
3146,open,2024-05-11 02:00:00
3146,onboarding_done,2024-05-11 03:00:00
3146,close,2024-05-18 01:00:00
3147,open,2024-05-11 03:00:00
3147,onboarding_done,2024-05-11 04:00:00
3147,close,2024-05-26 02:00:00
3148,open,2024-05-11 04:00:00
3148,onboarding_done,2024-05-11 05:00:00
3148,close,2024-06-03 03:00:00
3149,open,2024-05-11 05:00:00
3149,onboarding_done,2024-05-11 06:00:00
3149,purchase,2024-05-25 04:00:00
3149,close,2024-05-25 04:00:00
3150,open,2024-05-11 06:00:00
3150,onboarding_done,2024-05-11 07:00:00
3150,purchase,2024-05-15 05:00:00
3150,close,2024-05-26 05:00:00
3151,open,2024-05-11 07:00:00
3151,onboarding_done,2024-05-11 08:00:00
3151,close,2024-05-31 06:00:00
3152,open,2024-05-11 08:00:00
3152,onboarding_done,2024-05-11 09:00:00
3152,close,2024-05-19 07:00:00
3153,open,2024-05-11 09:00:00
3153,onboarding_done,2024-05-11 10:00:00
3153,close,2024-05-19 08:00:00
3154,open,2024-05-11 10:00:00
3154,close,2024-05-16 09:00:00
3155,open,2024-05-11 11:00:00
3155,onboarding_done,2024-05-11 12:00:00
3155,close,2024-05-21 10:00:00
3156,open,2024-05-11 12:00:00
3156,close,2024-05-24 11:00:00
3157,open,2024-05-11 13:00:00
3157,onboarding_done,2024-05-11 14:00:00
3157,close,2024-05-23 12:00:00
3158,open,2024-05-11 14:00:00
3158,close,2024-05-21 13:00:00
3160,open,2024-05-11 16:00:00
3160,onboarding_done,2024-05-11 17:00:00
3160,close,2024-05-28 15:00:00
3161,open,2024-05-11 17:00:00
3161,onboarding_done,2024-05-11 18:00:00
3161,close,2024-05-16 16:00:00
3162,open,2024-05-11 18:00:00
3162,close,2024-06-05 17:00:00
3163,open,2024-05-11 19:00:00
3163,onboarding_done,2024-05-11 20:00:00
3163,purchase,2024-05-17 18:00:00
3163,close,2024-05-26 18:00:00
3164,open,2024-05-11 20:00:00
3164,onboarding_done,2024-05-11 21:00:00
3164,close,2024-05-29 19:00:00
3165,open,2024-05-11 21:00:00
3165,onboarding_done,2024-05-11 22:00:00
3165,close,2024-05-27 20:00:00
3166,open,2024-05-11 22:00:00
3166,onboarding_done,2024-05-11 23:00:00
3166,close,2024-06-03 21:00:00
3167,open,2024-05-11 23:00:00
3167,close,2024-05-13 22:00:00
3168,open,2024-05-12 00:00:00
3168,onboarding_done,2024-05-12 01:00:00
3168,purchase,2024-05-19 23:00:00
3168,close,2024-06-06 23:00:00
3169,open,2024-05-12 01:00:00
3169,onboarding_done,2024-05-12 02:00:00
3169,close,2024-05-23 00:00:00
3170,open,2024-05-12 02:00:00
3170,onboarding_done,2024-05-12 03:00:00
3170,close,2024-05-21 01:00:00
3171,open,2024-05-12 03:00:00
3171,onboarding_done,2024-05-12 04:00:00
3171,close,2024-05-28 02:00:00
3172,open,2024-05-12 04:00:00
3172,onboarding_done,2024-05-12 05:00:00
3172,close,2024-06-01 03:00:00
3173,open,2024-05-12 05:00:00
3173,close,2024-05-29 04:00:00
3174,open,2024-05-12 06:00:00
3174,onboarding_done,2024-05-12 07:00:00
3174,purchase,2024-05-13 05:00:00
3174,close,2024-05-19 05:00:00
3175,open,2024-05-12 07:00:00
3175,onboarding_done,2024-05-12 08:00:00
3175,close,2024-05-18 06:00:00
3176,open,2024-05-12 08:00:00
3176,onboarding_done,2024-05-12 09:00:00
3176,close,2024-05-29 07:00:00
3177,open,2024-05-12 09:00:00
3177,onboarding_done,2024-05-12 10:00:00
3177,close,2024-06-09 08:00:00
3179,open,2024-05-12 11:00:00
3179,onboarding_done,2024-05-12 12:00:00
3179,close,2024-05-19 10:00:00
3180,open,2024-05-12 12:00:00
3180,onboarding_done,2024-05-12 13:00:00
3180,close,2024-06-02 11:00:00
3181,open,2024-05-12 13:00:00
3181,onboarding_done,2024-05-12 14:00:00
3181,close,2024-06-03 12:00:00
3182,open,2024-05-12 14:00:00
3182,onboarding_done,2024-05-12 15:00:00
3182,close,2024-05-24 13:00:00
3183,open,2024-05-12 15:00:00
3183,onboarding_done,2024-05-12 16:00:00
3183,close,2024-05-21 14:00:00
3184,open,2024-05-12 16:00:00
3184,onboarding_done,2024-05-12 17:00:00
3184,close,2024-05-16 15:00:00
3185,open,2024-05-12 17:00:00
3185,close,2024-06-09 16:00:00
3186,open,2024-05-12 18:00:00
3186,close,2024-05-13 17:00:00
3187,open,2024-05-12 19:00:00
3187,onboarding_done,2024-05-12 20:00:00
3187,close,2024-06-06 18:00:00
3189,open,2024-05-12 21:00:00
3189,onboarding_done,2024-05-12 22:00:00
3189,close,2024-05-23 20:00:00
3190,open,2024-05-12 22:00:00
3190,onboarding_done,2024-05-12 23:00:00
3190,purchase,2024-05-17 21:00:00
3190,close,2024-05-25 21:00:00
3191,open,2024-05-12 23:00:00
3191,onboarding_done,2024-05-13 00:00:00
3191,purchase,2024-05-15 22:00:00
3191,close,2024-06-04 22:00:00
3192,open,2024-05-13 00:00:00
3192,onboarding_done,2024-05-13 01:00:00
3192,close,2024-06-08 23:00:00
3193,open,2024-05-13 01:00:00
3193,onboarding_done,2024-05-13 02:00:00
3193,close,2024-05-15 00:00:00
3194,open,2024-05-13 02:00:00
3194,onboarding_done,2024-05-13 03:00:00
3194,close,2024-05-31 01:00:00
3195,open,2024-05-13 03:00:00
3195,onboarding_done,2024-05-13 04:00:00
3195,close,2024-06-03 02:00:00
3196,open,2024-05-13 04:00:00
3196,close,2024-05-29 03:00:00
3197,open,2024-05-13 05:00:00
3197,close,2024-05-15 04:00:00
3198,open,2024-05-13 06:00:00
3198,close,2024-06-02 05:00:00
3199,open,2024-05-13 07:00:00
3199,close,2024-05-29 06:00:00
3200,open,2024-05-13 08:00:00
3200,close,2024-05-30 07:00:00
3201,open,2024-05-13 09:00:00
3201,onboarding_done,2024-05-13 10:00:00
3201,close,2024-05-14 08:00:00
3202,open,2024-05-13 10:00:00
3202,onboarding_done,2024-05-13 11:00:00
3202,close,2024-06-03 09:00:00
3203,open,2024-05-13 11:00:00
3203,onboarding_done,2024-05-13 12:00:00
3203,purchase,2024-05-24 10:00:00
3203,close,2024-05-30 10:00:00
3204,open,2024-05-13 12:00:00
3204,onboarding_done,2024-05-13 13:00:00
3204,close,2024-06-01 11:00:00
3205,open,2024-05-13 13:00:00
3205,onboarding_done,2024-05-13 14:00:00
3205,close,2024-06-09 12:00:00
3207,open,2024-05-13 15:00:00
3207,onboarding_done,2024-05-13 16:00:00
3207,close,2024-05-20 14:00:00
3208,open,2024-05-13 16:00:00
3208,onboarding_done,2024-05-13 17:00:00
3208,close,2024-05-28 15:00:00
3209,open,2024-05-13 17:00:00
3209,close,2024-05-21 16:00:00
3210,open,2024-05-13 18:00:00
3210,close,2024-05-30 17:00:00
3211,open,2024-05-13 19:00:00
3211,onboarding_done,2024-05-13 20:00:00
3211,purchase,2024-05-24 18:00:00
3211,close,2024-05-26 18:00:00
3212,open,2024-05-13 20:00:00
3212,onboarding_done,2024-05-13 21:00:00
3212,close,2024-05-20 19:00:00
3213,open,2024-05-13 21:00:00
3213,close,2024-05-14 20:00:00
3214,open,2024-05-13 22:00:00
3214,close,2024-05-14 21:00:00
3215,open,2024-05-13 23:00:00
3215,onboarding_done,2024-05-14 00:00:00
3215,close,2024-05-19 22:00:00
3216,open,2024-05-14 00:00:00
3216,onboarding_done,2024-05-14 01:00:00
3216,close,2024-05-17 23:00:00
3217,open,2024-05-14 01:00:00
3217,close,2024-05-15 00:00:00
3218,open,2024-05-14 02:00:00
3218,onboarding_done,2024-05-14 03:00:00
3218,close,2024-05-16 01:00:00
3219,open,2024-05-14 03:00:00
3219,close,2024-05-23 02:00:00
3220,open,2024-05-14 04:00:00
3220,close,2024-05-30 03:00:00
3221,open,2024-05-14 05:00:00
3221,close,2024-05-24 04:00:00
3222,open,2024-05-14 06:00:00
3222,onboarding_done,2024-05-14 07:00:00
3222,purchase,2024-05-16 05:00:00
3222,close,2024-05-26 05:00:00
3223,open,2024-05-14 07:00:00
3223,onboarding_done,2024-05-14 08:00:00
3223,purchase,2024-05-22 06:00:00
3223,close,2024-05-25 06:00:00
3224,open,2024-05-14 08:00:00
3224,onboarding_done,2024-05-14 09:00:00
3224,close,2024-06-11 07:00:00
3227,open,2024-05-14 11:00:00
3227,onboarding_done,2024-05-14 12:00:00
3227,close,2024-06-03 10:00:00
3228,open,2024-05-14 12:00:00
3228,onboarding_done,2024-05-14 13:00:00
3228,close,2024-05-20 11:00:00
3229,open,2024-05-14 13:00:00
3229,close,2024-06-08 12:00:00
3230,open,2024-05-14 14:00:00
3230,onboarding_done,2024-05-14 15:00:00
3230,close,2024-05-16 13:00:00
3231,open,2024-05-14 15:00:00
3231,close,2024-05-17 14:00:00
3232,open,2024-05-14 16:00:00
3232,close,2024-05-15 15:00:00
3233,open,2024-05-14 17:00:00
3233,close,2024-05-19 16:00:00
3234,open,2024-05-14 18:00:00
3234,close,2024-06-12 17:00:00
3235,open,2024-05-14 19:00:00
3235,onboarding_done,2024-05-14 20:00:00
3235,close,2024-05-22 18:00:00
3236,open,2024-05-14 20:00:00
3236,onboarding_done,2024-05-14 21:00:00
3236,close,2024-05-23 19:00:00
3237,open,2024-05-14 21:00:00
3237,onboarding_done,2024-05-14 22:00:00
3237,purchase,2024-05-15 20:00:00
3237,close,2024-05-25 20:00:00
3238,open,2024-05-14 22:00:00
3238,onboarding_done,2024-05-14 23:00:00
3238,close,2024-06-05 21:00:00
3239,open,2024-05-14 23:00:00
3239,onboarding_done,2024-05-15 00:00:00
3239,close,2024-05-16 22:00:00
3240,open,2024-05-15 00:00:00
3240,onboarding_done,2024-05-15 01:00:00
3240,purchase,2024-05-15 23:00:00
3240,close,2024-05-22 23:00:00
3241,open,2024-05-15 01:00:00
3241,onboarding_done,2024-05-15 02:00:00
3241,close,2024-05-30 00:00:00
3242,open,2024-05-15 02:00:00
3242,onboarding_done,2024-05-15 03:00:00
3242,close,2024-06-09 01:00:00
3243,open,2024-05-15 03:00:00
3243,onboarding_done,2024-05-15 04:00:00
3243,close,2024-06-13 02:00:00
3244,open,2024-05-15 04:00:00
3244,close,2024-06-02 03:00:00
3245,open,2024-05-15 05:00:00
3245,close,2024-06-02 04:00:00
3246,open,2024-05-15 06:00:00
3246,onboarding_done,2024-05-15 07:00:00
3246,close,2024-06-13 05:00:00
3247,open,2024-05-15 07:00:00
3247,close,2024-06-10 06:00:00
3248,open,2024-05-15 08:00:00
3248,close,2024-06-02 07:00:00
3249,open,2024-05-15 09:00:00
3249,onboarding_done,2024-05-15 10:00:00
3249,close,2024-06-12 08:00:00
3250,open,2024-05-15 10:00:00
3250,onboarding_done,2024-05-15 11:00:00
3250,purchase,2024-05-20 09:00:00
3250,close,2024-06-10 09:00:00
3251,open,2024-05-15 11:00:00
3251,onboarding_done,2024-05-15 12:00:00
3251,close,2024-05-31 10:00:00
3252,open,2024-05-15 12:00:00
3252,close,2024-05-30 11:00:00
3253,open,2024-05-15 13:00:00
3253,onboarding_done,2024-05-15 14:00:00
3253,close,2024-05-16 12:00:00
3254,open,2024-05-15 14:00:00
3254,close,2024-05-25 13:00:00
3255,open,2024-05-15 15:00:00
3255,onboarding_done,2024-05-15 16:00:00
3255,close,2024-05-30 14:00:00
3256,open,2024-05-15 16:00:00
3256,onboarding_done,2024-05-15 17:00:00
3256,close,2024-05-29 15:00:00
3257,open,2024-05-15 17:00:00
3257,close,2024-06-13 16:00:00
3258,open,2024-05-15 18:00:00
3258,onboarding_done,2024-05-15 19:00:00
3258,close,2024-05-17 17:00:00
3259,open,2024-05-15 19:00:00
3259,close,2024-05-29 18:00:00
3260,open,2024-05-15 20:00:00
3260,onboarding_done,2024-05-15 21:00:00
3260,close,2024-05-21 19:00:00
3261,open,2024-05-15 21:00:00
3261,onboarding_done,2024-05-15 22:00:00
3261,close,2024-05-22 20:00:00
3262,open,2024-05-15 22:00:00
3262,onboarding_done,2024-05-15 23:00:00
3262,close,2024-06-04 21:00:00
3263,open,2024-05-15 23:00:00
3263,onboarding_done,2024-05-16 00:00:00
3263,close,2024-06-11 22:00:00
3264,open,2024-05-16 00:00:00
3264,close,2024-05-27 23:00:00
3265,open,2024-05-16 01:00:00
3265,onboarding_done,2024-05-16 02:00:00
3265,close,2024-06-04 00:00:00
3266,open,2024-05-16 02:00:00
3266,close,2024-05-29 01:00:00
3267,open,2024-05-16 03:00:00
3267,onboarding_done,2024-05-16 04:00:00
3267,close,2024-06-11 02:00:00
3268,open,2024-05-16 04:00:00
3268,onboarding_done,2024-05-16 05:00:00
3268,close,2024-06-09 03:00:00
3269,open,2024-05-16 05:00:00
3269,onboarding_done,2024-05-16 06:00:00
3269,purchase,2024-05-23 04:00:00
3269,close,2024-06-11 04:00:00
3270,open,2024-05-16 06:00:00
3270,close,2024-05-30 05:00:00
3271,open,2024-05-16 07:00:00
3271,onboarding_done,2024-05-16 08:00:00
3271,close,2024-05-28 06:00:00
3272,open,2024-05-16 08:00:00
3272,onboarding_done,2024-05-16 09:00:00
3272,close,2024-05-22 07:00:00
3272,purchase,2024-05-28 07:00:00
3273,open,2024-05-16 09:00:00
3273,onboarding_done,2024-05-16 10:00:00
3273,close,2024-05-25 08:00:00
3274,open,2024-05-16 10:00:00
3274,onboarding_done,2024-05-16 11:00:00
3274,purchase,2024-05-30 09:00:00
3274,close,2024-06-08 09:00:00
3275,open,2024-05-16 11:00:00
3275,close,2024-05-30 10:00:00
3276,open,2024-05-16 12:00:00
3276,onboarding_done,2024-05-16 13:00:00
3276,purchase,2024-05-22 11:00:00
3276,close,2024-05-27 11:00:00
3277,open,2024-05-16 13:00:00
3277,onboarding_done,2024-05-16 14:00:00
3277,close,2024-05-30 12:00:00
3278,open,2024-05-16 14:00:00
3278,close,2024-06-07 13:00:00
3279,open,2024-05-16 15:00:00
3279,onboarding_done,2024-05-16 16:00:00
3279,close,2024-05-20 14:00:00
3279,purchase,2024-05-24 14:00:00
3280,open,2024-05-16 16:00:00
3280,close,2024-06-08 15:00:00
3282,open,2024-05-16 18:00:00
3282,onboarding_done,2024-05-16 19:00:00
3282,close,2024-05-20 17:00:00
3283,open,2024-05-16 19:00:00
3283,close,2024-05-27 18:00:00
3284,open,2024-05-16 20:00:00
3284,onboarding_done,2024-05-16 21:00:00
3284,close,2024-05-18 19:00:00
3285,open,2024-05-16 21:00:00
3285,close,2024-05-24 20:00:00
3286,open,2024-05-16 22:00:00
3286,onboarding_done,2024-05-16 23:00:00
3286,close,2024-05-25 21:00:00
3287,open,2024-05-16 23:00:00
3287,onboarding_done,2024-05-17 00:00:00
3287,close,2024-05-17 22:00:00
3288,open,2024-05-17 00:00:00
3288,close,2024-06-10 23:00:00
3289,open,2024-05-17 01:00:00
3289,onboarding_done,2024-05-17 02:00:00
3289,purchase,2024-05-18 00:00:00
3289,close,2024-05-23 00:00:00
3290,open,2024-05-17 02:00:00
3290,onboarding_done,2024-05-17 03:00:00
3290,close,2024-05-22 01:00:00
3291,open,2024-05-17 03:00:00
3291,onboarding_done,2024-05-17 04:00:00
3291,purchase,2024-05-29 02:00:00
3291,close,2024-06-04 02:00:00
3292,open,2024-05-17 04:00:00
3292,onboarding_done,2024-05-17 05:00:00
3292,close,2024-06-13 03:00:00
3293,open,2024-05-17 05:00:00
3293,onboarding_done,2024-05-17 06:00:00
3293,purchase,2024-05-21 04:00:00
3293,close,2024-06-04 04:00:00
3294,open,2024-05-17 06:00:00
3294,onboarding_done,2024-05-17 07:00:00
3294,purchase,2024-05-21 05:00:00
3294,close,2024-05-28 05:00:00
3295,open,2024-05-17 07:00:00
3295,onboarding_done,2024-05-17 08:00:00
3295,close,2024-05-21 06:00:00
3295,purchase,2024-05-30 06:00:00
3296,open,2024-05-17 08:00:00
3296,onboarding_done,2024-05-17 09:00:00
3296,close,2024-05-24 07:00:00
3297,open,2024-05-17 09:00:00
3297,close,2024-06-08 08:00:00
3298,open,2024-05-17 10:00:00
3298,onboarding_done,2024-05-17 11:00:00
3298,close,2024-06-05 09:00:00
3299,open,2024-05-17 11:00:00
3299,onboarding_done,2024-05-17 12:00:00
3299,close,2024-05-23 10:00:00
3300,open,2024-05-17 12:00:00
3300,onboarding_done,2024-05-17 13:00:00
3300,close,2024-06-08 11:00:00
3301,open,2024-05-17 13:00:00
3301,onboarding_done,2024-05-17 14:00:00
3301,close,2024-05-27 12:00:00
3302,open,2024-05-17 14:00:00
3302,close,2024-06-08 13:00:00
3303,open,2024-05-17 15:00:00
3303,close,2024-05-21 14:00:00
3304,open,2024-05-17 16:00:00
3304,onboarding_done,2024-05-17 17:00:00
3304,purchase,2024-05-21 15:00:00
3304,close,2024-06-10 15:00:00
3305,open,2024-05-17 17:00:00
3305,onboarding_done,2024-05-17 18:00:00
3305,close,2024-06-13 16:00:00
3306,open,2024-05-17 18:00:00
3306,onboarding_done,2024-05-17 19:00:00
3306,close,2024-06-15 17:00:00
3307,open,2024-05-17 19:00:00
3307,close,2024-06-06 18:00:00
3308,open,2024-05-17 20:00:00
3308,close,2024-06-10 19:00:00
3309,open,2024-05-17 21:00:00
3309,close,2024-06-15 20:00:00
3310,open,2024-05-17 22:00:00
3310,close,2024-05-30 21:00:00
3311,open,2024-05-17 23:00:00
3311,onboarding_done,2024-05-18 00:00:00
3311,close,2024-06-02 22:00:00
3312,open,2024-05-18 00:00:00
3312,onboarding_done,2024-05-18 01:00:00
3312,close,2024-05-23 23:00:00
3313,open,2024-05-18 01:00:00
3313,onboarding_done,2024-05-18 02:00:00
3313,close,2024-06-02 00:00:00
3314,open,2024-05-18 02:00:00
3314,onboarding_done,2024-05-18 03:00:00
3314,close,2024-05-23 01:00:00
3315,open,2024-05-18 03:00:00
3315,close,2024-06-12 02:00:00
3316,open,2024-05-18 04:00:00
3316,close,2024-05-24 03:00:00
3317,open,2024-05-18 05:00:00
3317,onboarding_done,2024-05-18 06:00:00
3317,close,2024-05-30 04:00:00
3318,open,2024-05-18 06:00:00
3318,close,2024-05-24 05:00:00
3319,open,2024-05-18 07:00:00
3319,onboarding_done,2024-05-18 08:00:00
3319,close,2024-05-20 06:00:00
3320,open,2024-05-18 08:00:00
3320,onboarding_done,2024-05-18 09:00:00
3320,purchase,2024-05-29 07:00:00
3320,close,2024-06-07 07:00:00
3321,open,2024-05-18 09:00:00
3321,onboarding_done,2024-05-18 10:00:00
3321,close,2024-05-20 08:00:00
3322,open,2024-05-18 10:00:00
3322,onboarding_done,2024-05-18 11:00:00
3322,close,2024-05-22 09:00:00
3323,open,2024-05-18 11:00:00
3323,onboarding_done,2024-05-18 12:00:00
3323,purchase,2024-05-28 10:00:00
3323,close,2024-06-03 10:00:00
3324,open,2024-05-18 12:00:00
3324,onboarding_done,2024-05-18 13:00:00
3324,purchase,2024-05-20 11:00:00
3324,close,2024-05-31 11:00:00
3325,open,2024-05-18 13:00:00
3325,onboarding_done,2024-05-18 14:00:00
3325,close,2024-06-03 12:00:00
3326,open,2024-05-18 14:00:00
3326,onboarding_done,2024-05-18 15:00:00
3326,close,2024-06-01 13:00:00
3327,open,2024-05-18 15:00:00
3327,close,2024-06-07 14:00:00
3328,open,2024-05-18 16:00:00
3328,onboarding_done,2024-05-18 17:00:00
3328,close,2024-05-28 15:00:00
3329,open,2024-05-18 17:00:00
3329,onboarding_done,2024-05-18 18:00:00
3329,close,2024-06-14 16:00:00
3330,open,2024-05-18 18:00:00
3330,onboarding_done,2024-05-18 19:00:00
3330,purchase,2024-05-31 17:00:00
3330,close,2024-05-31 17:00:00
3331,open,2024-05-18 19:00:00
3331,onboarding_done,2024-05-18 20:00:00
3331,close,2024-06-03 18:00:00
3332,open,2024-05-18 20:00:00
3332,close,2024-06-02 19:00:00
3333,open,2024-05-18 21:00:00
3333,close,2024-05-24 20:00:00
3334,open,2024-05-18 22:00:00
3334,close,2024-05-24 21:00:00
3335,open,2024-05-18 23:00:00
3335,onboarding_done,2024-05-19 00:00:00
3335,close,2024-06-07 22:00:00
3336,open,2024-05-19 00:00:00
3336,onboarding_done,2024-05-19 01:00:00
3336,close,2024-05-29 23:00:00
3337,open,2024-05-19 01:00:00
3337,onboarding_done,2024-05-19 02:00:00
3337,purchase,2024-05-30 00:00:00
3337,close,2024-06-12 00:00:00
3338,open,2024-05-19 02:00:00
3338,onboarding_done,2024-05-19 03:00:00
3338,close,2024-06-04 01:00:00
3339,open,2024-05-19 03:00:00
3339,onboarding_done,2024-05-19 04:00:00
3339,close,2024-06-04 02:00:00
3340,open,2024-05-19 04:00:00
3340,onboarding_done,2024-05-19 05:00:00
3340,purchase,2024-05-27 03:00:00
3340,close,2024-06-12 03:00:00
3341,open,2024-05-19 05:00:00
3341,close,2024-06-15 04:00:00
3342,open,2024-05-19 06:00:00
3342,close,2024-06-11 05:00:00
3343,open,2024-05-19 07:00:00
3343,onboarding_done,2024-05-19 08:00:00
3343,close,2024-06-07 06:00:00
3344,open,2024-05-19 08:00:00
3344,close,2024-06-07 07:00:00
3345,open,2024-05-19 09:00:00
3345,onboarding_done,2024-05-19 10:00:00
3345,purchase,2024-05-20 08:00:00
3345,close,2024-06-09 08:00:00
3346,open,2024-05-19 10:00:00
3346,onboarding_done,2024-05-19 11:00:00
3346,close,2024-06-13 09:00:00
3347,open,2024-05-19 11:00:00
3347,close,2024-06-01 10:00:00
3348,open,2024-05-19 12:00:00
3348,onboarding_done,2024-05-19 13:00:00
3348,close,2024-05-28 11:00:00
3349,open,2024-05-19 13:00:00
3349,onboarding_done,2024-05-19 14:00:00
3349,close,2024-06-06 12:00:00
3350,open,2024-05-19 14:00:00
3350,onboarding_done,2024-05-19 15:00:00
3350,purchase,2024-05-26 13:00:00
3350,close,2024-06-14 13:00:00
3351,open,2024-05-19 15:00:00
3351,onboarding_done,2024-05-19 16:00:00
3351,close,2024-06-14 14:00:00
3352,open,2024-05-19 16:00:00
3352,close,2024-05-22 15:00:00
3353,open,2024-05-19 17:00:00
3353,onboarding_done,2024-05-19 18:00:00
3353,close,2024-05-25 16:00:00
3353,purchase,2024-05-27 16:00:00
3354,open,2024-05-19 18:00:00
3354,onboarding_done,2024-05-19 19:00:00
3354,close,2024-06-14 17:00:00
3355,open,2024-05-19 19:00:00
3355,onboarding_done,2024-05-19 20:00:00
3355,purchase,2024-05-24 18:00:00
3355,close,2024-06-03 18:00:00
3356,open,2024-05-19 20:00:00
3356,onboarding_done,2024-05-19 21:00:00
3356,close,2024-05-31 19:00:00
3357,open,2024-05-19 21:00:00
3357,close,2024-06-07 20:00:00
3358,open,2024-05-19 22:00:00
3358,onboarding_done,2024-05-19 23:00:00
3358,purchase,2024-05-26 21:00:00
3358,close,2024-05-31 21:00:00
3359,open,2024-05-19 23:00:00
3359,close,2024-05-22 22:00:00
3360,open,2024-05-20 00:00:00
3360,onboarding_done,2024-05-20 01:00:00
3360,close,2024-06-02 23:00:00
3361,open,2024-05-20 01:00:00
3361,onboarding_done,2024-05-20 02:00:00
3361,close,2024-05-28 00:00:00
3362,open,2024-05-20 02:00:00
3362,onboarding_done,2024-05-20 03:00:00
3362,close,2024-05-21 01:00:00
3363,open,2024-05-20 03:00:00
3363,onboarding_done,2024-05-20 04:00:00
3363,close,2024-06-02 02:00:00
3364,open,2024-05-20 04:00:00
3364,onboarding_done,2024-05-20 05:00:00
3364,close,2024-05-28 03:00:00
3365,open,2024-05-20 05:00:00
3365,onboarding_done,2024-05-20 06:00:00
3365,close,2024-06-16 04:00:00
3366,open,2024-05-20 06:00:00
3366,onboarding_done,2024-05-20 07:00:00
3366,close,2024-05-25 05:00:00
3367,open,2024-05-20 07:00:00
3367,close,2024-06-14 06:00:00
3368,open,2024-05-20 08:00:00
3368,onboarding_done,2024-05-20 09:00:00
3368,close,2024-05-24 07:00:00
3369,open,2024-05-20 09:00:00
3369,onboarding_done,2024-05-20 10:00:00
3369,close,2024-06-11 08:00:00
3370,open,2024-05-20 10:00:00
3370,onboarding_done,2024-05-20 11:00:00
3370,close,2024-06-11 09:00:00
3371,open,2024-05-20 11:00:00
3371,close,2024-06-05 10:00:00
3372,open,2024-05-20 12:00:00
3372,close,2024-06-12 11:00:00
3373,open,2024-05-20 13:00:00
3373,onboarding_done,2024-05-20 14:00:00
3373,close,2024-06-07 12:00:00
3376,open,2024-05-20 16:00:00
3376,onboarding_done,2024-05-20 17:00:00
3376,close,2024-06-18 15:00:00
3377,open,2024-05-20 17:00:00
3377,close,2024-06-11 16:00:00
3378,open,2024-05-20 18:00:00
3378,onboarding_done,2024-05-20 19:00:00
3378,purchase,2024-05-24 17:00:00
3378,close,2024-05-28 17:00:00
3379,open,2024-05-20 19:00:00
3379,onboarding_done,2024-05-20 20:00:00
3379,close,2024-05-28 18:00:00
3380,open,2024-05-20 20:00:00
3380,onboarding_done,2024-05-20 21:00:00
3380,close,2024-06-13 19:00:00
3381,open,2024-05-20 21:00:00
3381,onboarding_done,2024-05-20 22:00:00
3381,purchase,2024-05-30 20:00:00
3381,close,2024-06-02 20:00:00
3382,open,2024-05-20 22:00:00
3382,close,2024-05-21 21:00:00
3383,open,2024-05-20 23:00:00
3383,close,2024-06-05 22:00:00
3384,open,2024-05-21 00:00:00
3384,onboarding_done,2024-05-21 01:00:00
3384,close,2024-05-27 23:00:00
3385,open,2024-05-21 01:00:00
3385,onboarding_done,2024-05-21 02:00:00
3385,close,2024-06-16 00:00:00
3386,open,2024-05-21 02:00:00
3386,onboarding_done,2024-05-21 03:00:00
3386,close,2024-06-03 01:00:00
3387,open,2024-05-21 03:00:00
3387,close,2024-06-08 02:00:00
3388,open,2024-05-21 04:00:00
3388,onboarding_done,2024-05-21 05:00:00
3388,close,2024-05-26 03:00:00
3389,open,2024-05-21 05:00:00
3389,onboarding_done,2024-05-21 06:00:00
3389,close,2024-05-24 04:00:00
3390,open,2024-05-21 06:00:00
3390,onboarding_done,2024-05-21 07:00:00
3390,purchase,2024-05-26 05:00:00
3390,close,2024-06-03 05:00:00
3391,open,2024-05-21 07:00:00
3391,close,2024-06-10 06:00:00
3392,open,2024-05-21 08:00:00
3392,onboarding_done,2024-05-21 09:00:00
3392,purchase,2024-05-22 07:00:00
3392,close,2024-06-14 07:00:00
3394,open,2024-05-21 10:00:00
3394,onboarding_done,2024-05-21 11:00:00
3394,close,2024-06-16 09:00:00
3395,open,2024-05-21 11:00:00
3395,close,2024-06-16 10:00:00
3396,open,2024-05-21 12:00:00
3396,close,2024-06-12 11:00:00
3397,open,2024-05-21 13:00:00
3397,onboarding_done,2024-05-21 14:00:00
3397,close,2024-06-18 12:00:00
3398,open,2024-05-21 14:00:00
3398,onboarding_done,2024-05-21 15:00:00
3398,purchase,2024-06-02 13:00:00
3398,close,2024-06-16 13:00:00
3399,open,2024-05-21 15:00:00
3399,close,2024-06-18 14:00:00
3400,open,2024-05-21 16:00:00
3400,close,2024-05-29 15:00:00
3401,open,2024-05-21 17:00:00
3401,onboarding_done,2024-05-21 18:00:00
3401,purchase,2024-05-30 16:00:00
3401,close,2024-06-10 16:00:00
3403,open,2024-05-21 19:00:00
3403,onboarding_done,2024-05-21 20:00:00
3403,close,2024-06-18 18:00:00
3404,open,2024-05-21 20:00:00
3404,close,2024-05-24 19:00:00
3405,open,2024-05-21 21:00:00
3405,onboarding_done,2024-05-21 22:00:00
3405,purchase,2024-05-23 20:00:00
3405,close,2024-06-11 20:00:00
3406,open,2024-05-21 22:00:00
3406,onboarding_done,2024-05-21 23:00:00
3406,close,2024-06-13 21:00:00
3407,open,2024-05-21 23:00:00
3407,close,2024-05-30 22:00:00
3408,open,2024-05-22 00:00:00
3408,onboarding_done,2024-05-22 01:00:00
3408,close,2024-05-26 23:00:00
3409,open,2024-05-22 01:00:00
3409,onboarding_done,2024-05-22 02:00:00
3409,close,2024-06-06 00:00:00
3410,open,2024-05-22 02:00:00
3410,close,2024-05-23 01:00:00
3411,open,2024-05-22 03:00:00
3411,close,2024-06-20 02:00:00
3412,open,2024-05-22 04:00:00
3412,onboarding_done,2024-05-22 05:00:00
3412,close,2024-05-27 03:00:00
3412,purchase,2024-05-31 03:00:00
3413,open,2024-05-22 05:00:00
3413,onboarding_done,2024-05-22 06:00:00
3413,purchase,2024-05-24 04:00:00
3413,close,2024-06-09 04:00:00
3414,open,2024-05-22 06:00:00
3414,close,2024-06-20 05:00:00
3415,open,2024-05-22 07:00:00
3415,onboarding_done,2024-05-22 08:00:00
3415,close,2024-06-05 06:00:00
3416,open,2024-05-22 08:00:00
3416,onboarding_done,2024-05-22 09:00:00
3416,close,2024-06-17 07:00:00
3417,open,2024-05-22 09:00:00
3417,onboarding_done,2024-05-22 10:00:00
3417,close,2024-05-30 08:00:00
3418,open,2024-05-22 10:00:00
3418,onboarding_done,2024-05-22 11:00:00
3418,close,2024-06-01 09:00:00
3419,open,2024-05-22 11:00:00
3419,onboarding_done,2024-05-22 12:00:00
3419,close,2024-06-12 10:00:00
3420,open,2024-05-22 12:00:00
3420,onboarding_done,2024-05-22 13:00:00
3420,close,2024-06-16 11:00:00
3421,open,2024-05-22 13:00:00
3421,onboarding_done,2024-05-22 14:00:00
3421,close,2024-06-18 12:00:00
3422,open,2024-05-22 14:00:00
3422,onboarding_done,2024-05-22 15:00:00
3422,purchase,2024-05-27 13:00:00
3422,close,2024-06-03 13:00:00
3423,open,2024-05-22 15:00:00
3423,onboarding_done,2024-05-22 16:00:00
3423,close,2024-06-19 14:00:00
3424,open,2024-05-22 16:00:00
3424,onboarding_done,2024-05-22 17:00:00
3424,close,2024-05-23 15:00:00
3425,open,2024-05-22 17:00:00
3425,onboarding_done,2024-05-22 18:00:00
3425,purchase,2024-06-05 16:00:00
3425,close,2024-06-17 16:00:00
3426,open,2024-05-22 18:00:00
3426,onboarding_done,2024-05-22 19:00:00
3426,close,2024-05-23 17:00:00
3426,purchase,2024-05-30 17:00:00
3427,open,2024-05-22 19:00:00
3427,onboarding_done,2024-05-22 20:00:00
3427,close,2024-06-04 18:00:00
3428,open,2024-05-22 20:00:00
3428,onboarding_done,2024-05-22 21:00:00
3428,close,2024-05-24 19:00:00
3428,purchase,2024-06-03 19:00:00
3429,open,2024-05-22 21:00:00
3429,onboarding_done,2024-05-22 22:00:00
3429,close,2024-06-01 20:00:00
3430,open,2024-05-22 22:00:00
3430,onboarding_done,2024-05-22 23:00:00
3430,close,2024-06-06 21:00:00
3431,open,2024-05-22 23:00:00
3431,close,2024-06-01 22:00:00
3432,open,2024-05-23 00:00:00
3432,onboarding_done,2024-05-23 01:00:00
3432,purchase,2024-05-28 23:00:00
3432,close,2024-05-31 23:00:00
3433,open,2024-05-23 01:00:00
3433,close,2024-05-29 00:00:00
3434,open,2024-05-23 02:00:00
3434,onboarding_done,2024-05-23 03:00:00
3434,close,2024-06-20 01:00:00
3435,open,2024-05-23 03:00:00
3435,onboarding_done,2024-05-23 04:00:00
3435,close,2024-05-27 02:00:00
3436,open,2024-05-23 04:00:00
3436,close,2024-06-09 03:00:00
3437,open,2024-05-23 05:00:00
3437,onboarding_done,2024-05-23 06:00:00
3437,close,2024-05-31 04:00:00
3438,open,2024-05-23 06:00:00
3438,onboarding_done,2024-05-23 07:00:00
3438,close,2024-06-15 05:00:00
3439,open,2024-05-23 07:00:00
3439,onboarding_done,2024-05-23 08:00:00
3439,close,2024-05-31 06:00:00
3440,open,2024-05-23 08:00:00
3440,close,2024-06-17 07:00:00
3441,open,2024-05-23 09:00:00
3441,onboarding_done,2024-05-23 10:00:00
3441,purchase,2024-05-27 08:00:00
3441,close,2024-06-03 08:00:00
3442,open,2024-05-23 10:00:00
3442,close,2024-05-29 09:00:00
3443,open,2024-05-23 11:00:00
3443,close,2024-06-13 10:00:00
3444,open,2024-05-23 12:00:00
3444,onboarding_done,2024-05-23 13:00:00
3444,close,2024-06-17 11:00:00
3445,open,2024-05-23 13:00:00
3445,onboarding_done,2024-05-23 14:00:00
3445,close,2024-06-16 12:00:00
3446,open,2024-05-23 14:00:00
3446,onboarding_done,2024-05-23 15:00:00
3446,purchase,2024-05-25 13:00:00
3446,close,2024-06-01 13:00:00
3447,open,2024-05-23 15:00:00
3447,close,2024-06-15 14:00:00
3448,open,2024-05-23 16:00:00
3448,close,2024-06-11 15:00:00
3449,open,2024-05-23 17:00:00
3449,close,2024-06-02 16:00:00
3450,open,2024-05-23 18:00:00
3450,onboarding_done,2024-05-23 19:00:00
3450,close,2024-06-12 17:00:00
3451,open,2024-05-23 19:00:00
3451,close,2024-05-27 18:00:00
3452,open,2024-05-23 20:00:00
3452,onboarding_done,2024-05-23 21:00:00
3452,close,2024-05-25 19:00:00
3452,purchase,2024-05-26 19:00:00
3453,open,2024-05-23 21:00:00
3453,close,2024-06-03 20:00:00
3455,open,2024-05-23 23:00:00
3455,onboarding_done,2024-05-24 00:00:00
3455,close,2024-06-19 22:00:00
3456,open,2024-05-24 00:00:00
3456,close,2024-06-01 23:00:00
3457,open,2024-05-24 01:00:00
3457,onboarding_done,2024-05-24 02:00:00
3457,close,2024-06-06 00:00:00
3458,open,2024-05-24 02:00:00
3458,close,2024-06-12 01:00:00
3459,open,2024-05-24 03:00:00
3459,close,2024-06-19 02:00:00
3460,open,2024-05-24 04:00:00
3460,close,2024-06-22 03:00:00
3461,open,2024-05-24 05:00:00
3461,onboarding_done,2024-05-24 06:00:00
3461,purchase,2024-05-28 04:00:00
3461,close,2024-06-02 04:00:00
3462,open,2024-05-24 06:00:00
3462,onboarding_done,2024-05-24 07:00:00
3462,close,2024-05-31 05:00:00
3463,open,2024-05-24 07:00:00
3463,onboarding_done,2024-05-24 08:00:00
3463,close,2024-05-27 06:00:00
3464,open,2024-05-24 08:00:00
3464,onboarding_done,2024-05-24 09:00:00
3464,purchase,2024-05-26 07:00:00
3464,close,2024-05-30 07:00:00
3465,open,2024-05-24 09:00:00
3465,onboarding_done,2024-05-24 10:00:00
3465,close,2024-06-02 08:00:00
3466,open,2024-05-24 10:00:00
3466,close,2024-06-16 09:00:00
3467,open,2024-05-24 11:00:00
3467,close,2024-05-26 10:00:00
3468,open,2024-05-24 12:00:00
3468,onboarding_done,2024-05-24 13:00:00
3468,purchase,2024-05-27 11:00:00
3468,close,2024-06-03 11:00:00
3469,open,2024-05-24 13:00:00
3469,close,2024-06-08 12:00:00
3470,open,2024-05-24 14:00:00
3470,onboarding_done,2024-05-24 15:00:00
3470,close,2024-05-28 13:00:00
3471,open,2024-05-24 15:00:00
3471,onboarding_done,2024-05-24 16:00:00
3471,close,2024-06-04 14:00:00
3472,open,2024-05-24 16:00:00
3472,onboarding_done,2024-05-24 17:00:00
3472,close,2024-06-06 15:00:00
3473,open,2024-05-24 17:00:00
3473,onboarding_done,2024-05-24 18:00:00
3473,close,2024-06-14 16:00:00
3474,open,2024-05-24 18:00:00
3474,close,2024-06-07 17:00:00
3475,open,2024-05-24 19:00:00
3475,close,2024-05-29 18:00:00
3476,open,2024-05-24 20:00:00
3476,close,2024-05-26 19:00:00
3477,open,2024-05-24 21:00:00
3477,onboarding_done,2024-05-24 22:00:00
3477,close,2024-06-11 20:00:00
3478,open,2024-05-24 22:00:00
3478,onboarding_done,2024-05-24 23:00:00
3478,close,2024-06-17 21:00:00
3479,open,2024-05-24 23:00:00
3479,onboarding_done,2024-05-25 00:00:00
3479,close,2024-05-29 22:00:00
3480,open,2024-05-25 00:00:00
3480,close,2024-06-01 23:00:00
3481,open,2024-05-25 01:00:00
3481,onboarding_done,2024-05-25 02:00:00
3481,close,2024-06-02 00:00:00
3482,open,2024-05-25 02:00:00
3482,close,2024-05-27 01:00:00
3483,open,2024-05-25 03:00:00
3483,onboarding_done,2024-05-25 04:00:00
3483,close,2024-05-30 02:00:00
3484,open,2024-05-25 04:00:00
3484,onboarding_done,2024-05-25 05:00:00
3484,close,2024-06-17 03:00:00
3485,open,2024-05-25 05:00:00
3485,close,2024-05-26 04:00:00
3486,open,2024-05-25 06:00:00
3486,onboarding_done,2024-05-25 07:00:00
3486,close,2024-06-07 05:00:00
3487,open,2024-05-25 07:00:00
3487,close,2024-06-20 06:00:00
3488,open,2024-05-25 08:00:00
3488,close,2024-05-26 07:00:00
3489,open,2024-05-25 09:00:00
3489,onboarding_done,2024-05-25 10:00:00
3489,close,2024-06-07 08:00:00
3490,open,2024-05-25 10:00:00
3490,close,2024-06-02 09:00:00
3491,open,2024-05-25 11:00:00
3491,onboarding_done,2024-05-25 12:00:00
3491,close,2024-06-04 10:00:00
3492,open,2024-05-25 12:00:00
3492,close,2024-06-17 11:00:00
3493,open,2024-05-25 13:00:00
3493,close,2024-06-07 12:00:00
3494,open,2024-05-25 14:00:00
3494,onboarding_done,2024-05-25 15:00:00
3494,close,2024-05-27 13:00:00
3495,open,2024-05-25 15:00:00
3495,onboarding_done,2024-05-25 16:00:00
3495,close,2024-05-27 14:00:00
3496,open,2024-05-25 16:00:00
3496,onboarding_done,2024-05-25 17:00:00
3496,close,2024-06-18 15:00:00
3497,open,2024-05-25 17:00:00
3497,onboarding_done,2024-05-25 18:00:00
3497,purchase,2024-05-29 16:00:00
3497,close,2024-06-02 16:00:00
3498,open,2024-05-25 18:00:00
3498,close,2024-06-03 17:00:00
3499,open,2024-05-25 19:00:00
3499,close,2024-06-21 18:00:00
3500,open,2024-05-25 20:00:00
3500,close,2024-06-22 19:00:00
3501,open,2024-05-25 21:00:00
3501,close,2024-05-30 20:00:00
3502,open,2024-05-25 22:00:00
3502,onboarding_done,2024-05-25 23:00:00
3502,close,2024-06-18 21:00:00
3503,open,2024-05-25 23:00:00
3503,onboarding_done,2024-05-26 00:00:00
3503,close,2024-06-17 22:00:00
3504,open,2024-05-26 00:00:00
3504,onboarding_done,2024-05-26 01:00:00
3504,close,2024-06-04 23:00:00
3505,open,2024-05-26 01:00:00
3505,onboarding_done,2024-05-26 02:00:00
3505,close,2024-05-29 00:00:00
3506,open,2024-05-26 02:00:00
3506,onboarding_done,2024-05-26 03:00:00
3506,close,2024-06-22 01:00:00
3507,open,2024-05-26 03:00:00
3507,onboarding_done,2024-05-26 04:00:00
3507,close,2024-06-22 02:00:00
3508,open,2024-05-26 04:00:00
3508,onboarding_done,2024-05-26 05:00:00
3508,close,2024-06-04 03:00:00
3508,purchase,2024-06-07 03:00:00
3509,open,2024-05-26 05:00:00
3509,onboarding_done,2024-05-26 06:00:00
3509,close,2024-05-27 04:00:00
3510,open,2024-05-26 06:00:00
3510,onboarding_done,2024-05-26 07:00:00
3510,close,2024-06-05 05:00:00
3511,open,2024-05-26 07:00:00
3511,onboarding_done,2024-05-26 08:00:00
3511,close,2024-06-19 06:00:00
3512,open,2024-05-26 08:00:00
3512,onboarding_done,2024-05-26 09:00:00
3512,purchase,2024-05-31 07:00:00
3512,close,2024-06-13 07:00:00
3513,open,2024-05-26 09:00:00
3513,onboarding_done,2024-05-26 10:00:00
3513,close,2024-06-22 08:00:00
3514,open,2024-05-26 10:00:00
3514,onboarding_done,2024-05-26 11:00:00
3514,close,2024-05-28 09:00:00
3515,open,2024-05-26 11:00:00
3515,onboarding_done,2024-05-26 12:00:00
3515,close,2024-06-24 10:00:00
3517,open,2024-05-26 13:00:00
3517,onboarding_done,2024-05-26 14:00:00
3517,close,2024-06-10 12:00:00
3518,open,2024-05-26 14:00:00
3518,close,2024-06-02 13:00:00
3519,open,2024-05-26 15:00:00
3519,onboarding_done,2024-05-26 16:00:00
3519,close,2024-06-07 14:00:00
3520,open,2024-05-26 16:00:00
3520,onboarding_done,2024-05-26 17:00:00
3520,close,2024-06-11 15:00:00
3521,open,2024-05-26 17:00:00
3521,onboarding_done,2024-05-26 18:00:00
3521,close,2024-05-28 16:00:00
3522,open,2024-05-26 18:00:00
3522,onboarding_done,2024-05-26 19:00:00
3522,close,2024-06-07 17:00:00
3523,open,2024-05-26 19:00:00
3523,onboarding_done,2024-05-26 20:00:00
3523,close,2024-06-08 18:00:00
3524,open,2024-05-26 20:00:00
3524,close,2024-06-23 19:00:00
3525,open,2024-05-26 21:00:00
3525,onboarding_done,2024-05-26 22:00:00
3525,close,2024-06-15 20:00:00
3526,open,2024-05-26 22:00:00
3526,onboarding_done,2024-05-26 23:00:00
3526,close,2024-06-15 21:00:00
3527,open,2024-05-26 23:00:00
3527,onboarding_done,2024-05-27 00:00:00
3527,close,2024-06-01 22:00:00
3528,open,2024-05-27 00:00:00
3528,close,2024-06-18 23:00:00
3529,open,2024-05-27 01:00:00
3529,onboarding_done,2024-05-27 02:00:00
3529,close,2024-06-05 00:00:00
3530,open,2024-05-27 02:00:00
3530,onboarding_done,2024-05-27 03:00:00
3530,close,2024-06-21 01:00:00
3531,open,2024-05-27 03:00:00
3531,onboarding_done,2024-05-27 04:00:00
3531,purchase,2024-06-02 02:00:00
3531,close,2024-06-21 02:00:00
3532,open,2024-05-27 04:00:00
3532,onboarding_done,2024-05-27 05:00:00
3532,close,2024-05-29 03:00:00
3533,open,2024-05-27 05:00:00
3533,onboarding_done,2024-05-27 06:00:00
3533,close,2024-06-21 04:00:00
3534,open,2024-05-27 06:00:00
3534,close,2024-06-13 05:00:00
3535,open,2024-05-27 07:00:00
3535,close,2024-06-12 06:00:00
3536,open,2024-05-27 08:00:00
3536,onboarding_done,2024-05-27 09:00:00
3536,close,2024-06-13 07:00:00
3537,open,2024-05-27 09:00:00
3537,onboarding_done,2024-05-27 10:00:00
3537,close,2024-06-03 08:00:00
3538,open,2024-05-27 10:00:00
3538,onboarding_done,2024-05-27 11:00:00
3538,close,2024-06-11 09:00:00
3539,open,2024-05-27 11:00:00
3539,onboarding_done,2024-05-27 12:00:00
3539,close,2024-06-19 10:00:00
3541,open,2024-05-27 13:00:00
3541,onboarding_done,2024-05-27 14:00:00
3541,close,2024-06-15 12:00:00
3542,open,2024-05-27 14:00:00
3542,onboarding_done,2024-05-27 15:00:00
3542,close,2024-05-29 13:00:00
3543,open,2024-05-27 15:00:00
3543,close,2024-06-05 14:00:00
3545,open,2024-05-27 17:00:00
3545,close,2024-06-12 16:00:00
3546,open,2024-05-27 18:00:00
3546,close,2024-06-15 17:00:00
3547,open,2024-05-27 19:00:00
3547,onboarding_done,2024-05-27 20:00:00
3547,close,2024-05-30 18:00:00
3548,open,2024-05-27 20:00:00
3548,onboarding_done,2024-05-27 21:00:00
3548,close,2024-06-10 19:00:00
3549,open,2024-05-27 21:00:00
3549,onboarding_done,2024-05-27 22:00:00
3549,close,2024-05-29 20:00:00
3549,purchase,2024-06-05 20:00:00
3550,open,2024-05-27 22:00:00
3550,onboarding_done,2024-05-27 23:00:00
3550,close,2024-06-21 21:00:00
3552,open,2024-05-28 00:00:00
3552,close,2024-06-09 23:00:00
3553,open,2024-05-28 01:00:00
3553,onboarding_done,2024-05-28 02:00:00
3553,close,2024-06-11 00:00:00
3554,open,2024-05-28 02:00:00
3554,onboarding_done,2024-05-28 03:00:00
3554,close,2024-06-11 01:00:00
3555,open,2024-05-28 03:00:00
3555,onboarding_done,2024-05-28 04:00:00
3555,close,2024-06-26 02:00:00
3556,open,2024-05-28 04:00:00
3556,onboarding_done,2024-05-28 05:00:00
3556,close,2024-06-14 03:00:00
3557,open,2024-05-28 05:00:00
3557,onboarding_done,2024-05-28 06:00:00
3557,close,2024-06-14 04:00:00
3558,open,2024-05-28 06:00:00
3558,onboarding_done,2024-05-28 07:00:00
3558,close,2024-06-17 05:00:00
3559,open,2024-05-28 07:00:00
3559,close,2024-06-20 06:00:00
3560,open,2024-05-28 08:00:00
3560,onboarding_done,2024-05-28 09:00:00
3560,close,2024-06-06 07:00:00
3561,open,2024-05-28 09:00:00
3561,onboarding_done,2024-05-28 10:00:00
3561,close,2024-06-18 08:00:00
3562,open,2024-05-28 10:00:00
3562,onboarding_done,2024-05-28 11:00:00
3562,close,2024-06-20 09:00:00
3563,open,2024-05-28 11:00:00
3563,close,2024-06-15 10:00:00
3564,open,2024-05-28 12:00:00
3564,onboarding_done,2024-05-28 13:00:00
3564,purchase,2024-06-09 11:00:00
3564,close,2024-06-25 11:00:00
3565,open,2024-05-28 13:00:00
3565,onboarding_done,2024-05-28 14:00:00
3565,close,2024-06-19 12:00:00
3566,open,2024-05-28 14:00:00
3566,onboarding_done,2024-05-28 15:00:00
3566,close,2024-06-08 13:00:00
3567,open,2024-05-28 15:00:00
3567,close,2024-06-14 14:00:00
3568,open,2024-05-28 16:00:00
3568,onboarding_done,2024-05-28 17:00:00
3568,close,2024-05-30 15:00:00
3568,purchase,2024-06-01 15:00:00
3569,open,2024-05-28 17:00:00
3569,onboarding_done,2024-05-28 18:00:00
3569,close,2024-06-26 16:00:00
3570,open,2024-05-28 18:00:00
3570,onboarding_done,2024-05-28 19:00:00
3570,purchase,2024-05-30 17:00:00
3570,close,2024-06-03 17:00:00
3571,open,2024-05-28 19:00:00
3571,onboarding_done,2024-05-28 20:00:00
3571,purchase,2024-06-09 18:00:00
3571,close,2024-06-22 18:00:00
3572,open,2024-05-28 20:00:00
3572,onboarding_done,2024-05-28 21:00:00
3572,close,2024-06-09 19:00:00
3573,open,2024-05-28 21:00:00
3573,close,2024-06-13 20:00:00
3574,open,2024-05-28 22:00:00
3574,onboarding_done,2024-05-28 23:00:00
3574,close,2024-06-23 21:00:00
3575,open,2024-05-28 23:00:00
3575,onboarding_done,2024-05-29 00:00:00
3575,close,2024-06-03 22:00:00
3576,open,2024-05-29 00:00:00
3576,close,2024-06-22 23:00:00
3577,open,2024-05-29 01:00:00
3577,onboarding_done,2024-05-29 02:00:00
3577,close,2024-06-10 00:00:00
3578,open,2024-05-29 02:00:00
3578,close,2024-06-18 01:00:00
3579,open,2024-05-29 03:00:00
3579,onboarding_done,2024-05-29 04:00:00
3579,close,2024-06-03 02:00:00
3580,open,2024-05-29 04:00:00
3580,onboarding_done,2024-05-29 05:00:00
3580,close,2024-06-02 03:00:00
3580,purchase,2024-06-10 03:00:00
3581,open,2024-05-29 05:00:00
3581,close,2024-06-12 04:00:00
3583,open,2024-05-29 07:00:00
3583,close,2024-06-15 06:00:00
3584,open,2024-05-29 08:00:00
3584,onboarding_done,2024-05-29 09:00:00
3584,purchase,2024-06-01 07:00:00
3584,close,2024-06-19 07:00:00
3585,open,2024-05-29 09:00:00
3585,onboarding_done,2024-05-29 10:00:00
3585,close,2024-06-24 08:00:00
3586,open,2024-05-29 10:00:00
3586,close,2024-06-07 09:00:00
3587,open,2024-05-29 11:00:00
3587,onboarding_done,2024-05-29 12:00:00
3587,purchase,2024-05-31 10:00:00
3587,close,2024-06-23 10:00:00
3588,open,2024-05-29 12:00:00
3588,onboarding_done,2024-05-29 13:00:00
3588,close,2024-06-11 11:00:00
3589,open,2024-05-29 13:00:00
3589,close,2024-06-24 12:00:00
3590,open,2024-05-29 14:00:00
3590,onboarding_done,2024-05-29 15:00:00
3590,close,2024-05-30 13:00:00
3591,open,2024-05-29 15:00:00
3591,onboarding_done,2024-05-29 16:00:00
3591,purchase,2024-05-31 14:00:00
3591,close,2024-06-04 14:00:00
3592,open,2024-05-29 16:00:00
3592,onboarding_done,2024-05-29 17:00:00
3592,close,2024-06-13 15:00:00
3593,open,2024-05-29 17:00:00
3593,onboarding_done,2024-05-29 18:00:00
3593,close,2024-06-03 16:00:00
3593,purchase,2024-06-06 16:00:00
3594,open,2024-05-29 18:00:00
3594,onboarding_done,2024-05-29 19:00:00
3594,close,2024-06-04 17:00:00
3595,open,2024-05-29 19:00:00
3595,close,2024-06-21 18:00:00
3596,open,2024-05-29 20:00:00
3596,onboarding_done,2024-05-29 21:00:00
3596,close,2024-06-17 19:00:00
3597,open,2024-05-29 21:00:00
3597,onboarding_done,2024-05-29 22:00:00
3597,purchase,2024-06-08 20:00:00
3597,close,2024-06-26 20:00:00
3598,open,2024-05-29 22:00:00
3598,onboarding_done,2024-05-29 23:00:00
3598,close,2024-06-22 21:00:00
3599,open,2024-05-29 23:00:00
3599,onboarding_done,2024-05-30 00:00:00
3599,close,2024-06-02 22:00:00
3600,open,2024-05-30 00:00:00
3600,onboarding_done,2024-05-30 01:00:00
3600,close,2024-05-30 23:00:00
3600,purchase,2024-06-08 23:00:00
3601,open,2024-05-30 01:00:00
3601,close,2024-06-21 00:00:00
3602,open,2024-05-30 02:00:00
3602,onboarding_done,2024-05-30 03:00:00
3602,close,2024-06-12 01:00:00
3603,open,2024-05-30 03:00:00
3603,close,2024-06-03 02:00:00
3604,open,2024-05-30 04:00:00
3604,onboarding_done,2024-05-30 05:00:00
3604,close,2024-06-17 03:00:00
3605,open,2024-05-30 05:00:00
3605,close,2024-06-17 04:00:00
3606,open,2024-05-30 06:00:00
3606,onboarding_done,2024-05-30 07:00:00
3606,close,2024-06-10 05:00:00
3607,open,2024-05-30 07:00:00
3607,close,2024-06-01 06:00:00
3608,open,2024-05-30 08:00:00
3608,onboarding_done,2024-05-30 09:00:00
3608,close,2024-06-24 07:00:00
3609,open,2024-05-30 09:00:00
3609,close,2024-06-18 08:00:00
3610,open,2024-05-30 10:00:00
3610,close,2024-06-12 09:00:00
3611,open,2024-05-30 11:00:00
3611,onboarding_done,2024-05-30 12:00:00
3611,close,2024-06-05 10:00:00
3612,open,2024-05-30 12:00:00
3612,close,2024-06-28 11:00:00
3613,open,2024-05-30 13:00:00
3613,onboarding_done,2024-05-30 14:00:00
3613,purchase,2024-06-05 12:00:00
3613,close,2024-06-23 12:00:00
3615,open,2024-05-30 15:00:00
3615,onboarding_done,2024-05-30 16:00:00
3615,close,2024-06-25 14:00:00
3616,open,2024-05-30 16:00:00
3616,onboarding_done,2024-05-30 17:00:00
3616,close,2024-06-09 15:00:00
3618,open,2024-05-30 18:00:00
3618,onboarding_done,2024-05-30 19:00:00
3618,close,2024-06-13 17:00:00
3619,open,2024-05-30 19:00:00
3619,onboarding_done,2024-05-30 20:00:00
3619,close,2024-06-03 18:00:00
3620,open,2024-05-30 20:00:00
3620,close,2024-06-25 19:00:00
3621,open,2024-05-30 21:00:00
3621,close,2024-06-05 20:00:00
3623,open,2024-05-30 23:00:00
3623,onboarding_done,2024-05-31 00:00:00
3623,purchase,2024-05-31 22:00:00
3623,close,2024-06-27 22:00:00
3624,open,2024-05-31 00:00:00
3624,onboarding_done,2024-05-31 01:00:00
3624,close,2024-06-01 23:00:00
3625,open,2024-05-31 01:00:00
3625,onboarding_done,2024-05-31 02:00:00
3625,close,2024-06-01 00:00:00
3626,open,2024-05-31 02:00:00
3626,close,2024-06-15 01:00:00
3627,open,2024-05-31 03:00:00
3627,onboarding_done,2024-05-31 04:00:00
3627,purchase,2024-06-03 02:00:00
3627,close,2024-06-15 02:00:00
3628,open,2024-05-31 04:00:00
3628,onboarding_done,2024-05-31 05:00:00
3628,close,2024-06-09 03:00:00
3629,open,2024-05-31 05:00:00
3629,close,2024-06-27 04:00:00
3630,open,2024-05-31 06:00:00
3630,onboarding_done,2024-05-31 07:00:00
3630,purchase,2024-06-09 05:00:00
3630,close,2024-06-22 05:00:00
3631,open,2024-05-31 07:00:00
3631,close,2024-06-19 06:00:00
3632,open,2024-05-31 08:00:00
3632,onboarding_done,2024-05-31 09:00:00
3632,close,2024-06-25 07:00:00
3633,open,2024-05-31 09:00:00
3633,onboarding_done,2024-05-31 10:00:00
3633,close,2024-06-06 08:00:00
3634,open,2024-05-31 10:00:00
3634,onboarding_done,2024-05-31 11:00:00
3634,close,2024-06-28 09:00:00
3635,open,2024-05-31 11:00:00
3635,onboarding_done,2024-05-31 12:00:00
3635,close,2024-06-29 10:00:00
3636,open,2024-05-31 12:00:00
3636,onboarding_done,2024-05-31 13:00:00
3636,close,2024-06-14 11:00:00
3638,open,2024-05-31 14:00:00
3638,close,2024-06-09 13:00:00
3640,open,2024-05-31 16:00:00
3640,close,2024-06-16 15:00:00
3641,open,2024-05-31 17:00:00
3641,onboarding_done,2024-05-31 18:00:00
3641,purchase,2024-06-01 16:00:00
3641,close,2024-06-15 16:00:00
3642,open,2024-05-31 18:00:00
3642,close,2024-06-13 17:00:00
3643,open,2024-05-31 19:00:00
3643,close,2024-06-10 18:00:00
3644,open,2024-05-31 20:00:00
3644,close,2024-06-27 19:00:00
3645,open,2024-05-31 21:00:00
3645,onboarding_done,2024-05-31 22:00:00
3645,close,2024-06-16 20:00:00
3646,open,2024-05-31 22:00:00
3646,onboarding_done,2024-05-31 23:00:00
3646,close,2024-06-26 21:00:00
3647,open,2024-05-31 23:00:00
3647,close,2024-06-07 22:00:00
3648,open,2024-06-01 00:00:00
3648,close,2024-06-17 23:00:00
3649,open,2024-06-01 01:00:00
3649,onboarding_done,2024-06-01 02:00:00
3649,close,2024-06-19 00:00:00
3650,open,2024-06-01 02:00:00
3650,onboarding_done,2024-06-01 03:00:00
3650,close,2024-06-05 01:00:00
3651,open,2024-06-01 03:00:00
3651,onboarding_done,2024-06-01 04:00:00
3651,close,2024-06-19 02:00:00
3652,open,2024-06-01 04:00:00
3652,onboarding_done,2024-06-01 05:00:00
3652,close,2024-06-03 03:00:00
3653,open,2024-06-01 05:00:00
3653,onboarding_done,2024-06-01 06:00:00
3653,close,2024-06-21 04:00:00
3654,open,2024-06-01 06:00:00
3654,onboarding_done,2024-06-01 07:00:00
3654,close,2024-06-28 05:00:00
3655,open,2024-06-01 07:00:00
3655,onboarding_done,2024-06-01 08:00:00
3655,close,2024-06-03 06:00:00
3656,open,2024-06-01 08:00:00
3656,onboarding_done,2024-06-01 09:00:00
3656,close,2024-06-25 07:00:00
3657,open,2024-06-01 09:00:00
3657,onboarding_done,2024-06-01 10:00:00
3657,close,2024-06-08 08:00:00
3658,open,2024-06-01 10:00:00
3658,onboarding_done,2024-06-01 11:00:00
3658,close,2024-06-02 09:00:00
3659,open,2024-06-01 11:00:00
3659,onboarding_done,2024-06-01 12:00:00
3659,close,2024-06-06 10:00:00
3659,purchase,2024-06-14 10:00:00
3660,open,2024-06-01 12:00:00
3660,onboarding_done,2024-06-01 13:00:00
3660,purchase,2024-06-09 11:00:00
3660,close,2024-06-10 11:00:00
3661,open,2024-06-01 13:00:00
3661,onboarding_done,2024-06-01 14:00:00
3661,close,2024-06-12 12:00:00
3662,open,2024-06-01 14:00:00
3662,close,2024-06-05 13:00:00
3663,open,2024-06-01 15:00:00
3663,onboarding_done,2024-06-01 16:00:00
3663,purchase,2024-06-02 14:00:00
3663,close,2024-06-13 14:00:00
3664,open,2024-06-01 16:00:00
3664,onboarding_done,2024-06-01 17:00:00
3664,close,2024-06-18 15:00:00
3665,open,2024-06-01 17:00:00
3665,onboarding_done,2024-06-01 18:00:00
3665,close,2024-06-14 16:00:00
3666,open,2024-06-01 18:00:00
3666,onboarding_done,2024-06-01 19:00:00
3666,close,2024-06-12 17:00:00
3668,open,2024-06-01 20:00:00
3668,onboarding_done,2024-06-01 21:00:00
3668,close,2024-06-11 19:00:00
3669,open,2024-06-01 21:00:00
3669,onboarding_done,2024-06-01 22:00:00
3669,close,2024-06-19 20:00:00
3670,open,2024-06-01 22:00:00
3670,onboarding_done,2024-06-01 23:00:00
3670,purchase,2024-06-03 21:00:00
3670,close,2024-06-04 21:00:00
3671,open,2024-06-01 23:00:00
3671,onboarding_done,2024-06-02 00:00:00
3671,close,2024-06-28 22:00:00
3672,open,2024-06-02 00:00:00
3672,onboarding_done,2024-06-02 01:00:00
3672,close,2024-06-15 23:00:00
3673,open,2024-06-02 01:00:00
3673,onboarding_done,2024-06-02 02:00:00
3673,close,2024-06-06 00:00:00
3674,open,2024-06-02 02:00:00
3674,onboarding_done,2024-06-02 03:00:00
3674,close,2024-06-23 01:00:00
3675,open,2024-06-02 03:00:00
3675,onboarding_done,2024-06-02 04:00:00
3675,purchase,2024-06-08 02:00:00
3675,close,2024-06-08 02:00:00
3676,open,2024-06-02 04:00:00
3676,close,2024-06-04 03:00:00
3677,open,2024-06-02 05:00:00
3677,close,2024-06-20 04:00:00
3679,open,2024-06-02 07:00:00
3679,onboarding_done,2024-06-02 08:00:00
3679,close,2024-06-10 06:00:00
3679,purchase,2024-06-16 06:00:00
3680,open,2024-06-02 08:00:00
3680,close,2024-06-12 07:00:00
3681,open,2024-06-02 09:00:00
3681,close,2024-06-23 08:00:00
3682,open,2024-06-02 10:00:00
3682,onboarding_done,2024-06-02 11:00:00
3682,purchase,2024-06-10 09:00:00
3682,close,2024-06-20 09:00:00
3684,open,2024-06-02 12:00:00
3684,close,2024-06-27 11:00:00
3685,open,2024-06-02 13:00:00
3685,close,2024-07-01 12:00:00
3686,open,2024-06-02 14:00:00
3686,onboarding_done,2024-06-02 15:00:00
3686,close,2024-06-26 13:00:00
3687,open,2024-06-02 15:00:00
3687,close,2024-06-25 14:00:00
3688,open,2024-06-02 16:00:00
3688,onboarding_done,2024-06-02 17:00:00
3688,close,2024-06-28 15:00:00
3689,open,2024-06-02 17:00:00
3689,onboarding_done,2024-06-02 18:00:00
3689,purchase,2024-06-12 16:00:00
3689,close,2024-06-15 16:00:00
3690,open,2024-06-02 18:00:00
3690,close,2024-06-16 17:00:00
3691,open,2024-06-02 19:00:00
3691,onboarding_done,2024-06-02 20:00:00
3691,close,2024-06-29 18:00:00
3692,open,2024-06-02 20:00:00
3692,onboarding_done,2024-06-02 21:00:00
3692,close,2024-06-14 19:00:00
3693,open,2024-06-02 21:00:00
3693,onboarding_done,2024-06-02 22:00:00
3693,purchase,2024-06-08 20:00:00
3693,close,2024-06-26 20:00:00
3694,open,2024-06-02 22:00:00
3694,close,2024-06-19 21:00:00
3695,open,2024-06-02 23:00:00
3695,onboarding_done,2024-06-03 00:00:00
3695,close,2024-06-10 22:00:00
3696,open,2024-06-03 00:00:00
3696,close,2024-06-10 23:00:00
3697,open,2024-06-03 01:00:00
3697,onboarding_done,2024-06-03 02:00:00
3697,purchase,2024-06-09 00:00:00
3697,close,2024-06-26 00:00:00
3698,open,2024-06-03 02:00:00
3698,onboarding_done,2024-06-03 03:00:00
3698,close,2024-06-04 01:00:00
3699,open,2024-06-03 03:00:00
3699,onboarding_done,2024-06-03 04:00:00
3699,close,2024-06-17 02:00:00
3700,open,2024-06-03 04:00:00
3700,onboarding_done,2024-06-03 05:00:00
3700,purchase,2024-06-10 03:00:00
3700,close,2024-06-21 03:00:00
3701,open,2024-06-03 05:00:00
3701,close,2024-06-27 04:00:00
3702,open,2024-06-03 06:00:00
3702,onboarding_done,2024-06-03 07:00:00
3702,close,2024-06-19 05:00:00
3703,open,2024-06-03 07:00:00
3703,onboarding_done,2024-06-03 08:00:00
3703,purchase,2024-06-09 06:00:00
3703,close,2024-06-14 06:00:00
3704,open,2024-06-03 08:00:00
3704,onboarding_done,2024-06-03 09:00:00
3704,close,2024-06-14 07:00:00
3705,open,2024-06-03 09:00:00
3705,onboarding_done,2024-06-03 10:00:00
3705,purchase,2024-06-09 08:00:00
3705,close,2024-06-20 08:00:00
3706,open,2024-06-03 10:00:00
3706,close,2024-06-08 09:00:00
3708,open,2024-06-03 12:00:00
3708,onboarding_done,2024-06-03 13:00:00
3708,close,2024-06-09 11:00:00
3710,open,2024-06-03 14:00:00
3710,onboarding_done,2024-06-03 15:00:00
3710,purchase,2024-06-13 13:00:00
3710,close,2024-06-29 13:00:00
3711,open,2024-06-03 15:00:00
3711,onboarding_done,2024-06-03 16:00:00
3711,close,2024-07-01 14:00:00
3712,open,2024-06-03 16:00:00
3712,onboarding_done,2024-06-03 17:00:00
3712,close,2024-06-24 15:00:00
3713,open,2024-06-03 17:00:00
3713,close,2024-06-29 16:00:00
3714,open,2024-06-03 18:00:00
3714,onboarding_done,2024-06-03 19:00:00
3714,purchase,2024-06-07 17:00:00
3714,close,2024-06-28 17:00:00
3715,open,2024-06-03 19:00:00
3715,onboarding_done,2024-06-03 20:00:00
3715,close,2024-06-13 18:00:00
3716,open,2024-06-03 20:00:00
3716,onboarding_done,2024-06-03 21:00:00
3716,close,2024-06-09 19:00:00
3717,open,2024-06-03 21:00:00
3717,onboarding_done,2024-06-03 22:00:00
3717,close,2024-06-07 20:00:00
3717,purchase,2024-06-11 20:00:00
3719,open,2024-06-03 23:00:00
3719,onboarding_done,2024-06-04 00:00:00
3719,close,2024-06-22 22:00:00
3720,open,2024-06-04 00:00:00
3720,onboarding_done,2024-06-04 01:00:00
3720,close,2024-06-17 23:00:00
3721,open,2024-06-04 01:00:00
3721,close,2024-06-12 00:00:00
3722,open,2024-06-04 02:00:00
3722,onboarding_done,2024-06-04 03:00:00
3722,purchase,2024-06-07 01:00:00
3722,close,2024-06-18 01:00:00
3723,open,2024-06-04 03:00:00
3723,onboarding_done,2024-06-04 04:00:00
3723,close,2024-06-22 02:00:00
3724,open,2024-06-04 04:00:00
3724,onboarding_done,2024-06-04 05:00:00
3724,close,2024-06-25 03:00:00
3725,open,2024-06-04 05:00:00
3725,onboarding_done,2024-06-04 06:00:00
3725,purchase,2024-06-08 04:00:00
3725,close,2024-06-14 04:00:00
3726,open,2024-06-04 06:00:00
3726,onboarding_done,2024-06-04 07:00:00
3726,close,2024-06-19 05:00:00
3727,open,2024-06-04 07:00:00
3727,onboarding_done,2024-06-04 08:00:00
3727,purchase,2024-06-07 06:00:00
3727,close,2024-06-29 06:00:00
3728,open,2024-06-04 08:00:00
3728,onboarding_done,2024-06-04 09:00:00
3728,purchase,2024-06-11 07:00:00
3728,close,2024-06-21 07:00:00
3729,open,2024-06-04 09:00:00
3729,onboarding_done,2024-06-04 10:00:00
3729,close,2024-06-28 08:00:00
3730,open,2024-06-04 10:00:00
3730,onboarding_done,2024-06-04 11:00:00
3730,close,2024-06-20 09:00:00
3731,open,2024-06-04 11:00:00
3731,close,2024-06-15 10:00:00
3732,open,2024-06-04 12:00:00
3732,onboarding_done,2024-06-04 13:00:00
3732,close,2024-06-30 11:00:00
3733,open,2024-06-04 13:00:00
3733,close,2024-06-30 12:00:00
3734,open,2024-06-04 14:00:00
3734,onboarding_done,2024-06-04 15:00:00
3734,close,2024-06-13 13:00:00
3735,open,2024-06-04 15:00:00
3735,onboarding_done,2024-06-04 16:00:00
3735,close,2024-06-07 14:00:00
3736,open,2024-06-04 16:00:00
3736,onboarding_done,2024-06-04 17:00:00
3736,close,2024-06-14 15:00:00
3737,open,2024-06-04 17:00:00
3737,onboarding_done,2024-06-04 18:00:00
3737,purchase,2024-06-14 16:00:00
3737,close,2024-06-22 16:00:00
3738,open,2024-06-04 18:00:00
3738,close,2024-06-13 17:00:00
3739,open,2024-06-04 19:00:00
3739,close,2024-06-08 18:00:00
3740,open,2024-06-04 20:00:00
3740,onboarding_done,2024-06-04 21:00:00
3740,close,2024-06-05 19:00:00
3741,open,2024-06-04 21:00:00
3741,onboarding_done,2024-06-04 22:00:00
3741,close,2024-06-27 20:00:00
3742,open,2024-06-04 22:00:00
3742,onboarding_done,2024-06-04 23:00:00
3742,close,2024-06-24 21:00:00
3743,open,2024-06-04 23:00:00
3743,onboarding_done,2024-06-05 00:00:00
3743,close,2024-06-23 22:00:00
3744,open,2024-06-05 00:00:00
3744,onboarding_done,2024-06-05 01:00:00
3744,close,2024-06-11 23:00:00
3745,open,2024-06-05 01:00:00
3745,onboarding_done,2024-06-05 02:00:00
3745,close,2024-06-28 00:00:00
3746,open,2024-06-05 02:00:00
3746,onboarding_done,2024-06-05 03:00:00
3746,close,2024-06-06 01:00:00
3747,open,2024-06-05 03:00:00
3747,onboarding_done,2024-06-05 04:00:00
3747,close,2024-06-11 02:00:00
3748,open,2024-06-05 04:00:00
3748,close,2024-06-18 03:00:00
3749,open,2024-06-05 05:00:00
3749,close,2024-06-30 04:00:00
3750,open,2024-06-05 06:00:00
3750,onboarding_done,2024-06-05 07:00:00
3750,close,2024-06-23 05:00:00
3751,open,2024-06-05 07:00:00
3751,onboarding_done,2024-06-05 08:00:00
3751,purchase,2024-06-06 06:00:00
3751,close,2024-06-17 06:00:00
3752,open,2024-06-05 08:00:00
3752,onboarding_done,2024-06-05 09:00:00
3752,close,2024-06-15 07:00:00
3753,open,2024-06-05 09:00:00
3753,onboarding_done,2024-06-05 10:00:00
3753,close,2024-06-24 08:00:00
3754,open,2024-06-05 10:00:00
3754,onboarding_done,2024-06-05 11:00:00
3754,close,2024-06-19 09:00:00
3755,open,2024-06-05 11:00:00
3755,onboarding_done,2024-06-05 12:00:00
3755,close,2024-06-13 10:00:00
3756,open,2024-06-05 12:00:00
3756,onboarding_done,2024-06-05 13:00:00
3756,close,2024-06-28 11:00:00
3757,open,2024-06-05 13:00:00
3757,onboarding_done,2024-06-05 14:00:00
3757,close,2024-06-10 12:00:00
3759,open,2024-06-05 15:00:00
3759,onboarding_done,2024-06-05 16:00:00
3759,close,2024-06-19 14:00:00
3761,open,2024-06-05 17:00:00
3761,close,2024-06-07 16:00:00
3762,open,2024-06-05 18:00:00
3762,onboarding_done,2024-06-05 19:00:00
3762,close,2024-06-15 17:00:00
3763,open,2024-06-05 19:00:00
3763,onboarding_done,2024-06-05 20:00:00
3763,close,2024-06-23 18:00:00
3764,open,2024-06-05 20:00:00
3764,onboarding_done,2024-06-05 21:00:00
3764,purchase,2024-06-16 19:00:00
3764,close,2024-07-03 19:00:00
3765,open,2024-06-05 21:00:00
3765,onboarding_done,2024-06-05 22:00:00
3765,close,2024-06-06 20:00:00
3765,purchase,2024-06-13 20:00:00
3766,open,2024-06-05 22:00:00
3766,onboarding_done,2024-06-05 23:00:00
3766,close,2024-06-09 21:00:00
3767,open,2024-06-05 23:00:00
3767,onboarding_done,2024-06-06 00:00:00
3767,close,2024-06-15 22:00:00
3768,open,2024-06-06 00:00:00
3768,onboarding_done,2024-06-06 01:00:00
3768,close,2024-06-28 23:00:00
3769,open,2024-06-06 01:00:00
3769,close,2024-06-21 00:00:00
3770,open,2024-06-06 02:00:00
3770,onboarding_done,2024-06-06 03:00:00
3770,close,2024-06-08 01:00:00
3771,open,2024-06-06 03:00:00
3771,close,2024-06-15 02:00:00
3772,open,2024-06-06 04:00:00
3772,onboarding_done,2024-06-06 05:00:00
3772,purchase,2024-06-10 03:00:00
3772,close,2024-06-17 03:00:00
3773,open,2024-06-06 05:00:00
3773,onboarding_done,2024-06-06 06:00:00
3773,close,2024-06-27 04:00:00
3774,open,2024-06-06 06:00:00
3774,onboarding_done,2024-06-06 07:00:00
3774,close,2024-06-14 05:00:00
3775,open,2024-06-06 07:00:00
3775,onboarding_done,2024-06-06 08:00:00
3775,close,2024-06-18 06:00:00
3776,open,2024-06-06 08:00:00
3776,onboarding_done,2024-06-06 09:00:00
3776,close,2024-06-30 07:00:00
3777,open,2024-06-06 09:00:00
3777,onboarding_done,2024-06-06 10:00:00
3777,close,2024-06-20 08:00:00
3778,open,2024-06-06 10:00:00
3778,close,2024-06-15 09:00:00
3779,open,2024-06-06 11:00:00
3779,onboarding_done,2024-06-06 12:00:00
3779,purchase,2024-06-19 10:00:00
3779,close,2024-07-01 10:00:00
3780,open,2024-06-06 12:00:00
3780,onboarding_done,2024-06-06 13:00:00
3780,close,2024-06-14 11:00:00
3781,open,2024-06-06 13:00:00
3781,onboarding_done,2024-06-06 14:00:00
3781,purchase,2024-06-19 12:00:00
3781,close,2024-06-23 12:00:00
3782,open,2024-06-06 14:00:00
3782,onboarding_done,2024-06-06 15:00:00
3782,close,2024-06-13 13:00:00
3783,open,2024-06-06 15:00:00
3783,close,2024-06-29 14:00:00
3784,open,2024-06-06 16:00:00
3784,onboarding_done,2024-06-06 17:00:00
3784,close,2024-06-11 15:00:00
3785,open,2024-06-06 17:00:00
3785,onboarding_done,2024-06-06 18:00:00
3785,close,2024-06-16 16:00:00
3786,open,2024-06-06 18:00:00
3786,onboarding_done,2024-06-06 19:00:00
3786,close,2024-07-01 17:00:00
3787,open,2024-06-06 19:00:00
3787,onboarding_done,2024-06-06 20:00:00
3787,close,2024-06-15 18:00:00
3788,open,2024-06-06 20:00:00
3788,onboarding_done,2024-06-06 21:00:00
3788,close,2024-06-22 19:00:00
3789,open,2024-06-06 21:00:00
3789,onboarding_done,2024-06-06 22:00:00
3789,close,2024-06-17 20:00:00
3790,open,2024-06-06 22:00:00
3790,onboarding_done,2024-06-06 23:00:00
3790,close,2024-06-11 21:00:00
3791,open,2024-06-06 23:00:00
3791,close,2024-06-25 22:00:00
3794,open,2024-06-07 02:00:00
3794,onboarding_done,2024-06-07 03:00:00
3794,close,2024-06-13 01:00:00
3795,open,2024-06-07 03:00:00
3795,onboarding_done,2024-06-07 04:00:00
3795,close,2024-06-24 02:00:00
3796,open,2024-06-07 04:00:00
3796,onboarding_done,2024-06-07 05:00:00
3796,close,2024-06-16 03:00:00
3797,open,2024-06-07 05:00:00
3797,close,2024-06-13 04:00:00
3798,open,2024-06-07 06:00:00
3798,onboarding_done,2024-06-07 07:00:00
3798,purchase,2024-06-12 05:00:00
3798,close,2024-06-20 05:00:00
3799,open,2024-06-07 07:00:00
3799,onboarding_done,2024-06-07 08:00:00
3799,close,2024-06-17 06:00:00
3799,purchase,2024-06-20 06:00:00
3800,open,2024-06-07 08:00:00
3800,close,2024-06-19 07:00:00
3801,open,2024-06-07 09:00:00
3801,onboarding_done,2024-06-07 10:00:00
3801,close,2024-07-03 08:00:00
3802,open,2024-06-07 10:00:00
3802,onboarding_done,2024-06-07 11:00:00
3802,close,2024-06-15 09:00:00
3803,open,2024-06-07 11:00:00
3803,onboarding_done,2024-06-07 12:00:00
3803,purchase,2024-06-11 10:00:00
3803,close,2024-06-27 10:00:00
3804,open,2024-06-07 12:00:00
3804,onboarding_done,2024-06-07 13:00:00
3804,close,2024-06-29 11:00:00
3805,open,2024-06-07 13:00:00
3805,onboarding_done,2024-06-07 14:00:00
3805,close,2024-06-17 12:00:00
3806,open,2024-06-07 14:00:00
3806,onboarding_done,2024-06-07 15:00:00
3806,close,2024-06-26 13:00:00
3807,open,2024-06-07 15:00:00
3807,onboarding_done,2024-06-07 16:00:00
3807,close,2024-06-13 14:00:00
3808,open,2024-06-07 16:00:00
3808,onboarding_done,2024-06-07 17:00:00
3808,close,2024-06-28 15:00:00
3809,open,2024-06-07 17:00:00
3809,onboarding_done,2024-06-07 18:00:00
3809,close,2024-07-03 16:00:00
3810,open,2024-06-07 18:00:00
3810,onboarding_done,2024-06-07 19:00:00
3810,close,2024-06-13 17:00:00
3810,purchase,2024-06-19 17:00:00
3811,open,2024-06-07 19:00:00
3811,onboarding_done,2024-06-07 20:00:00
3811,close,2024-06-20 18:00:00
3812,open,2024-06-07 20:00:00
3812,close,2024-06-11 19:00:00
3813,open,2024-06-07 21:00:00
3813,close,2024-06-12 20:00:00
3814,open,2024-06-07 22:00:00
3814,onboarding_done,2024-06-07 23:00:00
3814,close,2024-06-29 21:00:00
3815,open,2024-06-07 23:00:00
3815,close,2024-06-14 22:00:00
3816,open,2024-06-08 00:00:00
3816,close,2024-06-17 23:00:00
3817,open,2024-06-08 01:00:00
3817,onboarding_done,2024-06-08 02:00:00
3817,close,2024-06-16 00:00:00
3817,purchase,2024-06-19 00:00:00
3818,open,2024-06-08 02:00:00
3818,close,2024-06-25 01:00:00
3819,open,2024-06-08 03:00:00
3819,close,2024-06-27 02:00:00
3820,open,2024-06-08 04:00:00
3820,onboarding_done,2024-06-08 05:00:00
3820,close,2024-06-18 03:00:00
3820,purchase,2024-06-22 03:00:00
3821,open,2024-06-08 05:00:00
3821,onboarding_done,2024-06-08 06:00:00
3821,purchase,2024-06-21 04:00:00
3821,close,2024-06-26 04:00:00
3822,open,2024-06-08 06:00:00
3822,onboarding_done,2024-06-08 07:00:00
3822,close,2024-06-15 05:00:00
3823,open,2024-06-08 07:00:00
3823,onboarding_done,2024-06-08 08:00:00
3823,purchase,2024-06-19 06:00:00
3823,close,2024-06-30 06:00:00
3824,open,2024-06-08 08:00:00
3824,onboarding_done,2024-06-08 09:00:00
3824,close,2024-07-04 07:00:00
3825,open,2024-06-08 09:00:00
3825,close,2024-06-17 08:00:00
3826,open,2024-06-08 10:00:00
3826,onboarding_done,2024-06-08 11:00:00
3826,close,2024-06-28 09:00:00
3827,open,2024-06-08 11:00:00
3827,onboarding_done,2024-06-08 12:00:00
3827,close,2024-06-27 10:00:00
3828,open,2024-06-08 12:00:00
3828,onboarding_done,2024-06-08 13:00:00
3828,close,2024-06-14 11:00:00
3830,open,2024-06-08 14:00:00
3830,onboarding_done,2024-06-08 15:00:00
3830,close,2024-06-13 13:00:00
3831,open,2024-06-08 15:00:00
3831,close,2024-07-04 14:00:00
3832,open,2024-06-08 16:00:00
3832,onboarding_done,2024-06-08 17:00:00
3832,close,2024-07-01 15:00:00
3833,open,2024-06-08 17:00:00
3833,close,2024-06-28 16:00:00
3834,open,2024-06-08 18:00:00
3834,onboarding_done,2024-06-08 19:00:00
3834,close,2024-06-22 17:00:00
3835,open,2024-06-08 19:00:00
3835,onboarding_done,2024-06-08 20:00:00
3835,close,2024-07-02 18:00:00
3836,open,2024-06-08 20:00:00
3836,onboarding_done,2024-06-08 21:00:00
3836,purchase,2024-06-20 19:00:00
3836,close,2024-06-22 19:00:00
3837,open,2024-06-08 21:00:00
3837,onboarding_done,2024-06-08 22:00:00
3837,close,2024-06-24 20:00:00
3838,open,2024-06-08 22:00:00
3838,onboarding_done,2024-06-08 23:00:00
3838,purchase,2024-06-13 21:00:00
3838,close,2024-06-14 21:00:00
3839,open,2024-06-08 23:00:00
3839,close,2024-06-29 22:00:00
3840,open,2024-06-09 00:00:00
3840,close,2024-07-05 23:00:00
3841,open,2024-06-09 01:00:00
3841,onboarding_done,2024-06-09 02:00:00
3841,close,2024-07-02 00:00:00
3842,open,2024-06-09 02:00:00
3842,onboarding_done,2024-06-09 03:00:00
3842,purchase,2024-06-20 01:00:00
3842,close,2024-06-29 01:00:00
3844,open,2024-06-09 04:00:00
3844,onboarding_done,2024-06-09 05:00:00
3844,close,2024-06-13 03:00:00
3845,open,2024-06-09 05:00:00
3845,onboarding_done,2024-06-09 06:00:00
3845,close,2024-06-12 04:00:00
3846,open,2024-06-09 06:00:00
3846,onboarding_done,2024-06-09 07:00:00
3846,purchase,2024-06-13 05:00:00
3846,close,2024-07-05 05:00:00
3847,open,2024-06-09 07:00:00
3847,onboarding_done,2024-06-09 08:00:00
3847,close,2024-06-20 06:00:00
3848,open,2024-06-09 08:00:00
3848,onboarding_done,2024-06-09 09:00:00
3848,close,2024-06-18 07:00:00
3849,open,2024-06-09 09:00:00
3849,onboarding_done,2024-06-09 10:00:00
3849,close,2024-07-08 08:00:00
3850,open,2024-06-09 10:00:00
3850,onboarding_done,2024-06-09 11:00:00
3850,close,2024-07-07 09:00:00
3851,open,2024-06-09 11:00:00
3851,close,2024-06-30 10:00:00
3852,open,2024-06-09 12:00:00
3852,close,2024-07-02 11:00:00
3853,open,2024-06-09 13:00:00
3853,close,2024-06-18 12:00:00
3854,open,2024-06-09 14:00:00
3854,close,2024-06-27 13:00:00
3855,open,2024-06-09 15:00:00
3855,close,2024-06-13 14:00:00
3856,open,2024-06-09 16:00:00
3856,onboarding_done,2024-06-09 17:00:00
3856,close,2024-06-20 15:00:00
3857,open,2024-06-09 17:00:00
3857,onboarding_done,2024-06-09 18:00:00
3857,close,2024-07-03 16:00:00
3858,open,2024-06-09 18:00:00
3858,onboarding_done,2024-06-09 19:00:00
3858,close,2024-07-04 17:00:00
3859,open,2024-06-09 19:00:00
3859,onboarding_done,2024-06-09 20:00:00
3859,close,2024-06-28 18:00:00
3860,open,2024-06-09 20:00:00
3860,onboarding_done,2024-06-09 21:00:00
3860,close,2024-06-10 19:00:00
3861,open,2024-06-09 21:00:00
3861,onboarding_done,2024-06-09 22:00:00
3861,close,2024-06-14 20:00:00
3862,open,2024-06-09 22:00:00
3862,onboarding_done,2024-06-09 23:00:00
3862,close,2024-07-08 21:00:00
3863,open,2024-06-09 23:00:00
3863,close,2024-06-24 22:00:00
3864,open,2024-06-10 00:00:00
3864,onboarding_done,2024-06-10 01:00:00
3864,close,2024-07-08 23:00:00
3865,open,2024-06-10 01:00:00
3865,onboarding_done,2024-06-10 02:00:00
3865,close,2024-07-06 00:00:00
3866,open,2024-06-10 02:00:00
3866,close,2024-06-21 01:00:00
3867,open,2024-06-10 03:00:00
3867,close,2024-06-19 02:00:00
3868,open,2024-06-10 04:00:00
3868,close,2024-06-12 03:00:00
3869,open,2024-06-10 05:00:00
3869,onboarding_done,2024-06-10 06:00:00
3869,close,2024-06-17 04:00:00
3869,purchase,2024-06-21 04:00:00
3870,open,2024-06-10 06:00:00
3870,onboarding_done,2024-06-10 07:00:00
3870,close,2024-06-14 05:00:00
3871,open,2024-06-10 07:00:00
3871,onboarding_done,2024-06-10 08:00:00
3871,purchase,2024-06-13 06:00:00
3871,close,2024-06-14 06:00:00
3872,open,2024-06-10 08:00:00
3872,onboarding_done,2024-06-10 09:00:00
3872,close,2024-07-06 07:00:00
3873,open,2024-06-10 09:00:00
3873,onboarding_done,2024-06-10 10:00:00
3873,close,2024-06-15 08:00:00
3874,open,2024-06-10 10:00:00
3874,onboarding_done,2024-06-10 11:00:00
3874,close,2024-06-16 09:00:00
3874,purchase,2024-06-23 09:00:00
3875,open,2024-06-10 11:00:00
3875,onboarding_done,2024-06-10 12:00:00
3875,purchase,2024-06-17 10:00:00
3875,close,2024-06-20 10:00:00
3877,open,2024-06-10 13:00:00
3877,close,2024-06-13 12:00:00
3878,open,2024-06-10 14:00:00
3878,close,2024-06-12 13:00:00
3879,open,2024-06-10 15:00:00
3879,onboarding_done,2024-06-10 16:00:00
3879,purchase,2024-06-20 14:00:00
3879,close,2024-06-22 14:00:00
3880,open,2024-06-10 16:00:00
3880,onboarding_done,2024-06-10 17:00:00
3880,close,2024-07-05 15:00:00
3881,open,2024-06-10 17:00:00
3881,close,2024-06-24 16:00:00
3882,open,2024-06-10 18:00:00
3882,onboarding_done,2024-06-10 19:00:00
3882,close,2024-06-12 17:00:00
3883,open,2024-06-10 19:00:00
3883,onboarding_done,2024-06-10 20:00:00
3883,close,2024-06-13 18:00:00
3883,purchase,2024-06-14 18:00:00
3884,open,2024-06-10 20:00:00
3884,onboarding_done,2024-06-10 21:00:00
3884,close,2024-06-24 19:00:00
3885,open,2024-06-10 21:00:00
3885,onboarding_done,2024-06-10 22:00:00
3885,purchase,2024-06-11 20:00:00
3885,close,2024-07-07 20:00:00
3886,open,2024-06-10 22:00:00
3886,onboarding_done,2024-06-10 23:00:00
3886,purchase,2024-06-16 21:00:00
3886,close,2024-06-17 21:00:00
3887,open,2024-06-10 23:00:00
3887,onboarding_done,2024-06-11 00:00:00
3887,close,2024-06-19 22:00:00
3888,open,2024-06-11 00:00:00
3888,onboarding_done,2024-06-11 01:00:00
3888,close,2024-07-02 23:00:00
3889,open,2024-06-11 01:00:00
3889,close,2024-06-13 00:00:00
3890,open,2024-06-11 02:00:00
3890,onboarding_done,2024-06-11 03:00:00
3890,close,2024-06-14 01:00:00
3891,open,2024-06-11 03:00:00
3891,onboarding_done,2024-06-11 04:00:00
3891,close,2024-06-17 02:00:00
3891,purchase,2024-06-19 02:00:00
3892,open,2024-06-11 04:00:00
3892,onboarding_done,2024-06-11 05:00:00
3892,close,2024-07-07 03:00:00
3893,open,2024-06-11 05:00:00
3893,close,2024-06-30 04:00:00
3894,open,2024-06-11 06:00:00
3894,onboarding_done,2024-06-11 07:00:00
3894,close,2024-06-26 05:00:00
3895,open,2024-06-11 07:00:00
3895,close,2024-07-01 06:00:00
3896,open,2024-06-11 08:00:00
3896,onboarding_done,2024-06-11 09:00:00
3896,close,2024-07-09 07:00:00
3897,open,2024-06-11 09:00:00
3897,onboarding_done,2024-06-11 10:00:00
3897,close,2024-07-07 08:00:00
3898,open,2024-06-11 10:00:00
3898,onboarding_done,2024-06-11 11:00:00
3898,close,2024-06-19 09:00:00
3899,open,2024-06-11 11:00:00
3899,onboarding_done,2024-06-11 12:00:00
3899,close,2024-06-28 10:00:00
3900,open,2024-06-11 12:00:00
3900,onboarding_done,2024-06-11 13:00:00
3900,purchase,2024-06-15 11:00:00
3900,close,2024-06-23 11:00:00
3901,open,2024-06-11 13:00:00
3901,onboarding_done,2024-06-11 14:00:00
3901,close,2024-06-25 12:00:00
3902,open,2024-06-11 14:00:00
3902,onboarding_done,2024-06-11 15:00:00
3902,purchase,2024-06-17 13:00:00
3902,close,2024-06-17 13:00:00
3903,open,2024-06-11 15:00:00
3903,onboarding_done,2024-06-11 16:00:00
3903,close,2024-07-07 14:00:00
3904,open,2024-06-11 16:00:00
3904,onboarding_done,2024-06-11 17:00:00
3904,close,2024-06-29 15:00:00
3905,open,2024-06-11 17:00:00
3905,onboarding_done,2024-06-11 18:00:00
3905,close,2024-06-19 16:00:00
3906,open,2024-06-11 18:00:00
3906,onboarding_done,2024-06-11 19:00:00
3906,purchase,2024-06-15 17:00:00
3906,close,2024-06-23 17:00:00
3907,open,2024-06-11 19:00:00
3907,onboarding_done,2024-06-11 20:00:00
3907,close,2024-06-20 18:00:00
3907,purchase,2024-06-23 18:00:00
3908,open,2024-06-11 20:00:00
3908,onboarding_done,2024-06-11 21:00:00
3908,purchase,2024-06-18 19:00:00
3908,close,2024-06-20 19:00:00
3909,open,2024-06-11 21:00:00
3909,onboarding_done,2024-06-11 22:00:00
3909,purchase,2024-06-14 20:00:00
3909,close,2024-07-03 20:00:00
3910,open,2024-06-11 22:00:00
3910,close,2024-07-07 21:00:00
3911,open,2024-06-11 23:00:00
3911,close,2024-06-30 22:00:00
3912,open,2024-06-12 00:00:00
3912,onboarding_done,2024-06-12 01:00:00
3912,close,2024-06-19 23:00:00
3912,purchase,2024-06-24 23:00:00
3913,open,2024-06-12 01:00:00
3913,close,2024-07-03 00:00:00
3914,open,2024-06-12 02:00:00
3914,close,2024-07-02 01:00:00
3916,open,2024-06-12 04:00:00
3916,onboarding_done,2024-06-12 05:00:00
3916,close,2024-06-15 03:00:00
3917,open,2024-06-12 05:00:00
3917,onboarding_done,2024-06-12 06:00:00
3917,purchase,2024-06-15 04:00:00
3917,close,2024-06-24 04:00:00
3918,open,2024-06-12 06:00:00
3918,onboarding_done,2024-06-12 07:00:00
3918,close,2024-07-11 05:00:00
3919,open,2024-06-12 07:00:00
3919,close,2024-07-09 06:00:00
3920,open,2024-06-12 08:00:00
3920,onboarding_done,2024-06-12 09:00:00
3920,close,2024-06-15 07:00:00
3921,open,2024-06-12 09:00:00
3921,onboarding_done,2024-06-12 10:00:00
3921,close,2024-07-05 08:00:00
3922,open,2024-06-12 10:00:00
3922,onboarding_done,2024-06-12 11:00:00
3922,close,2024-06-13 09:00:00
3923,open,2024-06-12 11:00:00
3923,onboarding_done,2024-06-12 12:00:00
3923,close,2024-06-19 10:00:00
3924,open,2024-06-12 12:00:00
3924,onboarding_done,2024-06-12 13:00:00
3924,close,2024-07-11 11:00:00
3925,open,2024-06-12 13:00:00
3925,close,2024-07-01 12:00:00
3926,open,2024-06-12 14:00:00
3926,close,2024-06-26 13:00:00
3927,open,2024-06-12 15:00:00
3927,onboarding_done,2024-06-12 16:00:00
3927,close,2024-06-15 14:00:00
3928,open,2024-06-12 16:00:00
3928,onboarding_done,2024-06-12 17:00:00
3928,close,2024-07-04 15:00:00
3929,open,2024-06-12 17:00:00
3929,onboarding_done,2024-06-12 18:00:00
3929,purchase,2024-06-17 16:00:00
3929,close,2024-07-06 16:00:00
3930,open,2024-06-12 18:00:00
3930,onboarding_done,2024-06-12 19:00:00
3930,close,2024-07-04 17:00:00
3931,open,2024-06-12 19:00:00
3931,close,2024-06-30 18:00:00
3932,open,2024-06-12 20:00:00
3932,close,2024-06-29 19:00:00
3933,open,2024-06-12 21:00:00
3933,onboarding_done,2024-06-12 22:00:00
3933,close,2024-07-05 20:00:00
3934,open,2024-06-12 22:00:00
3934,onboarding_done,2024-06-12 23:00:00
3934,purchase,2024-06-26 21:00:00
3934,close,2024-07-01 21:00:00
3935,open,2024-06-12 23:00:00
3935,onboarding_done,2024-06-13 00:00:00
3935,purchase,2024-06-15 22:00:00
3935,close,2024-06-17 22:00:00
3936,open,2024-06-13 00:00:00
3936,onboarding_done,2024-06-13 01:00:00
3936,purchase,2024-06-17 23:00:00
3936,close,2024-07-07 23:00:00
3937,open,2024-06-13 01:00:00
3937,onboarding_done,2024-06-13 02:00:00
3937,close,2024-06-28 00:00:00
3938,open,2024-06-13 02:00:00
3938,onboarding_done,2024-06-13 03:00:00
3938,purchase,2024-06-27 01:00:00
3938,close,2024-07-10 01:00:00
3939,open,2024-06-13 03:00:00
3939,close,2024-07-01 02:00:00
3940,open,2024-06-13 04:00:00
3940,onboarding_done,2024-06-13 05:00:00
3940,purchase,2024-06-21 03:00:00
3940,close,2024-07-12 03:00:00
3941,open,2024-06-13 05:00:00
3941,onboarding_done,2024-06-13 06:00:00
3941,close,2024-06-20 04:00:00
3942,open,2024-06-13 06:00:00
3942,onboarding_done,2024-06-13 07:00:00
3942,close,2024-06-19 05:00:00
3943,open,2024-06-13 07:00:00
3943,close,2024-07-10 06:00:00
3944,open,2024-06-13 08:00:00
3944,onboarding_done,2024-06-13 09:00:00
3944,close,2024-07-07 07:00:00
3945,open,2024-06-13 09:00:00
3945,close,2024-07-09 08:00:00
3946,open,2024-06-13 10:00:00
3946,onboarding_done,2024-06-13 11:00:00
3946,purchase,2024-06-16 09:00:00
3946,close,2024-06-19 09:00:00
3947,open,2024-06-13 11:00:00
3947,onboarding_done,2024-06-13 12:00:00
3947,close,2024-06-18 10:00:00
3948,open,2024-06-13 12:00:00
3948,onboarding_done,2024-06-13 13:00:00
3948,close,2024-07-03 11:00:00
3949,open,2024-06-13 13:00:00
3949,onboarding_done,2024-06-13 14:00:00
3949,purchase,2024-06-14 12:00:00
3949,close,2024-06-22 12:00:00
3950,open,2024-06-13 14:00:00
3950,onboarding_done,2024-06-13 15:00:00
3950,purchase,2024-06-23 13:00:00
3950,close,2024-06-23 13:00:00
3951,open,2024-06-13 15:00:00
3951,close,2024-06-29 14:00:00
3952,open,2024-06-13 16:00:00
3952,close,2024-06-14 15:00:00
3953,open,2024-06-13 17:00:00
3953,onboarding_done,2024-06-13 18:00:00
3953,close,2024-07-01 16:00:00
3954,open,2024-06-13 18:00:00
3954,onboarding_done,2024-06-13 19:00:00
3954,close,2024-06-28 17:00:00
3955,open,2024-06-13 19:00:00
3955,onboarding_done,2024-06-13 20:00:00
3955,purchase,2024-06-17 18:00:00
3955,close,2024-07-11 18:00:00
3956,open,2024-06-13 20:00:00
3956,onboarding_done,2024-06-13 21:00:00
3956,close,2024-06-21 19:00:00
3956,purchase,2024-06-22 19:00:00
3957,open,2024-06-13 21:00:00
3957,close,2024-06-30 20:00:00
3958,open,2024-06-13 22:00:00
3958,close,2024-06-27 21:00:00
3959,open,2024-06-13 23:00:00
3959,onboarding_done,2024-06-14 00:00:00
3959,close,2024-06-28 22:00:00
3960,open,2024-06-14 00:00:00
3960,close,2024-07-07 23:00:00
3961,open,2024-06-14 01:00:00
3961,onboarding_done,2024-06-14 02:00:00
3961,close,2024-07-09 00:00:00
3962,open,2024-06-14 02:00:00
3962,close,2024-07-03 01:00:00
3963,open,2024-06-14 03:00:00
3963,close,2024-06-21 02:00:00
3964,open,2024-06-14 04:00:00
3964,close,2024-06-22 03:00:00
3965,open,2024-06-14 05:00:00
3965,onboarding_done,2024-06-14 06:00:00
3965,close,2024-06-17 04:00:00
3965,purchase,2024-06-18 04:00:00
3966,open,2024-06-14 06:00:00
3966,close,2024-06-25 05:00:00
3967,open,2024-06-14 07:00:00
3967,onboarding_done,2024-06-14 08:00:00
3967,purchase,2024-06-18 06:00:00
3967,close,2024-07-05 06:00:00
3968,open,2024-06-14 08:00:00
3968,close,2024-06-19 07:00:00
3970,open,2024-06-14 10:00:00
3970,onboarding_done,2024-06-14 11:00:00
3970,close,2024-06-16 09:00:00
3971,open,2024-06-14 11:00:00
3971,onboarding_done,2024-06-14 12:00:00
3971,close,2024-07-05 10:00:00
3972,open,2024-06-14 12:00:00
3972,onboarding_done,2024-06-14 13:00:00
3972,close,2024-06-17 11:00:00
3973,open,2024-06-14 13:00:00
3973,onboarding_done,2024-06-14 14:00:00
3973,purchase,2024-06-28 12:00:00
3973,close,2024-07-01 12:00:00
3974,open,2024-06-14 14:00:00
3974,close,2024-07-08 13:00:00
3975,open,2024-06-14 15:00:00
3975,onboarding_done,2024-06-14 16:00:00
3975,close,2024-06-17 14:00:00
3975,purchase,2024-06-28 14:00:00
3976,open,2024-06-14 16:00:00
3976,close,2024-07-05 15:00:00
3977,open,2024-06-14 17:00:00
3977,onboarding_done,2024-06-14 18:00:00
3977,close,2024-06-15 16:00:00
3977,purchase,2024-06-19 16:00:00
3978,open,2024-06-14 18:00:00
3978,onboarding_done,2024-06-14 19:00:00
3978,close,2024-06-16 17:00:00
3979,open,2024-06-14 19:00:00
3979,close,2024-07-12 18:00:00
3980,open,2024-06-14 20:00:00
3980,close,2024-06-24 19:00:00
3981,open,2024-06-14 21:00:00
3981,onboarding_done,2024-06-14 22:00:00
3981,close,2024-06-21 20:00:00
3982,open,2024-06-14 22:00:00
3982,close,2024-06-23 21:00:00
3983,open,2024-06-14 23:00:00
3983,close,2024-06-15 22:00:00
3984,open,2024-06-15 00:00:00
3984,close,2024-06-15 23:00:00
3985,open,2024-06-15 01:00:00
3985,close,2024-06-28 00:00:00
3986,open,2024-06-15 02:00:00
3986,onboarding_done,2024-06-15 03:00:00
3986,close,2024-06-19 01:00:00
3987,open,2024-06-15 03:00:00
3987,close,2024-06-27 02:00:00
3988,open,2024-06-15 04:00:00
3988,close,2024-06-19 03:00:00
3989,open,2024-06-15 05:00:00
3989,close,2024-06-22 04:00:00
3990,open,2024-06-15 06:00:00
3990,onboarding_done,2024-06-15 07:00:00
3990,close,2024-06-29 05:00:00
3991,open,2024-06-15 07:00:00
3991,close,2024-07-12 06:00:00
3992,open,2024-06-15 08:00:00
3992,close,2024-07-06 07:00:00
3993,open,2024-06-15 09:00:00
3993,onboarding_done,2024-06-15 10:00:00
3993,close,2024-06-19 08:00:00
3994,open,2024-06-15 10:00:00
3994,close,2024-07-07 09:00:00
3995,open,2024-06-15 11:00:00
3995,onboarding_done,2024-06-15 12:00:00
3995,close,2024-06-27 10:00:00
3996,open,2024-06-15 12:00:00
3996,onboarding_done,2024-06-15 13:00:00
3996,close,2024-07-04 11:00:00
3997,open,2024-06-15 13:00:00
3997,close,2024-07-01 12:00:00
3998,open,2024-06-15 14:00:00
3998,onboarding_done,2024-06-15 15:00:00
3998,close,2024-06-27 13:00:00
3999,open,2024-06-15 15:00:00
3999,onboarding_done,2024-06-15 16:00:00
3999,close,2024-06-30 14:00:00
4000,open,2024-06-15 16:00:00
4000,onboarding_done,2024-06-15 17:00:00
4000,close,2024-06-25 15:00:00
4001,open,2024-06-15 17:00:00
4001,close,2024-07-08 16:00:00
4002,open,2024-06-15 18:00:00
4002,onboarding_done,2024-06-15 19:00:00
4002,close,2024-07-02 17:00:00
4003,open,2024-06-15 19:00:00
4003,onboarding_done,2024-06-15 20:00:00
4003,close,2024-06-26 18:00:00
4004,open,2024-06-15 20:00:00
4004,close,2024-06-26 19:00:00
4005,open,2024-06-15 21:00:00
4005,onboarding_done,2024-06-15 22:00:00
4005,close,2024-06-19 20:00:00
4007,open,2024-06-15 23:00:00
4007,close,2024-07-02 22:00:00
4008,open,2024-06-16 00:00:00
4008,onboarding_done,2024-06-16 01:00:00
4008,close,2024-06-18 23:00:00
4009,open,2024-06-16 01:00:00
4009,onboarding_done,2024-06-16 02:00:00
4009,close,2024-07-06 00:00:00
4010,open,2024-06-16 02:00:00
4010,close,2024-06-26 01:00:00
4011,open,2024-06-16 03:00:00
4011,onboarding_done,2024-06-16 04:00:00
4011,close,2024-06-24 02:00:00
4012,open,2024-06-16 04:00:00
4012,onboarding_done,2024-06-16 05:00:00
4012,close,2024-06-23 03:00:00
4012,purchase,2024-06-24 03:00:00
4013,open,2024-06-16 05:00:00
4013,onboarding_done,2024-06-16 06:00:00
4013,close,2024-06-23 04:00:00
4014,open,2024-06-16 06:00:00
4014,onboarding_done,2024-06-16 07:00:00
4014,close,2024-06-24 05:00:00
4014,purchase,2024-06-28 05:00:00
4015,open,2024-06-16 07:00:00
4015,onboarding_done,2024-06-16 08:00:00
4015,close,2024-07-01 06:00:00
4016,open,2024-06-16 08:00:00
4016,onboarding_done,2024-06-16 09:00:00
4016,close,2024-06-27 07:00:00
4017,open,2024-06-16 09:00:00
4017,onboarding_done,2024-06-16 10:00:00
4017,close,2024-06-17 08:00:00
4018,open,2024-06-16 10:00:00
4018,onboarding_done,2024-06-16 11:00:00
4018,close,2024-07-15 09:00:00
4019,open,2024-06-16 11:00:00
4019,onboarding_done,2024-06-16 12:00:00
4019,purchase,2024-06-18 10:00:00
4019,close,2024-07-13 10:00:00
4020,open,2024-06-16 12:00:00
4020,close,2024-07-09 11:00:00
4022,open,2024-06-16 14:00:00
4022,close,2024-07-08 13:00:00
4023,open,2024-06-16 15:00:00
4023,onboarding_done,2024-06-16 16:00:00
4023,close,2024-07-10 14:00:00
4024,open,2024-06-16 16:00:00
4024,onboarding_done,2024-06-16 17:00:00
4024,close,2024-06-29 15:00:00
4025,open,2024-06-16 17:00:00
4025,close,2024-06-18 16:00:00
4026,open,2024-06-16 18:00:00
4026,onboarding_done,2024-06-16 19:00:00
4026,close,2024-07-06 17:00:00
4027,open,2024-06-16 19:00:00
4027,close,2024-06-20 18:00:00
4028,open,2024-06-16 20:00:00
4028,onboarding_done,2024-06-16 21:00:00
4028,close,2024-06-24 19:00:00
4029,open,2024-06-16 21:00:00
4029,close,2024-07-13 20:00:00
4030,open,2024-06-16 22:00:00
4030,onboarding_done,2024-06-16 23:00:00
4030,close,2024-06-30 21:00:00
4031,open,2024-06-16 23:00:00
4031,close,2024-06-22 22:00:00
4032,open,2024-06-17 00:00:00
4032,onboarding_done,2024-06-17 01:00:00
4032,purchase,2024-06-25 23:00:00
4032,close,2024-07-12 23:00:00
4033,open,2024-06-17 01:00:00
4033,onboarding_done,2024-06-17 02:00:00
4033,close,2024-07-02 00:00:00
4034,open,2024-06-17 02:00:00
4034,onboarding_done,2024-06-17 03:00:00
4034,close,2024-06-27 01:00:00
4035,open,2024-06-17 03:00:00
4035,onboarding_done,2024-06-17 04:00:00
4035,close,2024-07-04 02:00:00
4036,open,2024-06-17 04:00:00
4036,close,2024-06-21 03:00:00
4037,open,2024-06-17 05:00:00
4037,onboarding_done,2024-06-17 06:00:00
4037,close,2024-07-06 04:00:00
4038,open,2024-06-17 06:00:00
4038,onboarding_done,2024-06-17 07:00:00
4038,close,2024-07-06 05:00:00
4039,open,2024-06-17 07:00:00
4039,onboarding_done,2024-06-17 08:00:00
4039,close,2024-07-03 06:00:00
4040,open,2024-06-17 08:00:00
4040,onboarding_done,2024-06-17 09:00:00
4040,close,2024-07-13 07:00:00
4043,open,2024-06-17 11:00:00
4043,close,2024-07-06 10:00:00
4044,open,2024-06-17 12:00:00
4044,close,2024-06-19 11:00:00
4045,open,2024-06-17 13:00:00
4045,close,2024-06-29 12:00:00
4046,open,2024-06-17 14:00:00
4046,onboarding_done,2024-06-17 15:00:00
4046,close,2024-07-12 13:00:00
4047,open,2024-06-17 15:00:00
4047,close,2024-07-09 14:00:00
4048,open,2024-06-17 16:00:00
4048,onboarding_done,2024-06-17 17:00:00
4048,close,2024-07-16 15:00:00
4049,open,2024-06-17 17:00:00
4049,close,2024-07-13 16:00:00
4050,open,2024-06-17 18:00:00
4050,onboarding_done,2024-06-17 19:00:00
4050,close,2024-06-24 17:00:00
4050,purchase,2024-06-28 17:00:00
4051,open,2024-06-17 19:00:00
4051,onboarding_done,2024-06-17 20:00:00
4051,close,2024-06-29 18:00:00
4052,open,2024-06-17 20:00:00
4052,onboarding_done,2024-06-17 21:00:00
4052,close,2024-06-19 19:00:00
4053,open,2024-06-17 21:00:00
4053,onboarding_done,2024-06-17 22:00:00
4053,close,2024-06-21 20:00:00
4054,open,2024-06-17 22:00:00
4054,onboarding_done,2024-06-17 23:00:00
4054,close,2024-06-26 21:00:00
4055,open,2024-06-17 23:00:00
4055,onboarding_done,2024-06-18 00:00:00
4055,close,2024-07-15 22:00:00
4056,open,2024-06-18 00:00:00
4056,onboarding_done,2024-06-18 01:00:00
4056,close,2024-07-14 23:00:00
4057,open,2024-06-18 01:00:00
4057,onboarding_done,2024-06-18 02:00:00
4057,close,2024-06-28 00:00:00
4057,purchase,2024-06-30 00:00:00
4058,open,2024-06-18 02:00:00
4058,onboarding_done,2024-06-18 03:00:00
4058,close,2024-07-05 01:00:00
4059,open,2024-06-18 03:00:00
4059,close,2024-07-17 02:00:00
4060,open,2024-06-18 04:00:00
4060,onboarding_done,2024-06-18 05:00:00
4060,close,2024-07-02 03:00:00
4061,open,2024-06-18 05:00:00
4061,onboarding_done,2024-06-18 06:00:00
4061,close,2024-07-02 04:00:00
4062,open,2024-06-18 06:00:00
4062,onboarding_done,2024-06-18 07:00:00
4062,close,2024-06-20 05:00:00
4062,purchase,2024-06-28 05:00:00
4063,open,2024-06-18 07:00:00
4063,onboarding_done,2024-06-18 08:00:00
4063,close,2024-06-23 06:00:00
4065,open,2024-06-18 09:00:00
4065,close,2024-07-08 08:00:00
4066,open,2024-06-18 10:00:00
4066,onboarding_done,2024-06-18 11:00:00
4066,purchase,2024-06-21 09:00:00
4066,close,2024-07-16 09:00:00
4067,open,2024-06-18 11:00:00
4067,onboarding_done,2024-06-18 12:00:00
4067,close,2024-06-22 10:00:00
4068,open,2024-06-18 12:00:00
4068,onboarding_done,2024-06-18 13:00:00
4068,close,2024-06-26 11:00:00
4069,open,2024-06-18 13:00:00
4069,onboarding_done,2024-06-18 14:00:00
4069,close,2024-07-05 12:00:00
4070,open,2024-06-18 14:00:00
4070,onboarding_done,2024-06-18 15:00:00
4070,close,2024-07-09 13:00:00
4071,open,2024-06-18 15:00:00
4071,onboarding_done,2024-06-18 16:00:00
4071,close,2024-06-23 14:00:00
4071,purchase,2024-07-01 14:00:00
4072,open,2024-06-18 16:00:00
4072,close,2024-07-15 15:00:00
4073,open,2024-06-18 17:00:00
4073,onboarding_done,2024-06-18 18:00:00
4073,close,2024-07-04 16:00:00
4074,open,2024-06-18 18:00:00
4074,close,2024-06-27 17:00:00
4076,open,2024-06-18 20:00:00
4076,close,2024-07-13 19:00:00
4077,open,2024-06-18 21:00:00
4077,onboarding_done,2024-06-18 22:00:00
4077,close,2024-07-16 20:00:00
4078,open,2024-06-18 22:00:00
4078,onboarding_done,2024-06-18 23:00:00
4078,purchase,2024-06-28 21:00:00
4078,close,2024-07-04 21:00:00
4079,open,2024-06-18 23:00:00
4079,onboarding_done,2024-06-19 00:00:00
4079,close,2024-07-09 22:00:00
4080,open,2024-06-19 00:00:00
4080,onboarding_done,2024-06-19 01:00:00
4080,close,2024-06-20 23:00:00
4081,open,2024-06-19 01:00:00
4081,onboarding_done,2024-06-19 02:00:00
4081,close,2024-07-11 00:00:00
4082,open,2024-06-19 02:00:00
4082,onboarding_done,2024-06-19 03:00:00
4082,close,2024-07-06 01:00:00
4083,open,2024-06-19 03:00:00
4083,onboarding_done,2024-06-19 04:00:00
4083,purchase,2024-06-26 02:00:00
4083,close,2024-07-08 02:00:00
4084,open,2024-06-19 04:00:00
4084,onboarding_done,2024-06-19 05:00:00
4084,close,2024-06-30 03:00:00
4085,open,2024-06-19 05:00:00
4085,close,2024-07-15 04:00:00
4086,open,2024-06-19 06:00:00
4086,close,2024-06-28 05:00:00
4087,open,2024-06-19 07:00:00
4087,close,2024-07-18 06:00:00
4088,open,2024-06-19 08:00:00
4088,onboarding_done,2024-06-19 09:00:00
4088,close,2024-07-18 07:00:00
4089,open,2024-06-19 09:00:00
4089,close,2024-07-12 08:00:00
4091,open,2024-06-19 11:00:00
4091,onboarding_done,2024-06-19 12:00:00
4091,close,2024-06-22 10:00:00
4092,open,2024-06-19 12:00:00
4092,onboarding_done,2024-06-19 13:00:00
4092,close,2024-06-29 11:00:00
4093,open,2024-06-19 13:00:00
4093,onboarding_done,2024-06-19 14:00:00
4093,close,2024-06-25 12:00:00
4094,open,2024-06-19 14:00:00
4094,onboarding_done,2024-06-19 15:00:00
4094,close,2024-07-11 13:00:00
4095,open,2024-06-19 15:00:00
4095,onboarding_done,2024-06-19 16:00:00
4095,purchase,2024-06-27 14:00:00
4095,close,2024-07-18 14:00:00
4096,open,2024-06-19 16:00:00
4096,close,2024-07-03 15:00:00
4097,open,2024-06-19 17:00:00
4097,onboarding_done,2024-06-19 18:00:00
4097,close,2024-07-04 16:00:00
4098,open,2024-06-19 18:00:00
4098,onboarding_done,2024-06-19 19:00:00
4098,close,2024-06-26 17:00:00
4098,purchase,2024-06-29 17:00:00
4099,open,2024-06-19 19:00:00
4099,onboarding_done,2024-06-19 20:00:00
4099,purchase,2024-06-30 18:00:00
4099,close,2024-07-01 18:00:00
4100,open,2024-06-19 20:00:00
4100,onboarding_done,2024-06-19 21:00:00
4100,close,2024-07-12 19:00:00
4101,open,2024-06-19 21:00:00
4101,onboarding_done,2024-06-19 22:00:00
4101,purchase,2024-06-29 20:00:00
4101,close,2024-07-10 20:00:00
4102,open,2024-06-19 22:00:00
4102,onboarding_done,2024-06-19 23:00:00
4102,close,2024-06-28 21:00:00
4103,open,2024-06-19 23:00:00
4103,close,2024-06-26 22:00:00
4104,open,2024-06-20 00:00:00
4104,onboarding_done,2024-06-20 01:00:00
4104,close,2024-06-23 23:00:00
4105,open,2024-06-20 01:00:00
4105,close,2024-07-02 00:00:00
4106,open,2024-06-20 02:00:00
4106,onboarding_done,2024-06-20 03:00:00
4106,close,2024-07-13 01:00:00
4107,open,2024-06-20 03:00:00
4107,close,2024-06-23 02:00:00
4108,open,2024-06-20 04:00:00
4108,close,2024-06-26 03:00:00
4109,open,2024-06-20 05:00:00
4109,onboarding_done,2024-06-20 06:00:00
4109,purchase,2024-06-27 04:00:00
4109,close,2024-06-28 04:00:00
4110,open,2024-06-20 06:00:00
4110,close,2024-06-25 05:00:00
4111,open,2024-06-20 07:00:00
4111,onboarding_done,2024-06-20 08:00:00
4111,close,2024-07-06 06:00:00
4112,open,2024-06-20 08:00:00
4112,onboarding_done,2024-06-20 09:00:00
4112,close,2024-07-07 07:00:00
4114,open,2024-06-20 10:00:00
4114,onboarding_done,2024-06-20 11:00:00
4114,close,2024-07-08 09:00:00
4115,open,2024-06-20 11:00:00
4115,onboarding_done,2024-06-20 12:00:00
4115,close,2024-07-12 10:00:00
4116,open,2024-06-20 12:00:00
4116,onboarding_done,2024-06-20 13:00:00
4116,close,2024-07-12 11:00:00
4117,open,2024-06-20 13:00:00
4117,onboarding_done,2024-06-20 14:00:00
4117,close,2024-07-05 12:00:00
4118,open,2024-06-20 14:00:00
4118,onboarding_done,2024-06-20 15:00:00
4118,close,2024-07-16 13:00:00
4119,open,2024-06-20 15:00:00
4119,close,2024-07-04 14:00:00
4120,open,2024-06-20 16:00:00
4120,onboarding_done,2024-06-20 17:00:00
4120,purchase,2024-06-29 15:00:00
4120,close,2024-07-16 15:00:00
4121,open,2024-06-20 17:00:00
4121,onboarding_done,2024-06-20 18:00:00
4121,close,2024-07-09 16:00:00
4122,open,2024-06-20 18:00:00
4122,onboarding_done,2024-06-20 19:00:00
4122,close,2024-07-12 17:00:00
4123,open,2024-06-20 19:00:00
4123,onboarding_done,2024-06-20 20:00:00
4123,close,2024-06-29 18:00:00
4124,open,2024-06-20 20:00:00
4124,onboarding_done,2024-06-20 21:00:00
4124,close,2024-06-21 19:00:00
4125,open,2024-06-20 21:00:00
4125,onboarding_done,2024-06-20 22:00:00
4125,close,2024-07-09 20:00:00
4126,open,2024-06-20 22:00:00
4126,onboarding_done,2024-06-20 23:00:00
4126,purchase,2024-06-21 21:00:00
4126,close,2024-06-23 21:00:00
4128,open,2024-06-21 00:00:00
4128,onboarding_done,2024-06-21 01:00:00
4128,close,2024-07-17 23:00:00
4129,open,2024-06-21 01:00:00
4129,onboarding_done,2024-06-21 02:00:00
4129,close,2024-07-04 00:00:00
4130,open,2024-06-21 02:00:00
4130,close,2024-07-04 01:00:00
4131,open,2024-06-21 03:00:00
4131,onboarding_done,2024-06-21 04:00:00
4131,close,2024-07-01 02:00:00
4132,open,2024-06-21 04:00:00
4132,onboarding_done,2024-06-21 05:00:00
4132,close,2024-06-25 03:00:00
4133,open,2024-06-21 05:00:00
4133,onboarding_done,2024-06-21 06:00:00
4133,close,2024-07-14 04:00:00
4134,open,2024-06-21 06:00:00
4134,onboarding_done,2024-06-21 07:00:00
4134,purchase,2024-06-28 05:00:00
4134,close,2024-07-01 05:00:00
4135,open,2024-06-21 07:00:00
4135,close,2024-06-28 06:00:00
4136,open,2024-06-21 08:00:00
4136,close,2024-07-03 07:00:00
4137,open,2024-06-21 09:00:00
4137,onboarding_done,2024-06-21 10:00:00
4137,close,2024-06-25 08:00:00
4138,open,2024-06-21 10:00:00
4138,onboarding_done,2024-06-21 11:00:00
4138,close,2024-06-24 09:00:00
4138,purchase,2024-07-05 09:00:00
4139,open,2024-06-21 11:00:00
4139,onboarding_done,2024-06-21 12:00:00
4139,close,2024-06-28 10:00:00
4140,open,2024-06-21 12:00:00
4140,close,2024-07-07 11:00:00
4141,open,2024-06-21 13:00:00
4141,onboarding_done,2024-06-21 14:00:00
4141,close,2024-06-24 12:00:00
4141,purchase,2024-06-27 12:00:00
4142,open,2024-06-21 14:00:00
4142,onboarding_done,2024-06-21 15:00:00
4142,close,2024-06-27 13:00:00
4142,purchase,2024-06-28 13:00:00
4143,open,2024-06-21 15:00:00
4143,close,2024-06-23 14:00:00
4144,open,2024-06-21 16:00:00
4144,onboarding_done,2024-06-21 17:00:00
4144,close,2024-07-19 15:00:00
4145,open,2024-06-21 17:00:00
4145,onboarding_done,2024-06-21 18:00:00
4145,close,2024-07-14 16:00:00
4146,open,2024-06-21 18:00:00
4146,onboarding_done,2024-06-21 19:00:00
4146,close,2024-07-13 17:00:00
4147,open,2024-06-21 19:00:00
4147,onboarding_done,2024-06-21 20:00:00
4147,close,2024-06-25 18:00:00
4148,open,2024-06-21 20:00:00
4148,close,2024-07-04 19:00:00
4149,open,2024-06-21 21:00:00
4149,onboarding_done,2024-06-21 22:00:00
4149,close,2024-07-12 20:00:00
4150,open,2024-06-21 22:00:00
4150,close,2024-07-11 21:00:00
4151,open,2024-06-21 23:00:00
4151,onboarding_done,2024-06-22 00:00:00
4151,close,2024-07-10 22:00:00
4152,open,2024-06-22 00:00:00
4152,close,2024-07-09 23:00:00
4153,open,2024-06-22 01:00:00
4153,onboarding_done,2024-06-22 02:00:00
4153,close,2024-07-20 00:00:00
4155,open,2024-06-22 03:00:00
4155,close,2024-07-07 02:00:00
4156,open,2024-06-22 04:00:00
4156,onboarding_done,2024-06-22 05:00:00
4156,purchase,2024-06-29 03:00:00
4156,close,2024-07-03 03:00:00
4157,open,2024-06-22 05:00:00
4157,onboarding_done,2024-06-22 06:00:00
4157,close,2024-06-26 04:00:00
4158,open,2024-06-22 06:00:00
4158,onboarding_done,2024-06-22 07:00:00
4158,purchase,2024-07-04 05:00:00
4158,close,2024-07-13 05:00:00
4159,open,2024-06-22 07:00:00
4159,close,2024-06-30 06:00:00
4160,open,2024-06-22 08:00:00
4160,onboarding_done,2024-06-22 09:00:00
4160,purchase,2024-07-01 07:00:00
4160,close,2024-07-12 07:00:00
4161,open,2024-06-22 09:00:00
4161,onboarding_done,2024-06-22 10:00:00
4161,close,2024-07-02 08:00:00
4162,open,2024-06-22 10:00:00
4162,onboarding_done,2024-06-22 11:00:00
4162,close,2024-07-08 09:00:00
4163,open,2024-06-22 11:00:00
4163,onboarding_done,2024-06-22 12:00:00
4163,close,2024-07-07 10:00:00
4164,open,2024-06-22 12:00:00
4164,close,2024-07-18 11:00:00
4165,open,2024-06-22 13:00:00
4165,close,2024-07-16 12:00:00
4166,open,2024-06-22 14:00:00
4166,onboarding_done,2024-06-22 15:00:00
4166,close,2024-07-13 13:00:00
4168,open,2024-06-22 16:00:00
4168,onboarding_done,2024-06-22 17:00:00
4168,purchase,2024-06-27 15:00:00
4168,close,2024-07-15 15:00:00
4169,open,2024-06-22 17:00:00
4169,onboarding_done,2024-06-22 18:00:00
4169,close,2024-06-26 16:00:00
4170,open,2024-06-22 18:00:00
4170,close,2024-06-23 17:00:00
4171,open,2024-06-22 19:00:00
4171,onboarding_done,2024-06-22 20:00:00
4171,close,2024-06-24 18:00:00
4172,open,2024-06-22 20:00:00
4172,close,2024-06-27 19:00:00
4173,open,2024-06-22 21:00:00
4173,onboarding_done,2024-06-22 22:00:00
4173,purchase,2024-06-24 20:00:00
4173,close,2024-07-16 20:00:00
4174,open,2024-06-22 22:00:00
4174,onboarding_done,2024-06-22 23:00:00
4174,close,2024-07-10 21:00:00
4175,open,2024-06-22 23:00:00
4175,onboarding_done,2024-06-23 00:00:00
4175,purchase,2024-06-26 22:00:00
4175,close,2024-07-03 22:00:00
4176,open,2024-06-23 00:00:00
4176,onboarding_done,2024-06-23 01:00:00
4176,close,2024-07-05 23:00:00
4177,open,2024-06-23 01:00:00
4177,onboarding_done,2024-06-23 02:00:00
4177,purchase,2024-07-03 00:00:00
4177,close,2024-07-13 00:00:00
4178,open,2024-06-23 02:00:00
4178,close,2024-07-03 01:00:00
4179,open,2024-06-23 03:00:00
4179,onboarding_done,2024-06-23 04:00:00
4179,purchase,2024-07-06 02:00:00
4179,close,2024-07-15 02:00:00
4180,open,2024-06-23 04:00:00
4180,onboarding_done,2024-06-23 05:00:00
4180,close,2024-07-11 03:00:00
4181,open,2024-06-23 05:00:00
4181,onboarding_done,2024-06-23 06:00:00
4181,close,2024-07-09 04:00:00
4182,open,2024-06-23 06:00:00
4182,onboarding_done,2024-06-23 07:00:00
4182,close,2024-07-06 05:00:00
4183,open,2024-06-23 07:00:00
4183,close,2024-06-24 06:00:00
4184,open,2024-06-23 08:00:00
4184,close,2024-07-06 07:00:00
4185,open,2024-06-23 09:00:00
4185,onboarding_done,2024-06-23 10:00:00
4185,close,2024-07-13 08:00:00
4186,open,2024-06-23 10:00:00
4186,onboarding_done,2024-06-23 11:00:00
4186,close,2024-07-03 09:00:00
4187,open,2024-06-23 11:00:00
4187,onboarding_done,2024-06-23 12:00:00
4187,close,2024-07-07 10:00:00
4188,open,2024-06-23 12:00:00
4188,onboarding_done,2024-06-23 13:00:00
4188,close,2024-07-17 11:00:00
4189,open,2024-06-23 13:00:00
4189,onboarding_done,2024-06-23 14:00:00
4189,close,2024-06-30 12:00:00
4190,open,2024-06-23 14:00:00
4190,close,2024-07-07 13:00:00
4191,open,2024-06-23 15:00:00
4191,onboarding_done,2024-06-23 16:00:00
4191,close,2024-07-16 14:00:00
4192,open,2024-06-23 16:00:00
4192,onboarding_done,2024-06-23 17:00:00
4192,close,2024-07-18 15:00:00
4193,open,2024-06-23 17:00:00
4193,close,2024-06-30 16:00:00
4194,open,2024-06-23 18:00:00
4194,close,2024-07-01 17:00:00
4195,open,2024-06-23 19:00:00
4195,close,2024-07-13 18:00:00
4196,open,2024-06-23 20:00:00
4196,onboarding_done,2024-06-23 21:00:00
4196,close,2024-07-21 19:00:00
4197,open,2024-06-23 21:00:00
4197,onboarding_done,2024-06-23 22:00:00
4197,close,2024-06-26 20:00:00
4198,open,2024-06-23 22:00:00
4198,close,2024-07-15 21:00:00
4199,open,2024-06-23 23:00:00
4199,onboarding_done,2024-06-24 00:00:00
4199,close,2024-07-10 22:00:00
4200,open,2024-06-24 00:00:00
4200,onboarding_done,2024-06-24 01:00:00
4200,close,2024-07-13 23:00:00
4201,open,2024-06-24 01:00:00
4201,close,2024-06-28 00:00:00
4202,open,2024-06-24 02:00:00
4202,close,2024-07-10 01:00:00
4203,open,2024-06-24 03:00:00
4203,onboarding_done,2024-06-24 04:00:00
4203,purchase,2024-07-04 02:00:00
4203,close,2024-07-16 02:00:00
4204,open,2024-06-24 04:00:00
4204,close,2024-07-22 03:00:00
4205,open,2024-06-24 05:00:00
4205,onboarding_done,2024-06-24 06:00:00
4205,purchase,2024-06-30 04:00:00
4205,close,2024-07-07 04:00:00
4206,open,2024-06-24 06:00:00
4206,onboarding_done,2024-06-24 07:00:00
4206,close,2024-06-25 05:00:00
4207,open,2024-06-24 07:00:00
4207,onboarding_done,2024-06-24 08:00:00
4207,close,2024-06-30 06:00:00
4208,open,2024-06-24 08:00:00
4208,onboarding_done,2024-06-24 09:00:00
4208,close,2024-07-23 07:00:00
4209,open,2024-06-24 09:00:00
4209,onboarding_done,2024-06-24 10:00:00
4209,purchase,2024-07-04 08:00:00
4209,close,2024-07-17 08:00:00
4210,open,2024-06-24 10:00:00
4210,close,2024-06-30 09:00:00
4211,open,2024-06-24 11:00:00
4211,onboarding_done,2024-06-24 12:00:00
4211,close,2024-07-16 10:00:00
4212,open,2024-06-24 12:00:00
4212,close,2024-07-10 11:00:00
4213,open,2024-06-24 13:00:00
4213,onboarding_done,2024-06-24 14:00:00
4213,close,2024-06-25 12:00:00
4214,open,2024-06-24 14:00:00
4214,onboarding_done,2024-06-24 15:00:00
4214,close,2024-06-27 13:00:00
4214,purchase,2024-07-02 13:00:00
4215,open,2024-06-24 15:00:00
4215,onboarding_done,2024-06-24 16:00:00
4215,close,2024-07-18 14:00:00
4216,open,2024-06-24 16:00:00
4216,onboarding_done,2024-06-24 17:00:00
4216,close,2024-07-11 15:00:00
4217,open,2024-06-24 17:00:00
4217,onboarding_done,2024-06-24 18:00:00
4217,close,2024-07-20 16:00:00
4218,open,2024-06-24 18:00:00
4218,onboarding_done,2024-06-24 19:00:00
4218,close,2024-06-28 17:00:00
4219,open,2024-06-24 19:00:00
4219,onboarding_done,2024-06-24 20:00:00
4219,close,2024-07-17 18:00:00
4220,open,2024-06-24 20:00:00
4220,onboarding_done,2024-06-24 21:00:00
4220,close,2024-07-05 19:00:00
4221,open,2024-06-24 21:00:00
4221,onboarding_done,2024-06-24 22:00:00
4221,close,2024-07-18 20:00:00
4222,open,2024-06-24 22:00:00
4222,onboarding_done,2024-06-24 23:00:00
4222,close,2024-07-14 21:00:00
4223,open,2024-06-24 23:00:00
4223,close,2024-07-07 22:00:00
4224,open,2024-06-25 00:00:00
4224,onboarding_done,2024-06-25 01:00:00
4224,close,2024-07-05 23:00:00
4225,open,2024-06-25 01:00:00
4225,onboarding_done,2024-06-25 02:00:00
4225,close,2024-07-04 00:00:00
4226,open,2024-06-25 02:00:00
4226,onboarding_done,2024-06-25 03:00:00
4226,close,2024-07-07 01:00:00
4227,open,2024-06-25 03:00:00
4227,onboarding_done,2024-06-25 04:00:00
4227,close,2024-07-19 02:00:00
4228,open,2024-06-25 04:00:00
4228,onboarding_done,2024-06-25 05:00:00
4228,close,2024-07-15 03:00:00
4229,open,2024-06-25 05:00:00
4229,close,2024-07-03 04:00:00
4230,open,2024-06-25 06:00:00
4230,onboarding_done,2024-06-25 07:00:00
4230,close,2024-07-07 05:00:00
4231,open,2024-06-25 07:00:00
4231,close,2024-07-04 06:00:00
4232,open,2024-06-25 08:00:00
4232,onboarding_done,2024-06-25 09:00:00
4232,close,2024-06-26 07:00:00
4233,open,2024-06-25 09:00:00
4233,close,2024-07-18 08:00:00
4234,open,2024-06-25 10:00:00
4234,onboarding_done,2024-06-25 11:00:00
4234,close,2024-07-05 09:00:00
4235,open,2024-06-25 11:00:00
4235,onboarding_done,2024-06-25 12:00:00
4235,close,2024-06-27 10:00:00
4236,open,2024-06-25 12:00:00
4236,close,2024-07-12 11:00:00
4237,open,2024-06-25 13:00:00
4237,onboarding_done,2024-06-25 14:00:00
4237,close,2024-07-11 12:00:00
4238,open,2024-06-25 14:00:00
4238,onboarding_done,2024-06-25 15:00:00
4238,close,2024-07-05 13:00:00
4239,open,2024-06-25 15:00:00
4239,close,2024-07-10 14:00:00
4240,open,2024-06-25 16:00:00
4240,close,2024-07-22 15:00:00
4241,open,2024-06-25 17:00:00
4241,onboarding_done,2024-06-25 18:00:00
4241,close,2024-07-05 16:00:00
4242,open,2024-06-25 18:00:00
4242,close,2024-07-23 17:00:00
4243,open,2024-06-25 19:00:00
4243,onboarding_done,2024-06-25 20:00:00
4243,close,2024-07-16 18:00:00
4244,open,2024-06-25 20:00:00
4244,close,2024-06-26 19:00:00
4245,open,2024-06-25 21:00:00
4245,close,2024-07-21 20:00:00
4247,open,2024-06-25 23:00:00
4247,onboarding_done,2024-06-26 00:00:00
4247,close,2024-07-10 22:00:00
4249,open,2024-06-26 01:00:00
4249,onboarding_done,2024-06-26 02:00:00
4249,close,2024-07-02 00:00:00
4250,open,2024-06-26 02:00:00
4250,onboarding_done,2024-06-26 03:00:00
4250,close,2024-07-01 01:00:00
4250,purchase,2024-07-03 01:00:00
4251,open,2024-06-26 03:00:00
4251,close,2024-07-02 02:00:00
4252,open,2024-06-26 04:00:00
4252,close,2024-07-04 03:00:00
4253,open,2024-06-26 05:00:00
4253,onboarding_done,2024-06-26 06:00:00
4253,close,2024-07-22 04:00:00
4254,open,2024-06-26 06:00:00
4254,onboarding_done,2024-06-26 07:00:00
4254,purchase,2024-07-02 05:00:00
4254,close,2024-07-03 05:00:00
4255,open,2024-06-26 07:00:00
4255,onboarding_done,2024-06-26 08:00:00
4255,close,2024-07-17 06:00:00
4256,open,2024-06-26 08:00:00
4256,close,2024-07-03 07:00:00
4257,open,2024-06-26 09:00:00
4257,close,2024-07-21 08:00:00
4258,open,2024-06-26 10:00:00
4258,onboarding_done,2024-06-26 11:00:00
4258,purchase,2024-07-01 09:00:00
4258,close,2024-07-12 09:00:00
4259,open,2024-06-26 11:00:00
4259,onboarding_done,2024-06-26 12:00:00
4259,close,2024-07-01 10:00:00
4260,open,2024-06-26 12:00:00
4260,onboarding_done,2024-06-26 13:00:00
4260,close,2024-07-25 11:00:00
4261,open,2024-06-26 13:00:00
4261,onboarding_done,2024-06-26 14:00:00
4261,close,2024-07-09 12:00:00
4262,open,2024-06-26 14:00:00
4262,close,2024-06-28 13:00:00
4263,open,2024-06-26 15:00:00
4263,onboarding_done,2024-06-26 16:00:00
4263,close,2024-07-20 14:00:00
4264,open,2024-06-26 16:00:00
4264,close,2024-07-12 15:00:00
4265,open,2024-06-26 17:00:00
4265,onboarding_done,2024-06-26 18:00:00
4265,close,2024-07-22 16:00:00
4266,open,2024-06-26 18:00:00
4266,onboarding_done,2024-06-26 19:00:00
4266,close,2024-07-22 17:00:00
4267,open,2024-06-26 19:00:00
4267,onboarding_done,2024-06-26 20:00:00
4267,close,2024-07-05 18:00:00
4267,purchase,2024-07-09 18:00:00
4268,open,2024-06-26 20:00:00
4268,close,2024-07-01 19:00:00
4269,open,2024-06-26 21:00:00
4269,onboarding_done,2024-06-26 22:00:00
4269,close,2024-07-08 20:00:00
4270,open,2024-06-26 22:00:00
4270,onboarding_done,2024-06-26 23:00:00
4270,close,2024-07-07 21:00:00
4271,open,2024-06-26 23:00:00
4271,onboarding_done,2024-06-27 00:00:00
4271,close,2024-07-16 22:00:00
4272,open,2024-06-27 00:00:00
4272,onboarding_done,2024-06-27 01:00:00
4272,close,2024-07-25 23:00:00
4273,open,2024-06-27 01:00:00
4273,onboarding_done,2024-06-27 02:00:00
4273,close,2024-07-02 00:00:00
4273,purchase,2024-07-03 00:00:00
4274,open,2024-06-27 02:00:00
4274,onboarding_done,2024-06-27 03:00:00
4274,close,2024-07-01 01:00:00
4275,open,2024-06-27 03:00:00
4275,close,2024-06-28 02:00:00
4276,open,2024-06-27 04:00:00
4276,onboarding_done,2024-06-27 05:00:00
4276,close,2024-07-12 03:00:00
4277,open,2024-06-27 05:00:00
4277,onboarding_done,2024-06-27 06:00:00
4277,close,2024-07-25 04:00:00
4278,open,2024-06-27 06:00:00
4278,onboarding_done,2024-06-27 07:00:00
4278,close,2024-07-13 05:00:00
4279,open,2024-06-27 07:00:00
4279,onboarding_done,2024-06-27 08:00:00
4279,close,2024-06-28 06:00:00
4280,open,2024-06-27 08:00:00
4280,close,2024-06-30 07:00:00
4281,open,2024-06-27 09:00:00
4281,onboarding_done,2024-06-27 10:00:00
4281,purchase,2024-07-04 08:00:00
4281,close,2024-07-12 08:00:00
4282,open,2024-06-27 10:00:00
4282,close,2024-07-23 09:00:00
4283,open,2024-06-27 11:00:00
4283,onboarding_done,2024-06-27 12:00:00
4283,close,2024-06-29 10:00:00
4284,open,2024-06-27 12:00:00
4284,onboarding_done,2024-06-27 13:00:00
4284,close,2024-07-20 11:00:00
4285,open,2024-06-27 13:00:00
4285,close,2024-07-22 12:00:00
4286,open,2024-06-27 14:00:00
4286,onboarding_done,2024-06-27 15:00:00
4286,purchase,2024-07-03 13:00:00
4286,close,2024-07-10 13:00:00
4287,open,2024-06-27 15:00:00
4287,onboarding_done,2024-06-27 16:00:00
4287,close,2024-07-04 14:00:00
4288,open,2024-06-27 16:00:00
4288,onboarding_done,2024-06-27 17:00:00
4288,close,2024-07-19 15:00:00
4289,open,2024-06-27 17:00:00
4289,onboarding_done,2024-06-27 18:00:00
4289,close,2024-07-09 16:00:00
4290,open,2024-06-27 18:00:00
4290,onboarding_done,2024-06-27 19:00:00
4290,close,2024-07-08 17:00:00
4291,open,2024-06-27 19:00:00
4291,onboarding_done,2024-06-27 20:00:00
4291,close,2024-07-03 18:00:00
4292,open,2024-06-27 20:00:00
4292,onboarding_done,2024-06-27 21:00:00
4292,close,2024-06-30 19:00:00
4293,open,2024-06-27 21:00:00
4293,onboarding_done,2024-06-27 22:00:00
4293,close,2024-07-19 20:00:00
4294,open,2024-06-27 22:00:00
4294,onboarding_done,2024-06-27 23:00:00
4294,close,2024-07-07 21:00:00
4295,open,2024-06-27 23:00:00
4295,close,2024-07-11 22:00:00
4297,open,2024-06-28 01:00:00
4297,onboarding_done,2024-06-28 02:00:00
4297,close,2024-07-13 00:00:00
4298,open,2024-06-28 02:00:00
4298,onboarding_done,2024-06-28 03:00:00
4298,purchase,2024-07-08 01:00:00
4298,close,2024-07-16 01:00:00
4299,open,2024-06-28 03:00:00
4299,onboarding_done,2024-06-28 04:00:00
4299,purchase,2024-07-08 02:00:00
4299,close,2024-07-18 02:00:00
4300,open,2024-06-28 04:00:00
4300,close,2024-07-08 03:00:00
4301,open,2024-06-28 05:00:00
4301,onboarding_done,2024-06-28 06:00:00
4301,close,2024-07-02 04:00:00
4302,open,2024-06-28 06:00:00
4302,onboarding_done,2024-06-28 07:00:00
4302,close,2024-07-21 05:00:00
4303,open,2024-06-28 07:00:00
4303,onboarding_done,2024-06-28 08:00:00
4303,close,2024-07-25 06:00:00
4304,open,2024-06-28 08:00:00
4304,onboarding_done,2024-06-28 09:00:00
4304,purchase,2024-07-01 07:00:00
4304,close,2024-07-26 07:00:00
4305,open,2024-06-28 09:00:00
4305,onboarding_done,2024-06-28 10:00:00
4305,close,2024-07-11 08:00:00
4305,purchase,2024-07-12 08:00:00
4306,open,2024-06-28 10:00:00
4306,onboarding_done,2024-06-28 11:00:00
4306,close,2024-07-04 09:00:00
4306,purchase,2024-07-08 09:00:00
4307,open,2024-06-28 11:00:00
4307,close,2024-07-20 10:00:00
4308,open,2024-06-28 12:00:00
4308,onboarding_done,2024-06-28 13:00:00
4308,close,2024-07-19 11:00:00
4309,open,2024-06-28 13:00:00
4309,onboarding_done,2024-06-28 14:00:00
4309,purchase,2024-07-02 12:00:00
4309,close,2024-07-16 12:00:00
4310,open,2024-06-28 14:00:00
4310,onboarding_done,2024-06-28 15:00:00
4310,close,2024-07-12 13:00:00
4311,open,2024-06-28 15:00:00
4311,onboarding_done,2024-06-28 16:00:00
4311,close,2024-07-06 14:00:00
4312,open,2024-06-28 16:00:00
4312,onboarding_done,2024-06-28 17:00:00
4312,close,2024-07-06 15:00:00
4313,open,2024-06-28 17:00:00
4313,onboarding_done,2024-06-28 18:00:00
4313,purchase,2024-07-05 16:00:00
4313,close,2024-07-05 16:00:00
4314,open,2024-06-28 18:00:00
4314,onboarding_done,2024-06-28 19:00:00
4314,close,2024-07-08 17:00:00
4315,open,2024-06-28 19:00:00
4315,onboarding_done,2024-06-28 20:00:00
4315,purchase,2024-07-06 18:00:00
4315,close,2024-07-09 18:00:00
4316,open,2024-06-28 20:00:00
4316,close,2024-06-30 19:00:00
4317,open,2024-06-28 21:00:00
4317,onboarding_done,2024-06-28 22:00:00
4317,purchase,2024-06-29 20:00:00
4317,close,2024-07-10 20:00:00
4318,open,2024-06-28 22:00:00
4318,onboarding_done,2024-06-28 23:00:00
4318,close,2024-07-17 21:00:00
4319,open,2024-06-28 23:00:00
4319,onboarding_done,2024-06-29 00:00:00
4319,purchase,2024-07-01 22:00:00
4319,close,2024-07-18 22:00:00
4320,open,2024-06-29 00:00:00
4320,onboarding_done,2024-06-29 01:00:00
4320,purchase,2024-07-03 23:00:00
4320,close,2024-07-19 23:00:00
4321,open,2024-06-29 01:00:00
4321,close,2024-07-04 00:00:00
4322,open,2024-06-29 02:00:00
4322,onboarding_done,2024-06-29 03:00:00
4322,close,2024-07-09 01:00:00
4323,open,2024-06-29 03:00:00
4323,onboarding_done,2024-06-29 04:00:00
4323,close,2024-07-26 02:00:00
4324,open,2024-06-29 04:00:00
4324,onboarding_done,2024-06-29 05:00:00
4324,close,2024-07-12 03:00:00
4325,open,2024-06-29 05:00:00
4325,onboarding_done,2024-06-29 06:00:00
4325,purchase,2024-07-09 04:00:00
4325,close,2024-07-18 04:00:00
4326,open,2024-06-29 06:00:00
4326,onboarding_done,2024-06-29 07:00:00
4326,close,2024-07-07 05:00:00
4327,open,2024-06-29 07:00:00
4327,close,2024-07-02 06:00:00
4328,open,2024-06-29 08:00:00
4328,close,2024-07-26 07:00:00
4329,open,2024-06-29 09:00:00
4329,onboarding_done,2024-06-29 10:00:00
4329,close,2024-07-12 08:00:00
4330,open,2024-06-29 10:00:00
4330,close,2024-07-07 09:00:00
4331,open,2024-06-29 11:00:00
4331,onboarding_done,2024-06-29 12:00:00
4331,close,2024-07-10 10:00:00
4332,open,2024-06-29 12:00:00
4332,onboarding_done,2024-06-29 13:00:00
4332,purchase,2024-07-04 11:00:00
4332,close,2024-07-20 11:00:00
4333,open,2024-06-29 13:00:00
4333,onboarding_done,2024-06-29 14:00:00
4333,close,2024-07-16 12:00:00
4334,open,2024-06-29 14:00:00
4334,onboarding_done,2024-06-29 15:00:00
4334,close,2024-07-12 13:00:00
4336,open,2024-06-29 16:00:00
4336,close,2024-07-14 15:00:00
4337,open,2024-06-29 17:00:00
4337,close,2024-07-06 16:00:00
4338,open,2024-06-29 18:00:00
4338,onboarding_done,2024-06-29 19:00:00
4338,close,2024-07-15 17:00:00
4340,open,2024-06-29 20:00:00
4340,onboarding_done,2024-06-29 21:00:00
4340,purchase,2024-06-30 19:00:00
4340,close,2024-07-02 19:00:00
4341,open,2024-06-29 21:00:00
4341,onboarding_done,2024-06-29 22:00:00
4341,close,2024-07-06 20:00:00
4342,open,2024-06-29 22:00:00
4342,onboarding_done,2024-06-29 23:00:00
4342,close,2024-07-21 21:00:00
4343,open,2024-06-29 23:00:00
4343,onboarding_done,2024-06-30 00:00:00
4343,close,2024-07-28 22:00:00
4344,open,2024-06-30 00:00:00
4344,onboarding_done,2024-06-30 01:00:00
4344,close,2024-07-03 23:00:00
4344,purchase,2024-07-11 23:00:00
4346,open,2024-06-30 02:00:00
4346,onboarding_done,2024-06-30 03:00:00
4346,close,2024-07-05 01:00:00
4347,open,2024-06-30 03:00:00
4347,close,2024-07-01 02:00:00
4348,open,2024-06-30 04:00:00
4348,close,2024-07-06 03:00:00
4349,open,2024-06-30 05:00:00
4349,close,2024-07-19 04:00:00
4350,open,2024-06-30 06:00:00
4350,close,2024-07-02 05:00:00
4351,open,2024-06-30 07:00:00
4351,onboarding_done,2024-06-30 08:00:00
4351,close,2024-07-12 06:00:00
4352,open,2024-06-30 08:00:00
4352,onboarding_done,2024-06-30 09:00:00
4352,close,2024-07-27 07:00:00
4353,open,2024-06-30 09:00:00
4353,onboarding_done,2024-06-30 10:00:00
4353,close,2024-07-15 08:00:00
4355,open,2024-06-30 11:00:00
4355,onboarding_done,2024-06-30 12:00:00
4355,close,2024-07-21 10:00:00
4356,open,2024-06-30 12:00:00
4356,onboarding_done,2024-06-30 13:00:00
4356,close,2024-07-28 11:00:00
4358,open,2024-06-30 14:00:00
4358,close,2024-07-01 13:00:00
4359,open,2024-06-30 15:00:00
4359,onboarding_done,2024-06-30 16:00:00
4359,purchase,2024-07-13 14:00:00
4359,close,2024-07-18 14:00:00
4360,open,2024-06-30 16:00:00
4360,onboarding_done,2024-06-30 17:00:00
4360,close,2024-07-04 15:00:00
4361,open,2024-06-30 17:00:00
4361,close,2024-07-26 16:00:00
4362,open,2024-06-30 18:00:00
4362,onboarding_done,2024-06-30 19:00:00
4362,close,2024-07-08 17:00:00
4363,open,2024-06-30 19:00:00
4363,onboarding_done,2024-06-30 20:00:00
4363,close,2024-07-06 18:00:00
4364,open,2024-06-30 20:00:00
4364,onboarding_done,2024-06-30 21:00:00
4364,purchase,2024-07-05 19:00:00
4364,close,2024-07-19 19:00:00
4365,open,2024-06-30 21:00:00
4365,onboarding_done,2024-06-30 22:00:00
4365,close,2024-07-08 20:00:00
4366,open,2024-06-30 22:00:00
4366,onboarding_done,2024-06-30 23:00:00
4366,close,2024-07-04 21:00:00
4367,open,2024-06-30 23:00:00
4367,onboarding_done,2024-07-01 00:00:00
4367,purchase,2024-07-10 22:00:00
4367,close,2024-07-27 22:00:00
4368,open,2024-07-01 00:00:00
4368,onboarding_done,2024-07-01 01:00:00
4368,close,2024-07-06 23:00:00
4368,purchase,2024-07-07 23:00:00
4369,open,2024-07-01 01:00:00
4369,onboarding_done,2024-07-01 02:00:00
4369,purchase,2024-07-03 00:00:00
4369,close,2024-07-24 00:00:00
4370,open,2024-07-01 02:00:00
4370,close,2024-07-17 01:00:00
4371,open,2024-07-01 03:00:00
4371,close,2024-07-16 02:00:00
4372,open,2024-07-01 04:00:00
4372,close,2024-07-14 03:00:00
4373,open,2024-07-01 05:00:00
4373,close,2024-07-14 04:00:00
4374,open,2024-07-01 06:00:00
4374,onboarding_done,2024-07-01 07:00:00
4374,close,2024-07-24 05:00:00
4375,open,2024-07-01 07:00:00
4375,close,2024-07-10 06:00:00
4376,open,2024-07-01 08:00:00
4376,onboarding_done,2024-07-01 09:00:00
4376,purchase,2024-07-06 07:00:00
4376,close,2024-07-12 07:00:00
4377,open,2024-07-01 09:00:00
4377,onboarding_done,2024-07-01 10:00:00
4377,close,2024-07-08 08:00:00
4377,purchase,2024-07-14 08:00:00
4378,open,2024-07-01 10:00:00
4378,onboarding_done,2024-07-01 11:00:00
4378,close,2024-07-07 09:00:00
4379,open,2024-07-01 11:00:00
4379,onboarding_done,2024-07-01 12:00:00
4379,close,2024-07-04 10:00:00
4380,open,2024-07-01 12:00:00
4380,close,2024-07-07 11:00:00
4381,open,2024-07-01 13:00:00
4381,onboarding_done,2024-07-01 14:00:00
4381,purchase,2024-07-05 12:00:00
4381,close,2024-07-05 12:00:00
4382,open,2024-07-01 14:00:00
4382,onboarding_done,2024-07-01 15:00:00
4382,close,2024-07-29 13:00:00
4383,open,2024-07-01 15:00:00
4383,onboarding_done,2024-07-01 16:00:00
4383,close,2024-07-11 14:00:00
4384,open,2024-07-01 16:00:00
4384,close,2024-07-19 15:00:00
4385,open,2024-07-01 17:00:00
4385,onboarding_done,2024-07-01 18:00:00
4385,purchase,2024-07-15 16:00:00
4385,close,2024-07-21 16:00:00
4386,open,2024-07-01 18:00:00
4386,onboarding_done,2024-07-01 19:00:00
4386,close,2024-07-07 17:00:00
4386,purchase,2024-07-12 17:00:00
4387,open,2024-07-01 19:00:00
4387,onboarding_done,2024-07-01 20:00:00
4387,purchase,2024-07-12 18:00:00
4387,close,2024-07-23 18:00:00
4388,open,2024-07-01 20:00:00
4388,close,2024-07-13 19:00:00
4389,open,2024-07-01 21:00:00
4389,close,2024-07-17 20:00:00
4390,open,2024-07-01 22:00:00
4390,onboarding_done,2024-07-01 23:00:00
4390,close,2024-07-30 21:00:00
4392,open,2024-07-02 00:00:00
4392,close,2024-07-20 23:00:00
4393,open,2024-07-02 01:00:00
4393,onboarding_done,2024-07-02 02:00:00
4393,close,2024-07-21 00:00:00
4394,open,2024-07-02 02:00:00
4394,onboarding_done,2024-07-02 03:00:00
4394,close,2024-07-12 01:00:00
4395,open,2024-07-02 03:00:00
4395,close,2024-07-05 02:00:00
4396,open,2024-07-02 04:00:00
4396,onboarding_done,2024-07-02 05:00:00
4396,close,2024-07-15 03:00:00
4397,open,2024-07-02 05:00:00
4397,onboarding_done,2024-07-02 06:00:00
4397,close,2024-07-04 04:00:00
4398,open,2024-07-02 06:00:00
4398,onboarding_done,2024-07-02 07:00:00
4398,close,2024-07-20 05:00:00
4399,open,2024-07-02 07:00:00
4399,close,2024-07-19 06:00:00
4400,open,2024-07-02 08:00:00
4400,onboarding_done,2024-07-02 09:00:00
4400,close,2024-07-30 07:00:00
4401,open,2024-07-02 09:00:00
4401,onboarding_done,2024-07-02 10:00:00
4401,purchase,2024-07-08 08:00:00
4401,close,2024-07-26 08:00:00
4402,open,2024-07-02 10:00:00
4402,onboarding_done,2024-07-02 11:00:00
4402,close,2024-07-09 09:00:00
4404,open,2024-07-02 12:00:00
4404,close,2024-07-18 11:00:00
4405,open,2024-07-02 13:00:00
4405,onboarding_done,2024-07-02 14:00:00
4405,close,2024-07-07 12:00:00
4407,open,2024-07-02 15:00:00
4407,onboarding_done,2024-07-02 16:00:00
4407,close,2024-07-05 14:00:00
4408,open,2024-07-02 16:00:00
4408,onboarding_done,2024-07-02 17:00:00
4408,close,2024-07-03 15:00:00
4408,purchase,2024-07-05 15:00:00
4409,open,2024-07-02 17:00:00
4409,onboarding_done,2024-07-02 18:00:00
4409,close,2024-07-12 16:00:00
4410,open,2024-07-02 18:00:00
4410,onboarding_done,2024-07-02 19:00:00
4410,close,2024-07-21 17:00:00
4411,open,2024-07-02 19:00:00
4411,onboarding_done,2024-07-02 20:00:00
4411,close,2024-07-14 18:00:00
4412,open,2024-07-02 20:00:00
4412,close,2024-07-15 19:00:00
4413,open,2024-07-02 21:00:00
4413,onboarding_done,2024-07-02 22:00:00
4413,close,2024-07-14 20:00:00
4414,open,2024-07-02 22:00:00
4414,onboarding_done,2024-07-02 23:00:00
4414,close,2024-07-23 21:00:00
4415,open,2024-07-02 23:00:00
4415,close,2024-07-13 22:00:00
4416,open,2024-07-03 00:00:00
4416,close,2024-07-07 23:00:00
4417,open,2024-07-03 01:00:00
4417,onboarding_done,2024-07-03 02:00:00
4417,close,2024-07-17 00:00:00
4418,open,2024-07-03 02:00:00
4418,close,2024-07-15 01:00:00
4419,open,2024-07-03 03:00:00
4419,close,2024-07-07 02:00:00
4420,open,2024-07-03 04:00:00
4420,onboarding_done,2024-07-03 05:00:00
4420,close,2024-07-27 03:00:00
4421,open,2024-07-03 05:00:00
4421,onboarding_done,2024-07-03 06:00:00
4421,close,2024-07-07 04:00:00
4422,open,2024-07-03 06:00:00
4422,close,2024-07-29 05:00:00
4423,open,2024-07-03 07:00:00
4423,onboarding_done,2024-07-03 08:00:00
4423,close,2024-07-27 06:00:00
4424,open,2024-07-03 08:00:00
4424,onboarding_done,2024-07-03 09:00:00
4424,close,2024-07-16 07:00:00
4425,open,2024-07-03 09:00:00
4425,close,2024-07-24 08:00:00
4426,open,2024-07-03 10:00:00
4426,close,2024-07-31 09:00:00
4427,open,2024-07-03 11:00:00
4427,onboarding_done,2024-07-03 12:00:00
4427,close,2024-07-26 10:00:00
4428,open,2024-07-03 12:00:00
4428,onboarding_done,2024-07-03 13:00:00
4428,close,2024-07-30 11:00:00
4429,open,2024-07-03 13:00:00
4429,onboarding_done,2024-07-03 14:00:00
4429,close,2024-07-13 12:00:00
4430,open,2024-07-03 14:00:00
4430,onboarding_done,2024-07-03 15:00:00
4430,purchase,2024-07-14 13:00:00
4430,close,2024-07-19 13:00:00
4431,open,2024-07-03 15:00:00
4431,close,2024-07-22 14:00:00
4432,open,2024-07-03 16:00:00
4432,close,2024-07-17 15:00:00
4433,open,2024-07-03 17:00:00
4433,onboarding_done,2024-07-03 18:00:00
4433,close,2024-07-11 16:00:00
4434,open,2024-07-03 18:00:00
4434,onboarding_done,2024-07-03 19:00:00
4434,close,2024-07-07 17:00:00
4435,open,2024-07-03 19:00:00
4435,close,2024-07-09 18:00:00
4436,open,2024-07-03 20:00:00
4436,close,2024-07-15 19:00:00
4437,open,2024-07-03 21:00:00
4437,onboarding_done,2024-07-03 22:00:00
4437,close,2024-07-20 20:00:00
4438,open,2024-07-03 22:00:00
4438,onboarding_done,2024-07-03 23:00:00
4438,close,2024-07-16 21:00:00
4439,open,2024-07-03 23:00:00
4439,onboarding_done,2024-07-04 00:00:00
4439,purchase,2024-07-04 22:00:00
4439,close,2024-07-31 22:00:00
4440,open,2024-07-04 00:00:00
4440,onboarding_done,2024-07-04 01:00:00
4440,close,2024-07-14 23:00:00
4441,open,2024-07-04 01:00:00
4441,onboarding_done,2024-07-04 02:00:00
4441,close,2024-07-05 00:00:00
4442,open,2024-07-04 02:00:00
4442,onboarding_done,2024-07-04 03:00:00
4442,purchase,2024-07-11 01:00:00
4442,close,2024-07-17 01:00:00
4443,open,2024-07-04 03:00:00
4443,onboarding_done,2024-07-04 04:00:00
4443,close,2024-08-01 02:00:00
4444,open,2024-07-04 04:00:00
4444,onboarding_done,2024-07-04 05:00:00
4444,purchase,2024-07-11 03:00:00
4444,close,2024-07-30 03:00:00
4445,open,2024-07-04 05:00:00
4445,onboarding_done,2024-07-04 06:00:00
4445,close,2024-07-09 04:00:00
4445,purchase,2024-07-13 04:00:00
4446,open,2024-07-04 06:00:00
4446,close,2024-07-06 05:00:00
4447,open,2024-07-04 07:00:00
4447,onboarding_done,2024-07-04 08:00:00
4447,close,2024-07-07 06:00:00
4448,open,2024-07-04 08:00:00
4448,close,2024-07-27 07:00:00
4449,open,2024-07-04 09:00:00
4449,onboarding_done,2024-07-04 10:00:00
4449,close,2024-07-06 08:00:00
4450,open,2024-07-04 10:00:00
4450,close,2024-07-11 09:00:00
4451,open,2024-07-04 11:00:00
4451,onboarding_done,2024-07-04 12:00:00
4451,close,2024-07-05 10:00:00
4452,open,2024-07-04 12:00:00
4452,onboarding_done,2024-07-04 13:00:00
4452,close,2024-07-28 11:00:00
4453,open,2024-07-04 13:00:00
4453,onboarding_done,2024-07-04 14:00:00
4453,close,2024-07-27 12:00:00
4454,open,2024-07-04 14:00:00
4454,onboarding_done,2024-07-04 15:00:00
4454,close,2024-07-16 13:00:00
4455,open,2024-07-04 15:00:00
4455,onboarding_done,2024-07-04 16:00:00
4455,close,2024-07-28 14:00:00
4456,open,2024-07-04 16:00:00
4456,onboarding_done,2024-07-04 17:00:00
4456,close,2024-07-11 15:00:00
4457,open,2024-07-04 17:00:00
4457,onboarding_done,2024-07-04 18:00:00
4457,purchase,2024-07-08 16:00:00
4457,close,2024-07-20 16:00:00
4458,open,2024-07-04 18:00:00
4458,onboarding_done,2024-07-04 19:00:00
4458,close,2024-07-24 17:00:00
4459,open,2024-07-04 19:00:00
4459,close,2024-07-30 18:00:00
4461,open,2024-07-04 21:00:00
4461,close,2024-07-20 20:00:00
4463,open,2024-07-04 23:00:00
4463,close,2024-07-08 22:00:00
4464,open,2024-07-05 00:00:00
4464,close,2024-07-06 23:00:00
4465,open,2024-07-05 01:00:00
4465,close,2024-07-20 00:00:00
4466,open,2024-07-05 02:00:00
4466,close,2024-07-15 01:00:00
4467,open,2024-07-05 03:00:00
4467,close,2024-07-13 02:00:00
4468,open,2024-07-05 04:00:00
4468,onboarding_done,2024-07-05 05:00:00
4468,close,2024-07-20 03:00:00
4469,open,2024-07-05 05:00:00
4469,onboarding_done,2024-07-05 06:00:00
4469,close,2024-07-08 04:00:00
4470,open,2024-07-05 06:00:00
4470,onboarding_done,2024-07-05 07:00:00
4470,close,2024-07-27 05:00:00
4471,open,2024-07-05 07:00:00
4471,onboarding_done,2024-07-05 08:00:00
4471,purchase,2024-07-12 06:00:00
4471,close,2024-07-16 06:00:00
4472,open,2024-07-05 08:00:00
4472,close,2024-07-20 07:00:00
4473,open,2024-07-05 09:00:00
4473,close,2024-07-28 08:00:00
4474,open,2024-07-05 10:00:00
4474,onboarding_done,2024-07-05 11:00:00
4474,close,2024-07-22 09:00:00
4475,open,2024-07-05 11:00:00
4475,onboarding_done,2024-07-05 12:00:00
4475,close,2024-07-24 10:00:00
4476,open,2024-07-05 12:00:00
4476,onboarding_done,2024-07-05 13:00:00
4476,close,2024-07-28 11:00:00
4477,open,2024-07-05 13:00:00
4477,onboarding_done,2024-07-05 14:00:00
4477,close,2024-07-27 12:00:00
4478,open,2024-07-05 14:00:00
4478,onboarding_done,2024-07-05 15:00:00
4478,close,2024-07-14 13:00:00
4479,open,2024-07-05 15:00:00
4479,onboarding_done,2024-07-05 16:00:00
4479,close,2024-07-10 14:00:00
4480,open,2024-07-05 16:00:00
4480,close,2024-07-11 15:00:00
4481,open,2024-07-05 17:00:00
4481,onboarding_done,2024-07-05 18:00:00
4481,close,2024-07-28 16:00:00
4483,open,2024-07-05 19:00:00
4483,close,2024-07-27 18:00:00
4484,open,2024-07-05 20:00:00
4484,onboarding_done,2024-07-05 21:00:00
4484,close,2024-07-11 19:00:00
4485,open,2024-07-05 21:00:00
4485,onboarding_done,2024-07-05 22:00:00
4485,close,2024-07-22 20:00:00
4486,open,2024-07-05 22:00:00
4486,onboarding_done,2024-07-05 23:00:00
4486,close,2024-07-18 21:00:00
4487,open,2024-07-05 23:00:00
4487,close,2024-07-08 22:00:00
4488,open,2024-07-06 00:00:00
4488,close,2024-07-29 23:00:00
4489,open,2024-07-06 01:00:00
4489,onboarding_done,2024-07-06 02:00:00
4489,close,2024-07-14 00:00:00
4490,open,2024-07-06 02:00:00
4490,onboarding_done,2024-07-06 03:00:00
4490,close,2024-07-07 01:00:00
4491,open,2024-07-06 03:00:00
4491,onboarding_done,2024-07-06 04:00:00
4491,purchase,2024-07-07 02:00:00
4491,close,2024-07-13 02:00:00
4492,open,2024-07-06 04:00:00
4492,onboarding_done,2024-07-06 05:00:00
4492,close,2024-07-24 03:00:00
4493,open,2024-07-06 05:00:00
4493,onboarding_done,2024-07-06 06:00:00
4493,close,2024-07-28 04:00:00
4494,open,2024-07-06 06:00:00
4494,onboarding_done,2024-07-06 07:00:00
4494,close,2024-07-15 05:00:00
4495,open,2024-07-06 07:00:00
4495,close,2024-07-12 06:00:00
4496,open,2024-07-06 08:00:00
4496,onboarding_done,2024-07-06 09:00:00
4496,close,2024-07-12 07:00:00
4498,open,2024-07-06 10:00:00
4498,onboarding_done,2024-07-06 11:00:00
4498,close,2024-07-08 09:00:00
4499,open,2024-07-06 11:00:00
4499,onboarding_done,2024-07-06 12:00:00
4499,close,2024-07-23 10:00:00
4500,open,2024-07-06 12:00:00
4500,onboarding_done,2024-07-06 13:00:00
4500,close,2024-08-04 11:00:00
4501,open,2024-07-06 13:00:00
4501,onboarding_done,2024-07-06 14:00:00
4501,close,2024-07-15 12:00:00
4502,open,2024-07-06 14:00:00
4502,close,2024-07-22 13:00:00
4503,open,2024-07-06 15:00:00
4503,onboarding_done,2024-07-06 16:00:00
4503,close,2024-07-27 14:00:00
4504,open,2024-07-06 16:00:00
4504,close,2024-07-25 15:00:00
4505,open,2024-07-06 17:00:00
4505,onboarding_done,2024-07-06 18:00:00
4505,close,2024-07-07 16:00:00
4506,open,2024-07-06 18:00:00
4506,close,2024-07-27 17:00:00
4507,open,2024-07-06 19:00:00
4507,onboarding_done,2024-07-06 20:00:00
4507,close,2024-07-08 18:00:00
4508,open,2024-07-06 20:00:00
4508,onboarding_done,2024-07-06 21:00:00
4508,close,2024-07-07 19:00:00
4509,open,2024-07-06 21:00:00
4509,onboarding_done,2024-07-06 22:00:00
4509,close,2024-07-16 20:00:00
4509,purchase,2024-07-17 20:00:00
4510,open,2024-07-06 22:00:00
4510,close,2024-07-21 21:00:00
4511,open,2024-07-06 23:00:00
4511,onboarding_done,2024-07-07 00:00:00
4511,close,2024-07-25 22:00:00
4512,open,2024-07-07 00:00:00
4512,close,2024-07-14 23:00:00
4515,open,2024-07-07 03:00:00
4515,close,2024-07-27 02:00:00
4516,open,2024-07-07 04:00:00
4516,onboarding_done,2024-07-07 05:00:00
4516,close,2024-07-16 03:00:00
4517,open,2024-07-07 05:00:00
4517,onboarding_done,2024-07-07 06:00:00
4517,close,2024-07-21 04:00:00
4518,open,2024-07-07 06:00:00
4518,close,2024-07-24 05:00:00
4519,open,2024-07-07 07:00:00
4519,close,2024-07-27 06:00:00
4520,open,2024-07-07 08:00:00
4520,onboarding_done,2024-07-07 09:00:00
4520,close,2024-07-26 07:00:00
4521,open,2024-07-07 09:00:00
4521,onboarding_done,2024-07-07 10:00:00
4521,purchase,2024-07-08 08:00:00
4521,close,2024-07-14 08:00:00
4522,open,2024-07-07 10:00:00
4522,onboarding_done,2024-07-07 11:00:00
4522,close,2024-07-14 09:00:00
4522,purchase,2024-07-16 09:00:00
4523,open,2024-07-07 11:00:00
4523,onboarding_done,2024-07-07 12:00:00
4523,close,2024-07-11 10:00:00
4524,open,2024-07-07 12:00:00
4524,close,2024-07-09 11:00:00
4525,open,2024-07-07 13:00:00
4525,onboarding_done,2024-07-07 14:00:00
4525,close,2024-07-20 12:00:00
4526,open,2024-07-07 14:00:00
4526,onboarding_done,2024-07-07 15:00:00
4526,close,2024-07-12 13:00:00
4526,purchase,2024-07-16 13:00:00
4528,open,2024-07-07 16:00:00
4528,close,2024-08-05 15:00:00
4529,open,2024-07-07 17:00:00
4529,close,2024-07-14 16:00:00
4530,open,2024-07-07 18:00:00
4530,onboarding_done,2024-07-07 19:00:00
4530,close,2024-07-19 17:00:00
4531,open,2024-07-07 19:00:00
4531,close,2024-07-08 18:00:00
4532,open,2024-07-07 20:00:00
4532,onboarding_done,2024-07-07 21:00:00
4532,close,2024-08-04 19:00:00
4533,open,2024-07-07 21:00:00
4533,onboarding_done,2024-07-07 22:00:00
4533,close,2024-08-01 20:00:00
4534,open,2024-07-07 22:00:00
4534,onboarding_done,2024-07-07 23:00:00
4534,close,2024-07-19 21:00:00
4535,open,2024-07-07 23:00:00
4535,onboarding_done,2024-07-08 00:00:00
4535,close,2024-07-30 22:00:00
4536,open,2024-07-08 00:00:00
4536,onboarding_done,2024-07-08 01:00:00
4536,close,2024-07-15 23:00:00
4537,open,2024-07-08 01:00:00
4537,onboarding_done,2024-07-08 02:00:00
4537,close,2024-07-12 00:00:00
4538,open,2024-07-08 02:00:00
4538,onboarding_done,2024-07-08 03:00:00
4538,close,2024-07-25 01:00:00
4539,open,2024-07-08 03:00:00
4539,onboarding_done,2024-07-08 04:00:00
4539,purchase,2024-07-16 02:00:00
4539,close,2024-07-28 02:00:00
4540,open,2024-07-08 04:00:00
4540,onboarding_done,2024-07-08 05:00:00
4540,close,2024-07-20 03:00:00
4542,open,2024-07-08 06:00:00
4542,onboarding_done,2024-07-08 07:00:00
4542,close,2024-07-25 05:00:00
4543,open,2024-07-08 07:00:00
4543,onboarding_done,2024-07-08 08:00:00
4543,close,2024-07-30 06:00:00
4544,open,2024-07-08 08:00:00
4544,close,2024-07-28 07:00:00
4545,open,2024-07-08 09:00:00
4545,onboarding_done,2024-07-08 10:00:00
4545,close,2024-07-30 08:00:00
4546,open,2024-07-08 10:00:00
4546,onboarding_done,2024-07-08 11:00:00
4546,purchase,2024-07-12 09:00:00
4546,close,2024-07-25 09:00:00
4547,open,2024-07-08 11:00:00
4547,onboarding_done,2024-07-08 12:00:00
4547,purchase,2024-07-13 10:00:00
4547,close,2024-07-25 10:00:00
4548,open,2024-07-08 12:00:00
4548,onboarding_done,2024-07-08 13:00:00
4548,close,2024-07-26 11:00:00
4549,open,2024-07-08 13:00:00
4549,onboarding_done,2024-07-08 14:00:00
4549,close,2024-07-19 12:00:00
4550,open,2024-07-08 14:00:00
4550,onboarding_done,2024-07-08 15:00:00
4550,purchase,2024-07-14 13:00:00
4550,close,2024-07-26 13:00:00
4551,open,2024-07-08 15:00:00
4551,onboarding_done,2024-07-08 16:00:00
4551,close,2024-07-25 14:00:00
4552,open,2024-07-08 16:00:00
4552,close,2024-07-29 15:00:00
4553,open,2024-07-08 17:00:00
4553,onboarding_done,2024-07-08 18:00:00
4553,purchase,2024-07-16 16:00:00
4553,close,2024-08-05 16:00:00
4554,open,2024-07-08 18:00:00
4554,close,2024-07-10 17:00:00
4555,open,2024-07-08 19:00:00
4555,onboarding_done,2024-07-08 20:00:00
4555,close,2024-08-01 18:00:00
4556,open,2024-07-08 20:00:00
4556,close,2024-07-15 19:00:00
4557,open,2024-07-08 21:00:00
4557,onboarding_done,2024-07-08 22:00:00
4557,purchase,2024-07-22 20:00:00
4557,close,2024-07-31 20:00:00
4558,open,2024-07-08 22:00:00
4558,onboarding_done,2024-07-08 23:00:00
4558,close,2024-08-03 21:00:00
4559,open,2024-07-08 23:00:00
4559,onboarding_done,2024-07-09 00:00:00
4559,close,2024-08-04 22:00:00
4560,open,2024-07-09 00:00:00
4560,onboarding_done,2024-07-09 01:00:00
4560,close,2024-07-19 23:00:00
4561,open,2024-07-09 01:00:00
4561,close,2024-07-27 00:00:00
4562,open,2024-07-09 02:00:00
4562,onboarding_done,2024-07-09 03:00:00
4562,close,2024-07-25 01:00:00
4563,open,2024-07-09 03:00:00
4563,onboarding_done,2024-07-09 04:00:00
4563,close,2024-08-05 02:00:00
4564,open,2024-07-09 04:00:00
4564,onboarding_done,2024-07-09 05:00:00
4564,purchase,2024-07-14 03:00:00
4564,close,2024-08-05 03:00:00
4565,open,2024-07-09 05:00:00
4565,onboarding_done,2024-07-09 06:00:00
4565,close,2024-07-27 04:00:00
4566,open,2024-07-09 06:00:00
4566,close,2024-08-05 05:00:00
4567,open,2024-07-09 07:00:00
4567,close,2024-07-18 06:00:00
4568,open,2024-07-09 08:00:00
4568,onboarding_done,2024-07-09 09:00:00
4568,close,2024-08-06 07:00:00
4569,open,2024-07-09 09:00:00
4569,close,2024-08-02 08:00:00
4570,open,2024-07-09 10:00:00
4570,onboarding_done,2024-07-09 11:00:00
4570,purchase,2024-07-19 09:00:00
4570,close,2024-07-31 09:00:00
4571,open,2024-07-09 11:00:00
4571,onboarding_done,2024-07-09 12:00:00
4571,close,2024-07-13 10:00:00
4572,open,2024-07-09 12:00:00
4572,onboarding_done,2024-07-09 13:00:00
4572,close,2024-08-02 11:00:00
4573,open,2024-07-09 13:00:00
4573,onboarding_done,2024-07-09 14:00:00
4573,close,2024-07-17 12:00:00
4574,open,2024-07-09 14:00:00
4574,onboarding_done,2024-07-09 15:00:00
4574,close,2024-07-24 13:00:00
4575,open,2024-07-09 15:00:00
4575,close,2024-07-31 14:00:00
4576,open,2024-07-09 16:00:00
4576,onboarding_done,2024-07-09 17:00:00
4576,close,2024-07-30 15:00:00
4577,open,2024-07-09 17:00:00
4577,onboarding_done,2024-07-09 18:00:00
4577,close,2024-08-01 16:00:00
4578,open,2024-07-09 18:00:00
4578,onboarding_done,2024-07-09 19:00:00
4578,close,2024-07-11 17:00:00
4579,open,2024-07-09 19:00:00
4579,onboarding_done,2024-07-09 20:00:00
4579,close,2024-07-12 18:00:00
4580,open,2024-07-09 20:00:00
4580,close,2024-08-02 19:00:00
4581,open,2024-07-09 21:00:00
4581,close,2024-07-24 20:00:00
4582,open,2024-07-09 22:00:00
4582,onboarding_done,2024-07-09 23:00:00
4582,purchase,2024-07-11 21:00:00
4582,close,2024-07-18 21:00:00
4583,open,2024-07-09 23:00:00
4583,onboarding_done,2024-07-10 00:00:00
4583,close,2024-07-14 22:00:00
4585,open,2024-07-10 01:00:00
4585,close,2024-07-19 00:00:00
4586,open,2024-07-10 02:00:00
4586,onboarding_done,2024-07-10 03:00:00
4586,close,2024-07-15 01:00:00
4587,open,2024-07-10 03:00:00
4587,onboarding_done,2024-07-10 04:00:00
4587,close,2024-07-16 02:00:00
4588,open,2024-07-10 04:00:00
4588,onboarding_done,2024-07-10 05:00:00
4588,close,2024-07-21 03:00:00
4589,open,2024-07-10 05:00:00
4589,onboarding_done,2024-07-10 06:00:00
4589,close,2024-07-14 04:00:00
4590,open,2024-07-10 06:00:00
4590,onboarding_done,2024-07-10 07:00:00
4590,close,2024-07-24 05:00:00
4591,open,2024-07-10 07:00:00
4591,onboarding_done,2024-07-10 08:00:00
4591,close,2024-07-22 06:00:00
4592,open,2024-07-10 08:00:00
4592,onboarding_done,2024-07-10 09:00:00
4592,close,2024-07-14 07:00:00
4593,open,2024-07-10 09:00:00
4593,close,2024-07-17 08:00:00
4594,open,2024-07-10 10:00:00
4594,close,2024-07-16 09:00:00
4595,open,2024-07-10 11:00:00
4595,onboarding_done,2024-07-10 12:00:00
4595,close,2024-07-11 10:00:00
4596,open,2024-07-10 12:00:00
4596,close,2024-07-23 11:00:00
4597,open,2024-07-10 13:00:00
4597,onboarding_done,2024-07-10 14:00:00
4597,close,2024-07-21 12:00:00
4598,open,2024-07-10 14:00:00
4598,onboarding_done,2024-07-10 15:00:00
4598,purchase,2024-07-13 13:00:00
4598,close,2024-07-17 13:00:00
4599,open,2024-07-10 15:00:00
4599,onboarding_done,2024-07-10 16:00:00
4599,close,2024-08-03 14:00:00
4600,open,2024-07-10 16:00:00
4600,onboarding_done,2024-07-10 17:00:00
4600,close,2024-08-05 15:00:00
4601,open,2024-07-10 17:00:00
4601,onboarding_done,2024-07-10 18:00:00
4601,close,2024-07-28 16:00:00
4602,open,2024-07-10 18:00:00
4602,onboarding_done,2024-07-10 19:00:00
4602,close,2024-08-01 17:00:00
4603,open,2024-07-10 19:00:00
4603,close,2024-08-04 18:00:00
4604,open,2024-07-10 20:00:00
4604,onboarding_done,2024-07-10 21:00:00
4604,close,2024-07-27 19:00:00
4605,open,2024-07-10 21:00:00
4605,close,2024-07-17 20:00:00
4606,open,2024-07-10 22:00:00
4606,onboarding_done,2024-07-10 23:00:00
4606,purchase,2024-07-14 21:00:00
4606,close,2024-07-26 21:00:00
4607,open,2024-07-10 23:00:00
4607,close,2024-08-01 22:00:00
4608,open,2024-07-11 00:00:00
4608,close,2024-07-17 23:00:00
4609,open,2024-07-11 01:00:00
4609,onboarding_done,2024-07-11 02:00:00
4609,close,2024-07-27 00:00:00
4610,open,2024-07-11 02:00:00
4610,onboarding_done,2024-07-11 03:00:00
4610,close,2024-07-14 01:00:00
4611,open,2024-07-11 03:00:00
4611,onboarding_done,2024-07-11 04:00:00
4611,close,2024-08-06 02:00:00
4612,open,2024-07-11 04:00:00
4612,close,2024-07-29 03:00:00
4613,open,2024-07-11 05:00:00
4613,close,2024-08-01 04:00:00
4615,open,2024-07-11 07:00:00
4615,close,2024-08-07 06:00:00
4616,open,2024-07-11 08:00:00
4616,onboarding_done,2024-07-11 09:00:00
4616,close,2024-07-31 07:00:00
4617,open,2024-07-11 09:00:00
4617,close,2024-07-17 08:00:00
4618,open,2024-07-11 10:00:00
4618,onboarding_done,2024-07-11 11:00:00
4618,close,2024-08-04 09:00:00
4619,open,2024-07-11 11:00:00
4619,onboarding_done,2024-07-11 12:00:00
4619,purchase,2024-07-22 10:00:00
4619,close,2024-07-23 10:00:00
4620,open,2024-07-11 12:00:00
4620,onboarding_done,2024-07-11 13:00:00
4620,close,2024-07-14 11:00:00
4621,open,2024-07-11 13:00:00
4621,onboarding_done,2024-07-11 14:00:00
4621,purchase,2024-07-15 12:00:00
4621,close,2024-07-19 12:00:00
4622,open,2024-07-11 14:00:00
4622,close,2024-08-03 13:00:00
4623,open,2024-07-11 15:00:00
4623,onboarding_done,2024-07-11 16:00:00
4623,close,2024-07-28 14:00:00
4624,open,2024-07-11 16:00:00
4624,close,2024-08-04 15:00:00
4625,open,2024-07-11 17:00:00
4625,onboarding_done,2024-07-11 18:00:00
4625,close,2024-07-13 16:00:00
4626,open,2024-07-11 18:00:00
4626,onboarding_done,2024-07-11 19:00:00
4626,close,2024-08-06 17:00:00
4627,open,2024-07-11 19:00:00
4627,onboarding_done,2024-07-11 20:00:00
4627,close,2024-08-02 18:00:00
4628,open,2024-07-11 20:00:00
4628,onboarding_done,2024-07-11 21:00:00
4628,close,2024-07-21 19:00:00
4629,open,2024-07-11 21:00:00
4629,onboarding_done,2024-07-11 22:00:00
4629,purchase,2024-07-15 20:00:00
4629,close,2024-07-22 20:00:00
4630,open,2024-07-11 22:00:00
4630,onboarding_done,2024-07-11 23:00:00
4630,purchase,2024-07-23 21:00:00
4630,close,2024-08-08 21:00:00
4631,open,2024-07-11 23:00:00
4631,onboarding_done,2024-07-12 00:00:00
4631,close,2024-07-16 22:00:00
4631,purchase,2024-07-22 22:00:00
4632,open,2024-07-12 00:00:00
4632,close,2024-07-16 23:00:00
4633,open,2024-07-12 01:00:00
4633,onboarding_done,2024-07-12 02:00:00
4633,close,2024-08-07 00:00:00
4634,open,2024-07-12 02:00:00
4634,onboarding_done,2024-07-12 03:00:00
4634,close,2024-07-18 01:00:00
4635,open,2024-07-12 03:00:00
4635,onboarding_done,2024-07-12 04:00:00
4635,close,2024-07-30 02:00:00
4636,open,2024-07-12 04:00:00
4636,close,2024-07-22 03:00:00
4637,open,2024-07-12 05:00:00
4637,onboarding_done,2024-07-12 06:00:00
4637,close,2024-08-05 04:00:00
4638,open,2024-07-12 06:00:00
4638,close,2024-08-08 05:00:00
4639,open,2024-07-12 07:00:00
4639,onboarding_done,2024-07-12 08:00:00
4639,close,2024-07-22 06:00:00
4640,open,2024-07-12 08:00:00
4640,onboarding_done,2024-07-12 09:00:00
4640,close,2024-08-03 07:00:00
4641,open,2024-07-12 09:00:00
4641,onboarding_done,2024-07-12 10:00:00
4641,close,2024-07-14 08:00:00
4642,open,2024-07-12 10:00:00
4642,close,2024-07-25 09:00:00
4643,open,2024-07-12 11:00:00
4643,onboarding_done,2024-07-12 12:00:00
4643,purchase,2024-07-23 10:00:00
4643,close,2024-08-10 10:00:00
4644,open,2024-07-12 12:00:00
4644,onboarding_done,2024-07-12 13:00:00
4644,close,2024-08-04 11:00:00
4645,open,2024-07-12 13:00:00
4645,onboarding_done,2024-07-12 14:00:00
4645,purchase,2024-07-22 12:00:00
4645,close,2024-08-07 12:00:00
4647,open,2024-07-12 15:00:00
4647,close,2024-08-10 14:00:00
4648,open,2024-07-12 16:00:00
4648,onboarding_done,2024-07-12 17:00:00
4648,close,2024-08-10 15:00:00
4649,open,2024-07-12 17:00:00
4649,close,2024-07-27 16:00:00
4650,open,2024-07-12 18:00:00
4650,onboarding_done,2024-07-12 19:00:00
4650,close,2024-07-31 17:00:00
4651,open,2024-07-12 19:00:00
4651,onboarding_done,2024-07-12 20:00:00
4651,close,2024-07-15 18:00:00
4652,open,2024-07-12 20:00:00
4652,onboarding_done,2024-07-12 21:00:00
4652,close,2024-07-22 19:00:00
4653,open,2024-07-12 21:00:00
4653,onboarding_done,2024-07-12 22:00:00
4653,close,2024-07-28 20:00:00
4654,open,2024-07-12 22:00:00
4654,onboarding_done,2024-07-12 23:00:00
4654,close,2024-07-28 21:00:00
4655,open,2024-07-12 23:00:00
4655,onboarding_done,2024-07-13 00:00:00
4655,purchase,2024-07-14 22:00:00
4655,close,2024-08-07 22:00:00
4656,open,2024-07-13 00:00:00
4656,close,2024-08-06 23:00:00
4657,open,2024-07-13 01:00:00
4657,close,2024-07-28 00:00:00
4658,open,2024-07-13 02:00:00
4658,onboarding_done,2024-07-13 03:00:00
4658,close,2024-07-30 01:00:00
4659,open,2024-07-13 03:00:00
4659,close,2024-08-11 02:00:00
4660,open,2024-07-13 04:00:00
4660,close,2024-08-01 03:00:00
4661,open,2024-07-13 05:00:00
4661,onboarding_done,2024-07-13 06:00:00
4661,purchase,2024-07-25 04:00:00
4661,close,2024-08-08 04:00:00
4662,open,2024-07-13 06:00:00
4662,close,2024-07-26 05:00:00
4664,open,2024-07-13 08:00:00
4664,onboarding_done,2024-07-13 09:00:00
4664,purchase,2024-07-17 07:00:00
4664,close,2024-08-01 07:00:00
4665,open,2024-07-13 09:00:00
4665,onboarding_done,2024-07-13 10:00:00
4665,close,2024-07-20 08:00:00
4666,open,2024-07-13 10:00:00
4666,close,2024-07-16 09:00:00
4668,open,2024-07-13 12:00:00
4668,onboarding_done,2024-07-13 13:00:00
4668,close,2024-08-09 11:00:00
4669,open,2024-07-13 13:00:00
4669,onboarding_done,2024-07-13 14:00:00
4669,close,2024-07-16 12:00:00
4670,open,2024-07-13 14:00:00
4670,close,2024-08-03 13:00:00
4671,open,2024-07-13 15:00:00
4671,close,2024-07-22 14:00:00
4672,open,2024-07-13 16:00:00
4672,onboarding_done,2024-07-13 17:00:00
4672,close,2024-08-09 15:00:00
4673,open,2024-07-13 17:00:00
4673,onboarding_done,2024-07-13 18:00:00
4673,close,2024-07-18 16:00:00
4673,purchase,2024-07-20 16:00:00
4674,open,2024-07-13 18:00:00
4674,onboarding_done,2024-07-13 19:00:00
4674,close,2024-07-19 17:00:00
4674,purchase,2024-07-24 17:00:00
4675,open,2024-07-13 19:00:00
4675,onboarding_done,2024-07-13 20:00:00
4675,close,2024-07-31 18:00:00
4676,open,2024-07-13 20:00:00
4676,onboarding_done,2024-07-13 21:00:00
4676,close,2024-07-20 19:00:00
4677,open,2024-07-13 21:00:00
4677,onboarding_done,2024-07-13 22:00:00
4677,close,2024-07-16 20:00:00
4678,open,2024-07-13 22:00:00
4678,onboarding_done,2024-07-13 23:00:00
4678,close,2024-07-17 21:00:00
4678,purchase,2024-07-24 21:00:00
4679,open,2024-07-13 23:00:00
4679,onboarding_done,2024-07-14 00:00:00
4679,close,2024-07-21 22:00:00
4680,open,2024-07-14 00:00:00
4680,onboarding_done,2024-07-14 01:00:00
4680,close,2024-07-31 23:00:00
4681,open,2024-07-14 01:00:00
4681,onboarding_done,2024-07-14 02:00:00
4681,close,2024-07-31 00:00:00
4682,open,2024-07-14 02:00:00
4682,onboarding_done,2024-07-14 03:00:00
4682,close,2024-07-23 01:00:00
4683,open,2024-07-14 03:00:00
4683,onboarding_done,2024-07-14 04:00:00
4683,close,2024-08-05 02:00:00
4684,open,2024-07-14 04:00:00
4684,close,2024-07-28 03:00:00
4685,open,2024-07-14 05:00:00
4685,onboarding_done,2024-07-14 06:00:00
4685,purchase,2024-07-20 04:00:00
4685,close,2024-08-03 04:00:00
4686,open,2024-07-14 06:00:00
4686,close,2024-07-20 05:00:00
4687,open,2024-07-14 07:00:00
4687,close,2024-07-31 06:00:00
4688,open,2024-07-14 08:00:00
4688,onboarding_done,2024-07-14 09:00:00
4688,close,2024-07-16 07:00:00
4688,purchase,2024-07-23 07:00:00
4689,open,2024-07-14 09:00:00
4689,close,2024-08-05 08:00:00
4691,open,2024-07-14 11:00:00
4691,onboarding_done,2024-07-14 12:00:00
4691,close,2024-07-19 10:00:00
4692,open,2024-07-14 12:00:00
4692,onboarding_done,2024-07-14 13:00:00
4692,close,2024-08-01 11:00:00
4694,open,2024-07-14 14:00:00
4694,onboarding_done,2024-07-14 15:00:00
4694,close,2024-08-12 13:00:00
4695,open,2024-07-14 15:00:00
4695,onboarding_done,2024-07-14 16:00:00
4695,close,2024-08-06 14:00:00
4696,open,2024-07-14 16:00:00
4696,close,2024-08-11 15:00:00
4697,open,2024-07-14 17:00:00
4697,onboarding_done,2024-07-14 18:00:00
4697,close,2024-07-23 16:00:00
4698,open,2024-07-14 18:00:00
4698,onboarding_done,2024-07-14 19:00:00
4698,close,2024-07-24 17:00:00
4699,open,2024-07-14 19:00:00
4699,onboarding_done,2024-07-14 20:00:00
4699,close,2024-08-10 18:00:00
4700,open,2024-07-14 20:00:00
4700,onboarding_done,2024-07-14 21:00:00
4700,close,2024-07-19 19:00:00
4701,open,2024-07-14 21:00:00
4701,onboarding_done,2024-07-14 22:00:00
4701,close,2024-07-31 20:00:00
4702,open,2024-07-14 22:00:00
4702,onboarding_done,2024-07-14 23:00:00
4702,close,2024-07-19 21:00:00
4703,open,2024-07-14 23:00:00
4703,onboarding_done,2024-07-15 00:00:00
4703,close,2024-08-07 22:00:00
4704,open,2024-07-15 00:00:00
4704,onboarding_done,2024-07-15 01:00:00
4704,close,2024-08-09 23:00:00
4705,open,2024-07-15 01:00:00
4705,onboarding_done,2024-07-15 02:00:00
4705,close,2024-07-24 00:00:00
4706,open,2024-07-15 02:00:00
4706,onboarding_done,2024-07-15 03:00:00
4706,close,2024-08-07 01:00:00
4707,open,2024-07-15 03:00:00
4707,close,2024-08-02 02:00:00
4708,open,2024-07-15 04:00:00
4708,onboarding_done,2024-07-15 05:00:00
4708,close,2024-08-01 03:00:00
4709,open,2024-07-15 05:00:00
4709,close,2024-07-26 04:00:00
4710,open,2024-07-15 06:00:00
4710,onboarding_done,2024-07-15 07:00:00
4710,close,2024-08-08 05:00:00
4711,open,2024-07-15 07:00:00
4711,onboarding_done,2024-07-15 08:00:00
4711,purchase,2024-07-23 06:00:00
4711,close,2024-08-09 06:00:00
4712,open,2024-07-15 08:00:00
4712,onboarding_done,2024-07-15 09:00:00
4712,close,2024-07-16 07:00:00
4713,open,2024-07-15 09:00:00
4713,onboarding_done,2024-07-15 10:00:00
4713,close,2024-07-25 08:00:00
4714,open,2024-07-15 10:00:00
4714,onboarding_done,2024-07-15 11:00:00
4714,close,2024-07-17 09:00:00
4715,open,2024-07-15 11:00:00
4715,onboarding_done,2024-07-15 12:00:00
4715,close,2024-07-21 10:00:00
4716,open,2024-07-15 12:00:00
4716,onboarding_done,2024-07-15 13:00:00
4716,purchase,2024-07-25 11:00:00
4716,close,2024-07-26 11:00:00
4717,open,2024-07-15 13:00:00
4717,close,2024-07-29 12:00:00
4719,open,2024-07-15 15:00:00
4719,onboarding_done,2024-07-15 16:00:00
4719,purchase,2024-07-26 14:00:00
4719,close,2024-08-05 14:00:00
4720,open,2024-07-15 16:00:00
4720,close,2024-07-24 15:00:00
4721,open,2024-07-15 17:00:00
4721,onboarding_done,2024-07-15 18:00:00
4721,close,2024-07-27 16:00:00
4722,open,2024-07-15 18:00:00
4722,onboarding_done,2024-07-15 19:00:00
4722,close,2024-08-13 17:00:00
4723,open,2024-07-15 19:00:00
4723,onboarding_done,2024-07-15 20:00:00
4723,close,2024-08-10 18:00:00
4724,open,2024-07-15 20:00:00
4724,onboarding_done,2024-07-15 21:00:00
4724,close,2024-07-22 19:00:00
4725,open,2024-07-15 21:00:00
4725,onboarding_done,2024-07-15 22:00:00
4725,purchase,2024-07-23 20:00:00
4725,close,2024-08-05 20:00:00
4726,open,2024-07-15 22:00:00
4726,onboarding_done,2024-07-15 23:00:00
4726,close,2024-07-16 21:00:00
4726,purchase,2024-07-26 21:00:00
4727,open,2024-07-15 23:00:00
4727,onboarding_done,2024-07-16 00:00:00
4727,close,2024-07-21 22:00:00
4728,open,2024-07-16 00:00:00
4728,close,2024-07-20 23:00:00
4729,open,2024-07-16 01:00:00
4729,onboarding_done,2024-07-16 02:00:00
4729,close,2024-07-31 00:00:00
4730,open,2024-07-16 02:00:00
4730,onboarding_done,2024-07-16 03:00:00
4730,purchase,2024-07-24 01:00:00
4730,close,2024-07-27 01:00:00
4731,open,2024-07-16 03:00:00
4731,close,2024-07-26 02:00:00
4732,open,2024-07-16 04:00:00
4732,onboarding_done,2024-07-16 05:00:00
4732,purchase,2024-07-23 03:00:00
4732,close,2024-08-06 03:00:00
4733,open,2024-07-16 05:00:00
4733,onboarding_done,2024-07-16 06:00:00
4733,close,2024-07-20 04:00:00
4735,open,2024-07-16 07:00:00
4735,close,2024-08-02 06:00:00
4736,open,2024-07-16 08:00:00
4736,onboarding_done,2024-07-16 09:00:00
4736,close,2024-08-13 07:00:00
4737,open,2024-07-16 09:00:00
4737,onboarding_done,2024-07-16 10:00:00
4737,close,2024-07-19 08:00:00
4737,purchase,2024-07-24 08:00:00
4738,open,2024-07-16 10:00:00
4738,onboarding_done,2024-07-16 11:00:00
4738,close,2024-08-04 09:00:00
4739,open,2024-07-16 11:00:00
4739,close,2024-07-19 10:00:00
4740,open,2024-07-16 12:00:00
4740,close,2024-07-17 11:00:00
4741,open,2024-07-16 13:00:00
4741,onboarding_done,2024-07-16 14:00:00
4741,close,2024-07-21 12:00:00
4741,purchase,2024-07-24 12:00:00
4742,open,2024-07-16 14:00:00
4742,close,2024-08-02 13:00:00
4743,open,2024-07-16 15:00:00
4743,onboarding_done,2024-07-16 16:00:00
4743,close,2024-08-06 14:00:00
4744,open,2024-07-16 16:00:00
4744,onboarding_done,2024-07-16 17:00:00
4744,close,2024-08-05 15:00:00
4746,open,2024-07-16 18:00:00
4746,close,2024-08-12 17:00:00
4747,open,2024-07-16 19:00:00
4747,onboarding_done,2024-07-16 20:00:00
4747,close,2024-08-09 18:00:00
4748,open,2024-07-16 20:00:00
4748,onboarding_done,2024-07-16 21:00:00
4748,close,2024-08-09 19:00:00
4749,open,2024-07-16 21:00:00
4749,onboarding_done,2024-07-16 22:00:00
4749,close,2024-08-12 20:00:00
4750,open,2024-07-16 22:00:00
4750,onboarding_done,2024-07-16 23:00:00
4750,purchase,2024-07-27 21:00:00
4750,close,2024-08-03 21:00:00
4751,open,2024-07-16 23:00:00
4751,onboarding_done,2024-07-17 00:00:00
4751,close,2024-07-27 22:00:00
4752,open,2024-07-17 00:00:00
4752,close,2024-07-26 23:00:00
4755,open,2024-07-17 03:00:00
4755,onboarding_done,2024-07-17 04:00:00
4755,close,2024-08-10 02:00:00
4756,open,2024-07-17 04:00:00
4756,onboarding_done,2024-07-17 05:00:00
4756,close,2024-08-14 03:00:00
4757,open,2024-07-17 05:00:00
4757,onboarding_done,2024-07-17 06:00:00
4757,close,2024-07-19 04:00:00
4758,open,2024-07-17 06:00:00
4758,close,2024-08-02 05:00:00
4759,open,2024-07-17 07:00:00
4759,onboarding_done,2024-07-17 08:00:00
4759,close,2024-07-29 06:00:00
4760,open,2024-07-17 08:00:00
4760,onboarding_done,2024-07-17 09:00:00
4760,purchase,2024-07-25 07:00:00
4760,close,2024-07-29 07:00:00
4761,open,2024-07-17 09:00:00
4761,onboarding_done,2024-07-17 10:00:00
4761,close,2024-08-06 08:00:00
4762,open,2024-07-17 10:00:00
4762,onboarding_done,2024-07-17 11:00:00
4762,close,2024-07-30 09:00:00
4763,open,2024-07-17 11:00:00
4763,onboarding_done,2024-07-17 12:00:00
4763,close,2024-07-28 10:00:00
4764,open,2024-07-17 12:00:00
4764,onboarding_done,2024-07-17 13:00:00
4764,close,2024-07-30 11:00:00
4765,open,2024-07-17 13:00:00
4765,close,2024-07-25 12:00:00
4766,open,2024-07-17 14:00:00
4766,close,2024-08-03 13:00:00
4767,open,2024-07-17 15:00:00
4767,onboarding_done,2024-07-17 16:00:00
4767,close,2024-07-25 14:00:00
4768,open,2024-07-17 16:00:00
4768,onboarding_done,2024-07-17 17:00:00
4768,close,2024-07-22 15:00:00
4768,purchase,2024-07-28 15:00:00
4769,open,2024-07-17 17:00:00
4769,onboarding_done,2024-07-17 18:00:00
4769,close,2024-08-10 16:00:00
4770,open,2024-07-17 18:00:00
4770,onboarding_done,2024-07-17 19:00:00
4770,purchase,2024-07-23 17:00:00
4770,close,2024-08-13 17:00:00
4771,open,2024-07-17 19:00:00
4771,onboarding_done,2024-07-17 20:00:00
4771,purchase,2024-07-27 18:00:00
4771,close,2024-08-03 18:00:00
4772,open,2024-07-17 20:00:00
4772,onboarding_done,2024-07-17 21:00:00
4772,close,2024-07-21 19:00:00
4773,open,2024-07-17 21:00:00
4773,onboarding_done,2024-07-17 22:00:00
4773,close,2024-07-25 20:00:00
4774,open,2024-07-17 22:00:00
4774,close,2024-08-06 21:00:00
4775,open,2024-07-17 23:00:00
4775,onboarding_done,2024-07-18 00:00:00
4775,purchase,2024-07-18 22:00:00
4775,close,2024-07-20 22:00:00
4776,open,2024-07-18 00:00:00
4776,close,2024-07-18 23:00:00
4778,open,2024-07-18 02:00:00
4778,onboarding_done,2024-07-18 03:00:00
4778,purchase,2024-07-30 01:00:00
4778,close,2024-08-16 01:00:00
4779,open,2024-07-18 03:00:00
4779,onboarding_done,2024-07-18 04:00:00
4779,close,2024-07-21 02:00:00
4780,open,2024-07-18 04:00:00
4780,onboarding_done,2024-07-18 05:00:00
4780,close,2024-08-16 03:00:00
4781,open,2024-07-18 05:00:00
4781,onboarding_done,2024-07-18 06:00:00
4781,close,2024-08-08 04:00:00
4782,open,2024-07-18 06:00:00
4782,close,2024-07-19 05:00:00
4783,open,2024-07-18 07:00:00
4783,onboarding_done,2024-07-18 08:00:00
4783,close,2024-08-05 06:00:00
4784,open,2024-07-18 08:00:00
4784,onboarding_done,2024-07-18 09:00:00
4784,close,2024-08-15 07:00:00
4785,open,2024-07-18 09:00:00
4785,onboarding_done,2024-07-18 10:00:00
4785,purchase,2024-07-21 08:00:00
4785,close,2024-08-14 08:00:00
4786,open,2024-07-18 10:00:00
4786,onboarding_done,2024-07-18 11:00:00
4786,close,2024-07-20 09:00:00
4787,open,2024-07-18 11:00:00
4787,onboarding_done,2024-07-18 12:00:00
4787,purchase,2024-07-27 10:00:00
4787,close,2024-07-31 10:00:00
4788,open,2024-07-18 12:00:00
4788,onboarding_done,2024-07-18 13:00:00
4788,close,2024-07-20 11:00:00
4789,open,2024-07-18 13:00:00
4789,close,2024-08-16 12:00:00
4790,open,2024-07-18 14:00:00
4790,onboarding_done,2024-07-18 15:00:00
4790,close,2024-07-28 13:00:00
4790,purchase,2024-07-30 13:00:00
4791,open,2024-07-18 15:00:00
4791,onboarding_done,2024-07-18 16:00:00
4791,close,2024-07-31 14:00:00
4792,open,2024-07-18 16:00:00
4792,close,2024-07-27 15:00:00
4793,open,2024-07-18 17:00:00
4793,onboarding_done,2024-07-18 18:00:00
4793,close,2024-08-14 16:00:00
4794,open,2024-07-18 18:00:00
4794,onboarding_done,2024-07-18 19:00:00
4794,close,2024-08-12 17:00:00
4795,open,2024-07-18 19:00:00
4795,onboarding_done,2024-07-18 20:00:00
4795,close,2024-07-20 18:00:00
4796,open,2024-07-18 20:00:00
4796,close,2024-07-31 19:00:00
4797,open,2024-07-18 21:00:00
4797,close,2024-07-27 20:00:00
4798,open,2024-07-18 22:00:00
4798,onboarding_done,2024-07-18 23:00:00
4798,close,2024-07-20 21:00:00
4799,open,2024-07-18 23:00:00
4799,onboarding_done,2024-07-19 00:00:00
4799,close,2024-08-10 22:00:00
4800,open,2024-07-19 00:00:00
4800,onboarding_done,2024-07-19 01:00:00
4800,close,2024-07-19 23:00:00
4801,open,2024-07-19 01:00:00
4801,onboarding_done,2024-07-19 02:00:00
4801,close,2024-08-03 00:00:00
4802,open,2024-07-19 02:00:00
4802,onboarding_done,2024-07-19 03:00:00
4802,close,2024-07-28 01:00:00
4803,open,2024-07-19 03:00:00
4803,onboarding_done,2024-07-19 04:00:00
4803,purchase,2024-07-24 02:00:00
4803,close,2024-08-04 02:00:00
4804,open,2024-07-19 04:00:00
4804,onboarding_done,2024-07-19 05:00:00
4804,purchase,2024-07-29 03:00:00
4804,close,2024-07-29 03:00:00
4805,open,2024-07-19 05:00:00
4805,onboarding_done,2024-07-19 06:00:00
4805,purchase,2024-07-29 04:00:00
4805,close,2024-08-07 04:00:00
4806,open,2024-07-19 06:00:00
4806,onboarding_done,2024-07-19 07:00:00
4806,close,2024-08-17 05:00:00
4808,open,2024-07-19 08:00:00
4808,onboarding_done,2024-07-19 09:00:00
4808,purchase,2024-07-27 07:00:00
4808,close,2024-08-05 07:00:00
4809,open,2024-07-19 09:00:00
4809,onboarding_done,2024-07-19 10:00:00
4809,close,2024-07-21 08:00:00
4810,open,2024-07-19 10:00:00
4810,onboarding_done,2024-07-19 11:00:00
4810,close,2024-08-07 09:00:00
4811,open,2024-07-19 11:00:00
4811,onboarding_done,2024-07-19 12:00:00
4811,close,2024-08-08 10:00:00
4812,open,2024-07-19 12:00:00
4812,close,2024-07-31 11:00:00
4813,open,2024-07-19 13:00:00
4813,close,2024-08-03 12:00:00
4814,open,2024-07-19 14:00:00
4814,close,2024-07-23 13:00:00
4815,open,2024-07-19 15:00:00
4815,close,2024-08-05 14:00:00
4816,open,2024-07-19 16:00:00
4816,onboarding_done,2024-07-19 17:00:00
4816,close,2024-07-31 15:00:00
4818,open,2024-07-19 18:00:00
4818,onboarding_done,2024-07-19 19:00:00
4818,close,2024-07-30 17:00:00
4820,open,2024-07-19 20:00:00
4820,onboarding_done,2024-07-19 21:00:00
4820,close,2024-08-16 19:00:00
4821,open,2024-07-19 21:00:00
4821,onboarding_done,2024-07-19 22:00:00
4821,close,2024-08-13 20:00:00
4822,open,2024-07-19 22:00:00
4822,onboarding_done,2024-07-19 23:00:00
4822,purchase,2024-07-26 21:00:00
4822,close,2024-08-11 21:00:00
4823,open,2024-07-19 23:00:00
4823,close,2024-07-23 22:00:00
4824,open,2024-07-20 00:00:00
4824,onboarding_done,2024-07-20 01:00:00
4824,close,2024-07-28 23:00:00
4825,open,2024-07-20 01:00:00
4825,onboarding_done,2024-07-20 02:00:00
4825,close,2024-08-07 00:00:00
4826,open,2024-07-20 02:00:00
4826,onboarding_done,2024-07-20 03:00:00
4826,close,2024-07-23 01:00:00
4827,open,2024-07-20 03:00:00
4827,onboarding_done,2024-07-20 04:00:00
4827,close,2024-07-29 02:00:00
4828,open,2024-07-20 04:00:00
4828,onboarding_done,2024-07-20 05:00:00
4828,close,2024-07-23 03:00:00
4829,open,2024-07-20 05:00:00
4829,close,2024-08-04 04:00:00
4830,open,2024-07-20 06:00:00
4830,onboarding_done,2024-07-20 07:00:00
4830,close,2024-08-06 05:00:00
4831,open,2024-07-20 07:00:00
4831,onboarding_done,2024-07-20 08:00:00
4831,purchase,2024-07-21 06:00:00
4831,close,2024-07-21 06:00:00
4832,open,2024-07-20 08:00:00
4832,onboarding_done,2024-07-20 09:00:00
4832,close,2024-07-24 07:00:00
4833,open,2024-07-20 09:00:00
4833,onboarding_done,2024-07-20 10:00:00
4833,close,2024-07-21 08:00:00
4833,purchase,2024-07-23 08:00:00
4834,open,2024-07-20 10:00:00
4834,close,2024-08-08 09:00:00
4835,open,2024-07-20 11:00:00
4835,onboarding_done,2024-07-20 12:00:00
4835,close,2024-08-03 10:00:00
4836,open,2024-07-20 12:00:00
4836,onboarding_done,2024-07-20 13:00:00
4836,close,2024-08-18 11:00:00
4837,open,2024-07-20 13:00:00
4837,close,2024-07-29 12:00:00
4838,open,2024-07-20 14:00:00
4838,onboarding_done,2024-07-20 15:00:00
4838,purchase,2024-07-25 13:00:00
4838,close,2024-08-18 13:00:00
4839,open,2024-07-20 15:00:00
4839,onboarding_done,2024-07-20 16:00:00
4839,close,2024-07-31 14:00:00
4840,open,2024-07-20 16:00:00
4840,close,2024-07-21 15:00:00
4841,open,2024-07-20 17:00:00
4841,close,2024-08-04 16:00:00
4843,open,2024-07-20 19:00:00
4843,close,2024-08-12 18:00:00
4844,open,2024-07-20 20:00:00
4844,onboarding_done,2024-07-20 21:00:00
4844,close,2024-07-23 19:00:00
4845,open,2024-07-20 21:00:00
4845,onboarding_done,2024-07-20 22:00:00
4845,close,2024-07-21 20:00:00
4846,open,2024-07-20 22:00:00
4846,onboarding_done,2024-07-20 23:00:00
4846,close,2024-07-26 21:00:00
4846,purchase,2024-07-30 21:00:00
4847,open,2024-07-20 23:00:00
4847,close,2024-08-11 22:00:00
4848,open,2024-07-21 00:00:00
4848,onboarding_done,2024-07-21 01:00:00
4848,close,2024-07-30 23:00:00
4849,open,2024-07-21 01:00:00
4849,close,2024-08-19 00:00:00
4850,open,2024-07-21 02:00:00
4850,close,2024-07-22 01:00:00
4851,open,2024-07-21 03:00:00
4851,onboarding_done,2024-07-21 04:00:00
4851,close,2024-08-07 02:00:00
4852,open,2024-07-21 04:00:00
4852,onboarding_done,2024-07-21 05:00:00
4852,close,2024-07-22 03:00:00
4853,open,2024-07-21 05:00:00
4853,close,2024-07-30 04:00:00
4854,open,2024-07-21 06:00:00
4854,onboarding_done,2024-07-21 07:00:00
4854,close,2024-08-18 05:00:00
4855,open,2024-07-21 07:00:00
4855,onboarding_done,2024-07-21 08:00:00
4855,close,2024-08-02 06:00:00
4856,open,2024-07-21 08:00:00
4856,onboarding_done,2024-07-21 09:00:00
4856,close,2024-08-17 07:00:00
4857,open,2024-07-21 09:00:00
4857,close,2024-08-11 08:00:00
4858,open,2024-07-21 10:00:00
4858,onboarding_done,2024-07-21 11:00:00
4858,close,2024-08-03 09:00:00
4859,open,2024-07-21 11:00:00
4859,onboarding_done,2024-07-21 12:00:00
4859,close,2024-07-29 10:00:00
4860,open,2024-07-21 12:00:00
4860,close,2024-08-16 11:00:00
4861,open,2024-07-21 13:00:00
4861,onboarding_done,2024-07-21 14:00:00
4861,close,2024-08-16 12:00:00
4862,open,2024-07-21 14:00:00
4862,onboarding_done,2024-07-21 15:00:00
4862,close,2024-08-09 13:00:00
4863,open,2024-07-21 15:00:00
4863,onboarding_done,2024-07-21 16:00:00
4863,close,2024-08-15 14:00:00
4864,open,2024-07-21 16:00:00
4864,close,2024-07-29 15:00:00
4865,open,2024-07-21 17:00:00
4865,close,2024-08-16 16:00:00
4866,open,2024-07-21 18:00:00
4866,onboarding_done,2024-07-21 19:00:00
4866,close,2024-08-10 17:00:00
4867,open,2024-07-21 19:00:00
4867,onboarding_done,2024-07-21 20:00:00
4867,purchase,2024-07-25 18:00:00
4867,close,2024-08-04 18:00:00
4868,open,2024-07-21 20:00:00
4868,onboarding_done,2024-07-21 21:00:00
4868,close,2024-08-14 19:00:00
4869,open,2024-07-21 21:00:00
4869,onboarding_done,2024-07-21 22:00:00
4869,close,2024-07-25 20:00:00
4869,purchase,2024-07-30 20:00:00
4870,open,2024-07-21 22:00:00
4870,close,2024-08-03 21:00:00
4871,open,2024-07-21 23:00:00
4871,close,2024-07-31 22:00:00
4872,open,2024-07-22 00:00:00
4872,close,2024-08-12 23:00:00
4873,open,2024-07-22 01:00:00
4873,onboarding_done,2024-07-22 02:00:00
4873,close,2024-08-17 00:00:00
4874,open,2024-07-22 02:00:00
4874,onboarding_done,2024-07-22 03:00:00
4874,close,2024-08-20 01:00:00
4875,open,2024-07-22 03:00:00
4875,onboarding_done,2024-07-22 04:00:00
4875,close,2024-08-14 02:00:00
4876,open,2024-07-22 04:00:00
4876,onboarding_done,2024-07-22 05:00:00
4876,purchase,2024-08-01 03:00:00
4876,close,2024-08-01 03:00:00
4878,open,2024-07-22 06:00:00
4878,onboarding_done,2024-07-22 07:00:00
4878,purchase,2024-08-02 05:00:00
4878,close,2024-08-20 05:00:00
4879,open,2024-07-22 07:00:00
4879,onboarding_done,2024-07-22 08:00:00
4879,close,2024-08-02 06:00:00
4880,open,2024-07-22 08:00:00
4880,onboarding_done,2024-07-22 09:00:00
4880,close,2024-08-20 07:00:00
4881,open,2024-07-22 09:00:00
4881,onboarding_done,2024-07-22 10:00:00
4881,close,2024-08-12 08:00:00
4882,open,2024-07-22 10:00:00
4882,onboarding_done,2024-07-22 11:00:00
4882,close,2024-08-05 09:00:00
4883,open,2024-07-22 11:00:00
4883,onboarding_done,2024-07-22 12:00:00
4883,close,2024-07-24 10:00:00
4884,open,2024-07-22 12:00:00
4884,close,2024-07-27 11:00:00
4885,open,2024-07-22 13:00:00
4885,onboarding_done,2024-07-22 14:00:00
4885,close,2024-07-29 12:00:00
4886,open,2024-07-22 14:00:00
4886,onboarding_done,2024-07-22 15:00:00
4886,purchase,2024-07-26 13:00:00
4886,close,2024-08-04 13:00:00
4887,open,2024-07-22 15:00:00
4887,onboarding_done,2024-07-22 16:00:00
4887,close,2024-08-02 14:00:00
4888,open,2024-07-22 16:00:00
4888,onboarding_done,2024-07-22 17:00:00
4888,close,2024-07-23 15:00:00
4888,purchase,2024-07-31 15:00:00
4889,open,2024-07-22 17:00:00
4889,onboarding_done,2024-07-22 18:00:00
4889,purchase,2024-07-25 16:00:00
4889,close,2024-07-29 16:00:00
4890,open,2024-07-22 18:00:00
4890,onboarding_done,2024-07-22 19:00:00
4890,purchase,2024-08-03 17:00:00
4890,close,2024-08-14 17:00:00
4891,open,2024-07-22 19:00:00
4891,close,2024-08-15 18:00:00
4892,open,2024-07-22 20:00:00
4892,onboarding_done,2024-07-22 21:00:00
4892,close,2024-08-04 19:00:00
4894,open,2024-07-22 22:00:00
4894,onboarding_done,2024-07-22 23:00:00
4894,purchase,2024-07-29 21:00:00
4894,close,2024-08-02 21:00:00
4896,open,2024-07-23 00:00:00
4896,onboarding_done,2024-07-23 01:00:00
4896,close,2024-08-05 23:00:00
4897,open,2024-07-23 01:00:00
4897,close,2024-08-11 00:00:00
4898,open,2024-07-23 02:00:00
4898,close,2024-08-08 01:00:00
4899,open,2024-07-23 03:00:00
4899,onboarding_done,2024-07-23 04:00:00
4899,close,2024-08-18 02:00:00
4900,open,2024-07-23 04:00:00
4900,onboarding_done,2024-07-23 05:00:00
4900,close,2024-08-21 03:00:00
4901,open,2024-07-23 05:00:00
4901,onboarding_done,2024-07-23 06:00:00
4901,close,2024-08-19 04:00:00
4902,open,2024-07-23 06:00:00
4902,close,2024-07-29 05:00:00
4903,open,2024-07-23 07:00:00
4903,close,2024-08-19 06:00:00
4904,open,2024-07-23 08:00:00
4904,onboarding_done,2024-07-23 09:00:00
4904,close,2024-08-19 07:00:00
4905,open,2024-07-23 09:00:00
4905,onboarding_done,2024-07-23 10:00:00
4905,close,2024-08-06 08:00:00
4906,open,2024-07-23 10:00:00
4906,onboarding_done,2024-07-23 11:00:00
4906,close,2024-07-28 09:00:00
4907,open,2024-07-23 11:00:00
4907,onboarding_done,2024-07-23 12:00:00
4907,purchase,2024-07-25 10:00:00
4907,close,2024-08-13 10:00:00
4908,open,2024-07-23 12:00:00
4908,onboarding_done,2024-07-23 13:00:00
4908,close,2024-08-12 11:00:00
4909,open,2024-07-23 13:00:00
4909,close,2024-07-30 12:00:00
4910,open,2024-07-23 14:00:00
4910,onboarding_done,2024-07-23 15:00:00
4910,purchase,2024-08-05 13:00:00
4910,close,2024-08-11 13:00:00
4911,open,2024-07-23 15:00:00
4911,onboarding_done,2024-07-23 16:00:00
4911,close,2024-08-05 14:00:00
4912,open,2024-07-23 16:00:00
4912,close,2024-08-10 15:00:00
4913,open,2024-07-23 17:00:00
4913,onboarding_done,2024-07-23 18:00:00
4913,close,2024-08-12 16:00:00
4914,open,2024-07-23 18:00:00
4914,close,2024-08-05 17:00:00
4915,open,2024-07-23 19:00:00
4915,onboarding_done,2024-07-23 20:00:00
4915,close,2024-07-31 18:00:00
4916,open,2024-07-23 20:00:00
4916,close,2024-08-18 19:00:00
4917,open,2024-07-23 21:00:00
4917,close,2024-07-30 20:00:00
4918,open,2024-07-23 22:00:00
4918,onboarding_done,2024-07-23 23:00:00
4918,close,2024-07-31 21:00:00
4919,open,2024-07-23 23:00:00
4919,onboarding_done,2024-07-24 00:00:00
4919,close,2024-08-08 22:00:00
4920,open,2024-07-24 00:00:00
4920,onboarding_done,2024-07-24 01:00:00
4920,purchase,2024-07-28 23:00:00
4920,close,2024-08-10 23:00:00
4921,open,2024-07-24 01:00:00
4921,onboarding_done,2024-07-24 02:00:00
4921,close,2024-08-15 00:00:00
4922,open,2024-07-24 02:00:00
4922,close,2024-08-15 01:00:00
4923,open,2024-07-24 03:00:00
4923,close,2024-08-02 02:00:00
4924,open,2024-07-24 04:00:00
4924,onboarding_done,2024-07-24 05:00:00
4924,close,2024-08-21 03:00:00
4926,open,2024-07-24 06:00:00
4926,onboarding_done,2024-07-24 07:00:00
4926,close,2024-08-01 05:00:00
4927,open,2024-07-24 07:00:00
4927,onboarding_done,2024-07-24 08:00:00
4927,close,2024-07-28 06:00:00
4928,open,2024-07-24 08:00:00
4928,onboarding_done,2024-07-24 09:00:00
4928,close,2024-08-14 07:00:00
4929,open,2024-07-24 09:00:00
4929,onboarding_done,2024-07-24 10:00:00
4929,close,2024-08-15 08:00:00
4930,open,2024-07-24 10:00:00
4930,onboarding_done,2024-07-24 11:00:00
4930,close,2024-08-13 09:00:00
4931,open,2024-07-24 11:00:00
4931,onboarding_done,2024-07-24 12:00:00
4931,close,2024-08-10 10:00:00
4932,open,2024-07-24 12:00:00
4932,onboarding_done,2024-07-24 13:00:00
4932,close,2024-07-26 11:00:00
4933,open,2024-07-24 13:00:00
4933,onboarding_done,2024-07-24 14:00:00
4933,close,2024-07-26 12:00:00
4934,open,2024-07-24 14:00:00
4934,onboarding_done,2024-07-24 15:00:00
4934,close,2024-07-30 13:00:00
4935,open,2024-07-24 15:00:00
4935,onboarding_done,2024-07-24 16:00:00
4935,close,2024-08-09 14:00:00
4936,open,2024-07-24 16:00:00
4936,onboarding_done,2024-07-24 17:00:00
4936,close,2024-08-20 15:00:00
4937,open,2024-07-24 17:00:00
4937,onboarding_done,2024-07-24 18:00:00
4937,close,2024-07-28 16:00:00
4937,purchase,2024-08-06 16:00:00
4938,open,2024-07-24 18:00:00
4938,close,2024-08-17 17:00:00
4939,open,2024-07-24 19:00:00
4939,close,2024-08-02 18:00:00
4940,open,2024-07-24 20:00:00
4940,onboarding_done,2024-07-24 21:00:00
4940,close,2024-08-13 19:00:00
4941,open,2024-07-24 21:00:00
4941,onboarding_done,2024-07-24 22:00:00
4941,close,2024-08-21 20:00:00
4942,open,2024-07-24 22:00:00
4942,onboarding_done,2024-07-24 23:00:00
4942,purchase,2024-07-27 21:00:00
4942,close,2024-08-02 21:00:00
4943,open,2024-07-24 23:00:00
4943,onboarding_done,2024-07-25 00:00:00
4943,close,2024-07-31 22:00:00
4944,open,2024-07-25 00:00:00
4944,onboarding_done,2024-07-25 01:00:00
4944,close,2024-08-13 23:00:00
4945,open,2024-07-25 01:00:00
4945,close,2024-08-20 00:00:00
4946,open,2024-07-25 02:00:00
4946,onboarding_done,2024-07-25 03:00:00
4946,purchase,2024-07-30 01:00:00
4946,close,2024-08-06 01:00:00
4947,open,2024-07-25 03:00:00
4947,onboarding_done,2024-07-25 04:00:00
4947,close,2024-08-23 02:00:00
4948,open,2024-07-25 04:00:00
4948,onboarding_done,2024-07-25 05:00:00
4948,purchase,2024-07-26 03:00:00
4948,close,2024-07-26 03:00:00
4949,open,2024-07-25 05:00:00
4949,onboarding_done,2024-07-25 06:00:00
4949,close,2024-07-31 04:00:00
4950,open,2024-07-25 06:00:00
4950,onboarding_done,2024-07-25 07:00:00
4950,close,2024-08-14 05:00:00
4951,open,2024-07-25 07:00:00
4951,close,2024-07-27 06:00:00
4952,open,2024-07-25 08:00:00
4952,onboarding_done,2024-07-25 09:00:00
4952,close,2024-08-16 07:00:00
4953,open,2024-07-25 09:00:00
4953,close,2024-08-22 08:00:00
4954,open,2024-07-25 10:00:00
4954,onboarding_done,2024-07-25 11:00:00
4954,purchase,2024-07-29 09:00:00
4954,close,2024-08-15 09:00:00
4955,open,2024-07-25 11:00:00
4955,close,2024-08-07 10:00:00
4956,open,2024-07-25 12:00:00
4956,onboarding_done,2024-07-25 13:00:00
4956,close,2024-08-10 11:00:00
4957,open,2024-07-25 13:00:00
4957,onboarding_done,2024-07-25 14:00:00
4957,close,2024-08-07 12:00:00
4958,open,2024-07-25 14:00:00
4958,close,2024-07-26 13:00:00
4959,open,2024-07-25 15:00:00
4959,onboarding_done,2024-07-25 16:00:00
4959,close,2024-08-10 14:00:00
4960,open,2024-07-25 16:00:00
4960,close,2024-08-01 15:00:00
4961,open,2024-07-25 17:00:00
4961,onboarding_done,2024-07-25 18:00:00
4961,close,2024-08-20 16:00:00
4962,open,2024-07-25 18:00:00
4962,close,2024-08-11 17:00:00
4963,open,2024-07-25 19:00:00
4963,onboarding_done,2024-07-25 20:00:00
4963,close,2024-08-07 18:00:00
4964,open,2024-07-25 20:00:00
4964,onboarding_done,2024-07-25 21:00:00
4964,close,2024-08-19 19:00:00
4965,open,2024-07-25 21:00:00
4965,close,2024-08-16 20:00:00
4966,open,2024-07-25 22:00:00
4966,onboarding_done,2024-07-25 23:00:00
4966,purchase,2024-07-26 21:00:00
4966,close,2024-08-02 21:00:00
4967,open,2024-07-25 23:00:00
4967,close,2024-07-30 22:00:00
4968,open,2024-07-26 00:00:00
4968,close,2024-07-31 23:00:00
4969,open,2024-07-26 01:00:00
4969,close,2024-08-20 00:00:00
4970,open,2024-07-26 02:00:00
4970,onboarding_done,2024-07-26 03:00:00
4970,close,2024-08-12 01:00:00
4971,open,2024-07-26 03:00:00
4971,onboarding_done,2024-07-26 04:00:00
4971,close,2024-08-23 02:00:00
4972,open,2024-07-26 04:00:00
4972,onboarding_done,2024-07-26 05:00:00
4972,close,2024-07-30 03:00:00
4973,open,2024-07-26 05:00:00
4973,close,2024-08-15 04:00:00
4974,open,2024-07-26 06:00:00
4974,onboarding_done,2024-07-26 07:00:00
4974,close,2024-07-29 05:00:00
4975,open,2024-07-26 07:00:00
4975,close,2024-08-08 06:00:00
4976,open,2024-07-26 08:00:00
4976,onboarding_done,2024-07-26 09:00:00
4976,close,2024-07-27 07:00:00
4977,open,2024-07-26 09:00:00
4977,onboarding_done,2024-07-26 10:00:00
4977,close,2024-08-19 08:00:00
4978,open,2024-07-26 10:00:00
4978,close,2024-08-10 09:00:00
4979,open,2024-07-26 11:00:00
4979,onboarding_done,2024-07-26 12:00:00
4979,purchase,2024-07-29 10:00:00
4979,close,2024-08-18 10:00:00
4980,open,2024-07-26 12:00:00
4980,onboarding_done,2024-07-26 13:00:00
4980,close,2024-08-07 11:00:00
4981,open,2024-07-26 13:00:00
4981,onboarding_done,2024-07-26 14:00:00
4981,purchase,2024-07-29 12:00:00
4981,close,2024-07-29 12:00:00
4982,open,2024-07-26 14:00:00
4982,onboarding_done,2024-07-26 15:00:00
4982,purchase,2024-08-08 13:00:00
4982,close,2024-08-21 13:00:00
4983,open,2024-07-26 15:00:00
4983,close,2024-07-28 14:00:00
4985,open,2024-07-26 17:00:00
4985,close,2024-08-23 16:00:00
4986,open,2024-07-26 18:00:00
4986,close,2024-07-29 17:00:00
4987,open,2024-07-26 19:00:00
4987,onboarding_done,2024-07-26 20:00:00
4987,close,2024-07-27 18:00:00
4988,open,2024-07-26 20:00:00
4988,close,2024-08-15 19:00:00
4989,open,2024-07-26 21:00:00
4989,onboarding_done,2024-07-26 22:00:00
4989,close,2024-08-12 20:00:00
4990,open,2024-07-26 22:00:00
4990,onboarding_done,2024-07-26 23:00:00
4990,purchase,2024-07-31 21:00:00
4990,close,2024-08-23 21:00:00
4991,open,2024-07-26 23:00:00
4991,onboarding_done,2024-07-27 00:00:00
4991,purchase,2024-07-31 22:00:00
4991,close,2024-08-17 22:00:00
4992,open,2024-07-27 00:00:00
4992,close,2024-08-08 23:00:00
4993,open,2024-07-27 01:00:00
4993,onboarding_done,2024-07-27 02:00:00
4993,close,2024-08-13 00:00:00
4994,open,2024-07-27 02:00:00
4994,onboarding_done,2024-07-27 03:00:00
4994,purchase,2024-08-09 01:00:00
4994,close,2024-08-22 01:00:00
4995,open,2024-07-27 03:00:00
4995,close,2024-08-03 02:00:00
4996,open,2024-07-27 04:00:00
4996,close,2024-07-28 03:00:00
4997,open,2024-07-27 05:00:00
4997,onboarding_done,2024-07-27 06:00:00
4997,close,2024-08-01 04:00:00
4998,open,2024-07-27 06:00:00
4998,onboarding_done,2024-07-27 07:00:00
4998,close,2024-07-30 05:00:00
4999,open,2024-07-27 07:00:00
4999,close,2024-08-15 06:00:00
5000,open,2024-07-27 08:00:00
5000,close,2024-08-11 07:00:00
