user_id,registration_date,platform,country,user_type,age,month
1,2024-01-01 00:00:00,iOS,US,free,48,1
3,2024-01-01 02:00:00,Android,BR,free,23,1
4,2024-01-01 03:00:00,iOS,US,free,33,1
5,2024-01-01 04:00:00,iOS,BR,free,26,1
6,2024-01-01 05:00:00,iOS,US,premium,25,1
7,2024-01-01 06:00:00,iOS,BR,free,36,1
8,2024-01-01 07:00:00,Android,BR,free,18,1
9,2024-01-01 08:00:00,Android,US,premium,18,1
10,2024-01-01 09:00:00,Android,UK,premium,32,1
12,2024-01-01 11:00:00,Android,DE,free,35,1
13,2024-01-01 12:00:00,Android,UK,premium,50,1
14,2024-01-01 13:00:00,iOS,DE,free,33,1
15,2024-01-01 14:00:00,iOS,US,free,37,1
16,2024-01-01 15:00:00,iOS,US,free,22,1
17,2024-01-01 16:00:00,iOS,US,free,39,1
18,2024-01-01 17:00:00,iOS,US,free,26,1
19,2024-01-01 18:00:00,iOS,UK,free,32,1
20,2024-01-01 19:00:00,iOS,BR,free,30,1
22,2024-01-01 21:00:00,iOS,UK,free,18,1
23,2024-01-01 22:00:00,iOS,IN,premium,18,1
24,2024-01-01 23:00:00,iOS,DE,free,29,1
25,2024-01-02 00:00:00,iOS,IN,free,36,1
26,2024-01-02 01:00:00,Android,UK,free,33,1
27,2024-01-02 02:00:00,iOS,US,premium,44,1
28,2024-01-02 03:00:00,iOS,US,premium,36,1
29,2024-01-02 04:00:00,iOS,DE,free,26,1
30,2024-01-02 05:00:00,iOS,US,free,18,1
31,2024-01-02 06:00:00,Android,US,free,29,1
32,2024-01-02 07:00:00,iOS,UK,premium,42,1
33,2024-01-02 08:00:00,iOS,UK,premium,28,1
34,2024-01-02 09:00:00,Android,DE,premium,32,1
35,2024-01-02 10:00:00,Android,US,free,36,1
36,2024-01-02 11:00:00,Android,US,free,21,1
37,2024-01-02 12:00:00,iOS,DE,premium,38,1
38,2024-01-02 13:00:00,iOS,IN,free,48,1
39,2024-01-02 14:00:00,Android,DE,free,30,1
40,2024-01-02 15:00:00,iOS,IN,free,20,1
42,2024-01-02 17:00:00,iOS,UK,free,18,1
43,2024-01-02 18:00:00,iOS,US,free,35,1
44,2024-01-02 19:00:00,Android,DE,free,36,1
45,2024-01-02 20:00:00,iOS,DE,premium,48,1
46,2024-01-02 21:00:00,Android,DE,free,30,1
47,2024-01-02 22:00:00,iOS,UK,free,36,1
48,2024-01-02 23:00:00,iOS,UK,free,23,1
49,2024-01-03 00:00:00,iOS,US,premium,28,1
50,2024-01-03 01:00:00,iOS,UK,premium,18,1
51,2024-01-03 02:00:00,Android,US,premium,30,1
52,2024-01-03 03:00:00,Android,BR,free,28,1
53,2024-01-03 04:00:00,Android,US,premium,34,1
54,2024-01-03 05:00:00,Android,US,free,25,1
55,2024-01-03 06:00:00,iOS,UK,free,32,1
56,2024-01-03 07:00:00,Android,DE,free,28,1
58,2024-01-03 09:00:00,iOS,US,premium,32,1
59,2024-01-03 10:00:00,iOS,UK,free,32,1
60,2024-01-03 11:00:00,iOS,US,free,39,1
63,2024-01-03 14:00:00,Android,UK,free,30,1
64,2024-01-03 15:00:00,iOS,US,free,24,1
66,2024-01-03 17:00:00,iOS,US,free,52,1
67,2024-01-03 18:00:00,iOS,UK,free,22,1
68,2024-01-03 19:00:00,Android,US,premium,29,1
69,2024-01-03 20:00:00,iOS,IN,free,28,1
70,2024-01-03 21:00:00,Android,US,premium,29,1
72,2024-01-03 23:00:00,iOS,DE,premium,34,1
73,2024-01-04 00:00:00,iOS,UK,free,18,1
74,2024-01-04 01:00:00,Android,US,free,42,1
75,2024-01-04 02:00:00,Android,IN,premium,38,1
76,2024-01-04 03:00:00,Android,UK,free,19,1
77,2024-01-04 04:00:00,Android,DE,free,18,1
78,2024-01-04 05:00:00,iOS,US,free,22,1
79,2024-01-04 06:00:00,iOS,UK,free,29,1
80,2024-01-04 07:00:00,iOS,UK,premium,57,1
81,2024-01-04 08:00:00,Android,US,free,37,1
82,2024-01-04 09:00:00,Android,US,free,18,1
84,2024-01-04 11:00:00,iOS,US,free,31,1
85,2024-01-04 12:00:00,iOS,US,free,34,1
86,2024-01-04 13:00:00,iOS,UK,free,18,1
87,2024-01-04 14:00:00,Android,BR,free,30,1
88,2024-01-04 15:00:00,Android,US,free,24,1
89,2024-01-04 16:00:00,Android,UK,premium,20,1
90,2024-01-04 17:00:00,iOS,US,free,34,1
91,2024-01-04 18:00:00,iOS,US,free,39,1
92,2024-01-04 19:00:00,Android,US,free,40,1
93,2024-01-04 20:00:00,Android,BR,free,37,1
94,2024-01-04 21:00:00,iOS,US,premium,27,1
95,2024-01-04 22:00:00,Android,US,premium,39,1
96,2024-01-04 23:00:00,iOS,UK,free,35,1
98,2024-01-05 01:00:00,iOS,US,free,25,1
99,2024-01-05 02:00:00,iOS,UK,free,27,1
100,2024-01-05 03:00:00,iOS,US,free,32,1
101,2024-01-05 04:00:00,iOS,UK,premium,56,1
102,2024-01-05 05:00:00,Android,UK,free,35,1
103,2024-01-05 06:00:00,iOS,UK,premium,25,1
104,2024-01-05 07:00:00,iOS,US,free,23,1
105,2024-01-05 08:00:00,Android,US,free,27,1
106,2024-01-05 09:00:00,iOS,US,free,53,1
107,2024-01-05 10:00:00,iOS,US,free,28,1
108,2024-01-05 11:00:00,Android,US,free,41,1
109,2024-01-05 12:00:00,iOS,BR,free,28,1
110,2024-01-05 13:00:00,iOS,IN,free,34,1
111,2024-01-05 14:00:00,iOS,IN,free,39,1
112,2024-01-05 15:00:00,iOS,BR,free,26,1
113,2024-01-05 16:00:00,Android,DE,free,25,1
114,2024-01-05 17:00:00,Android,DE,free,48,1
115,2024-01-05 18:00:00,Android,US,free,41,1
117,2024-01-05 20:00:00,Android,UK,free,39,1
118,2024-01-05 21:00:00,iOS,UK,free,36,1
119,2024-01-05 22:00:00,Android,BR,free,52,1
120,2024-01-05 23:00:00,iOS,US,premium,32,1
121,2024-01-06 00:00:00,Android,US,free,37,1
122,2024-01-06 01:00:00,Android,IN,free,18,1
123,2024-01-06 02:00:00,iOS,US,premium,23,1
124,2024-01-06 03:00:00,iOS,UK,free,19,1
125,2024-01-06 04:00:00,iOS,IN,free,44,1
126,2024-01-06 05:00:00,iOS,DE,premium,18,1
127,2024-01-06 06:00:00,Android,UK,free,27,1
128,2024-01-06 07:00:00,Android,US,premium,18,1
129,2024-01-06 08:00:00,iOS,US,free,23,1
131,2024-01-06 10:00:00,iOS,UK,premium,45,1
132,2024-01-06 11:00:00,iOS,UK,free,35,1
133,2024-01-06 12:00:00,iOS,US,free,23,1
134,2024-01-06 13:00:00,iOS,US,free,42,1
135,2024-01-06 14:00:00,Android,IN,free,32,1
136,2024-01-06 15:00:00,iOS,US,free,32,1
137,2024-01-06 16:00:00,iOS,DE,free,19,1
138,2024-01-06 17:00:00,Android,US,free,22,1
140,2024-01-06 19:00:00,Android,IN,free,32,1
141,2024-01-06 20:00:00,Android,UK,free,32,1
142,2024-01-06 21:00:00,iOS,US,free,47,1
143,2024-01-06 22:00:00,iOS,UK,premium,35,1
144,2024-01-06 23:00:00,iOS,BR,free,18,1
145,2024-01-07 00:00:00,iOS,UK,free,34,1
146,2024-01-07 01:00:00,iOS,BR,premium,18,1
147,2024-01-07 02:00:00,Android,DE,premium,22,1
149,2024-01-07 04:00:00,iOS,DE,premium,25,1
151,2024-01-07 06:00:00,Android,US,premium,34,1
152,2024-01-07 07:00:00,iOS,US,free,18,1
153,2024-01-07 08:00:00,iOS,IN,free,35,1
154,2024-01-07 09:00:00,iOS,BR,free,54,1
155,2024-01-07 10:00:00,Android,DE,premium,18,1
156,2024-01-07 11:00:00,iOS,US,free,29,1
157,2024-01-07 12:00:00,Android,US,free,18,1
158,2024-01-07 13:00:00,Android,BR,free,28,1
159,2024-01-07 14:00:00,iOS,UK,premium,38,1
160,2024-01-07 15:00:00,Android,US,premium,39,1
161,2024-01-07 16:00:00,iOS,DE,free,32,1
162,2024-01-07 17:00:00,Android,US,free,40,1
163,2024-01-07 18:00:00,Android,US,free,57,1
164,2024-01-07 19:00:00,iOS,UK,free,49,1
165,2024-01-07 20:00:00,iOS,US,premium,26,1
166,2024-01-07 21:00:00,Android,IN,free,18,1
167,2024-01-07 22:00:00,iOS,US,free,27,1
168,2024-01-07 23:00:00,iOS,US,free,22,1
169,2024-01-08 00:00:00,iOS,US,free,36,1
170,2024-01-08 01:00:00,iOS,BR,free,20,1
171,2024-01-08 02:00:00,Android,UK,free,31,1
172,2024-01-08 03:00:00,iOS,UK,free,40,1
173,2024-01-08 04:00:00,iOS,US,free,30,1
174,2024-01-08 05:00:00,iOS,US,free,22,1
175,2024-01-08 06:00:00,Android,UK,free,43,1
176,2024-01-08 07:00:00,iOS,BR,free,18,1
177,2024-01-08 08:00:00,Android,BR,premium,28,1
178,2024-01-08 09:00:00,iOS,US,free,31,1
179,2024-01-08 10:00:00,Android,UK,free,32,1
180,2024-01-08 11:00:00,iOS,IN,free,33,1
181,2024-01-08 12:00:00,iOS,US,free,38,1
182,2024-01-08 13:00:00,iOS,BR,free,31,1
183,2024-01-08 14:00:00,Android,US,free,28,1
184,2024-01-08 15:00:00,Android,IN,free,27,1
185,2024-01-08 16:00:00,iOS,BR,free,25,1
186,2024-01-08 17:00:00,Android,IN,free,39,1
188,2024-01-08 19:00:00,iOS,US,premium,40,1
189,2024-01-08 20:00:00,iOS,IN,free,32,1
190,2024-01-08 21:00:00,iOS,US,free,26,1
191,2024-01-08 22:00:00,iOS,US,free,38,1
192,2024-01-08 23:00:00,Android,DE,free,24,1
193,2024-01-09 00:00:00,Android,BR,free,38,1
194,2024-01-09 01:00:00,Android,IN,premium,34,1
195,2024-01-09 02:00:00,iOS,US,free,26,1
196,2024-01-09 03:00:00,iOS,BR,premium,37,1
197,2024-01-09 04:00:00,Android,DE,free,37,1
198,2024-01-09 05:00:00,Android,US,premium,43,1
199,2024-01-09 06:00:00,Android,US,free,41,1
200,2024-01-09 07:00:00,Android,US,free,36,1
201,2024-01-09 08:00:00,Android,US,free,20,1
202,2024-01-09 09:00:00,iOS,IN,free,56,1
204,2024-01-09 11:00:00,Android,DE,free,41,1
205,2024-01-09 12:00:00,Android,IN,free,36,1
206,2024-01-09 13:00:00,iOS,US,free,20,1
207,2024-01-09 14:00:00,iOS,BR,premium,30,1
208,2024-01-09 15:00:00,Android,UK,free,31,1
209,2024-01-09 16:00:00,iOS,BR,free,45,1
210,2024-01-09 17:00:00,iOS,US,free,24,1
211,2024-01-09 18:00:00,iOS,IN,premium,29,1
212,2024-01-09 19:00:00,Android,US,free,18,1
213,2024-01-09 20:00:00,Android,US,free,49,1
214,2024-01-09 21:00:00,iOS,BR,free,21,1
215,2024-01-09 22:00:00,Android,US,premium,35,1
216,2024-01-09 23:00:00,iOS,DE,premium,30,1
217,2024-01-10 00:00:00,iOS,UK,free,31,1
218,2024-01-10 01:00:00,Android,DE,free,40,1
219,2024-01-10 02:00:00,Android,US,free,48,1
220,2024-01-10 03:00:00,Android,US,free,34,1
221,2024-01-10 04:00:00,Android,US,free,38,1
222,2024-01-10 05:00:00,iOS,UK,free,35,1
223,2024-01-10 06:00:00,iOS,US,premium,42,1
224,2024-01-10 07:00:00,iOS,US,free,27,1
225,2024-01-10 08:00:00,iOS,US,free,42,1
226,2024-01-10 09:00:00,iOS,US,free,43,1
227,2024-01-10 10:00:00,Android,UK,free,42,1
228,2024-01-10 11:00:00,iOS,BR,premium,25,1
229,2024-01-10 12:00:00,Android,US,free,30,1
230,2024-01-10 13:00:00,Android,UK,free,34,1
231,2024-01-10 14:00:00,Android,DE,free,18,1
232,2024-01-10 15:00:00,iOS,UK,free,47,1
233,2024-01-10 16:00:00,iOS,DE,premium,31,1
234,2024-01-10 17:00:00,iOS,UK,free,34,1
235,2024-01-10 18:00:00,iOS,UK,premium,26,1
236,2024-01-10 19:00:00,Android,US,free,18,1
237,2024-01-10 20:00:00,iOS,DE,premium,25,1
238,2024-01-10 21:00:00,iOS,DE,free,34,1
239,2024-01-10 22:00:00,Android,US,premium,38,1
240,2024-01-10 23:00:00,iOS,US,free,33,1
241,2024-01-11 00:00:00,Android,IN,free,35,1
242,2024-01-11 01:00:00,Android,UK,free,28,1
243,2024-01-11 02:00:00,Android,UK,free,36,1
244,2024-01-11 03:00:00,iOS,IN,free,46,1
245,2024-01-11 04:00:00,iOS,DE,free,39,1
246,2024-01-11 05:00:00,Android,UK,premium,40,1
247,2024-01-11 06:00:00,iOS,BR,free,34,1
249,2024-01-11 08:00:00,Android,UK,premium,21,1
250,2024-01-11 09:00:00,Android,UK,free,36,1
251,2024-01-11 10:00:00,iOS,US,free,31,1
252,2024-01-11 11:00:00,iOS,IN,free,36,1
253,2024-01-11 12:00:00,Android,DE,free,48,1
254,2024-01-11 13:00:00,iOS,US,free,39,1
255,2024-01-11 14:00:00,iOS,BR,premium,44,1
256,2024-01-11 15:00:00,iOS,UK,free,32,1
257,2024-01-11 16:00:00,Android,US,free,23,1
258,2024-01-11 17:00:00,Android,UK,free,31,1
259,2024-01-11 18:00:00,iOS,UK,premium,23,1
260,2024-01-11 19:00:00,iOS,BR,free,47,1
261,2024-01-11 20:00:00,Android,US,free,39,1
263,2024-01-11 22:00:00,iOS,UK,free,44,1
264,2024-01-11 23:00:00,iOS,US,premium,18,1
265,2024-01-12 00:00:00,Android,IN,premium,37,1
266,2024-01-12 01:00:00,Android,UK,free,18,1
267,2024-01-12 02:00:00,Android,US,free,31,1
268,2024-01-12 03:00:00,Android,UK,free,28,1
269,2024-01-12 04:00:00,iOS,BR,free,38,1
270,2024-01-12 05:00:00,iOS,US,free,34,1
271,2024-01-12 06:00:00,Android,US,free,45,1
272,2024-01-12 07:00:00,Android,US,free,25,1
273,2024-01-12 08:00:00,Android,US,premium,39,1
274,2024-01-12 09:00:00,Android,BR,free,33,1
275,2024-01-12 10:00:00,iOS,UK,premium,18,1
277,2024-01-12 12:00:00,Android,US,free,30,1
278,2024-01-12 13:00:00,Android,US,premium,43,1
279,2024-01-12 14:00:00,Android,IN,free,36,1
281,2024-01-12 16:00:00,Android,IN,free,30,1
282,2024-01-12 17:00:00,iOS,UK,free,52,1
283,2024-01-12 18:00:00,iOS,US,premium,33,1
284,2024-01-12 19:00:00,iOS,BR,premium,28,1
285,2024-01-12 20:00:00,iOS,UK,free,36,1
287,2024-01-12 22:00:00,iOS,IN,free,27,1
288,2024-01-12 23:00:00,iOS,US,free,37,1
289,2024-01-13 00:00:00,iOS,US,free,28,1
291,2024-01-13 02:00:00,iOS,US,free,33,1
292,2024-01-13 03:00:00,iOS,US,free,36,1
293,2024-01-13 04:00:00,Android,US,free,24,1
294,2024-01-13 05:00:00,iOS,US,free,23,1
295,2024-01-13 06:00:00,iOS,BR,free,41,1
296,2024-01-13 07:00:00,iOS,US,premium,31,1
297,2024-01-13 08:00:00,Android,UK,premium,34,1
298,2024-01-13 09:00:00,iOS,DE,free,28,1
299,2024-01-13 10:00:00,Android,UK,free,40,1
300,2024-01-13 11:00:00,iOS,US,premium,25,1
301,2024-01-13 12:00:00,iOS,BR,premium,30,1
302,2024-01-13 13:00:00,iOS,US,premium,39,1
303,2024-01-13 14:00:00,iOS,BR,free,43,1
304,2024-01-13 15:00:00,Android,BR,premium,26,1
305,2024-01-13 16:00:00,Android,UK,free,51,1
307,2024-01-13 18:00:00,iOS,UK,premium,21,1
308,2024-01-13 19:00:00,iOS,US,free,35,1
309,2024-01-13 20:00:00,Android,BR,premium,28,1
310,2024-01-13 21:00:00,iOS,BR,free,36,1
311,2024-01-13 22:00:00,iOS,US,premium,31,1
312,2024-01-13 23:00:00,iOS,DE,free,32,1
313,2024-01-14 00:00:00,iOS,IN,premium,22,1
314,2024-01-14 01:00:00,Android,IN,free,41,1
315,2024-01-14 02:00:00,Android,UK,free,20,1
316,2024-01-14 03:00:00,Android,UK,free,20,1
317,2024-01-14 04:00:00,iOS,US,free,35,1
318,2024-01-14 05:00:00,iOS,IN,free,48,1
319,2024-01-14 06:00:00,iOS,US,free,28,1
320,2024-01-14 07:00:00,iOS,UK,free,39,1
321,2024-01-14 08:00:00,iOS,US,free,42,1
322,2024-01-14 09:00:00,Android,US,free,40,1
323,2024-01-14 10:00:00,Android,UK,premium,28,1
324,2024-01-14 11:00:00,iOS,IN,free,21,1
325,2024-01-14 12:00:00,Android,US,free,18,1
326,2024-01-14 13:00:00,Android,UK,free,29,1
328,2024-01-14 15:00:00,Android,US,free,20,1
329,2024-01-14 16:00:00,iOS,UK,free,39,1
330,2024-01-14 17:00:00,iOS,UK,premium,22,1
331,2024-01-14 18:00:00,iOS,US,free,33,1
332,2024-01-14 19:00:00,Android,US,free,39,1
333,2024-01-14 20:00:00,iOS,US,free,25,1
334,2024-01-14 21:00:00,iOS,US,free,33,1
335,2024-01-14 22:00:00,iOS,IN,free,27,1
336,2024-01-14 23:00:00,iOS,IN,premium,39,1
337,2024-01-15 00:00:00,Android,US,free,34,1
338,2024-01-15 01:00:00,Android,UK,free,32,1
339,2024-01-15 02:00:00,iOS,IN,free,47,1
340,2024-01-15 03:00:00,iOS,US,premium,38,1
341,2024-01-15 04:00:00,iOS,BR,free,25,1
342,2024-01-15 05:00:00,iOS,IN,free,31,1
343,2024-01-15 06:00:00,iOS,US,free,31,1
344,2024-01-15 07:00:00,iOS,US,free,32,1
345,2024-01-15 08:00:00,iOS,IN,premium,57,1
346,2024-01-15 09:00:00,Android,UK,free,35,1
347,2024-01-15 10:00:00,Android,US,free,18,1
348,2024-01-15 11:00:00,iOS,US,premium,26,1
350,2024-01-15 13:00:00,Android,DE,free,28,1
351,2024-01-15 14:00:00,iOS,DE,free,18,1
352,2024-01-15 15:00:00,Android,IN,free,23,1
353,2024-01-15 16:00:00,Android,US,free,18,1
354,2024-01-15 17:00:00,iOS,UK,premium,35,1
355,2024-01-15 18:00:00,iOS,UK,free,32,1
356,2024-01-15 19:00:00,Android,UK,free,35,1
357,2024-01-15 20:00:00,iOS,US,premium,30,1
358,2024-01-15 21:00:00,iOS,IN,free,18,1
359,2024-01-15 22:00:00,Android,BR,free,37,1
360,2024-01-15 23:00:00,iOS,UK,free,51,1
361,2024-01-16 00:00:00,iOS,DE,premium,36,1
362,2024-01-16 01:00:00,Android,US,premium,27,1
363,2024-01-16 02:00:00,iOS,UK,premium,18,1
364,2024-01-16 03:00:00,iOS,DE,premium,22,1
365,2024-01-16 04:00:00,Android,UK,free,36,1
366,2024-01-16 05:00:00,iOS,IN,free,42,1
367,2024-01-16 06:00:00,Android,DE,premium,34,1
368,2024-01-16 07:00:00,Android,US,free,39,1
369,2024-01-16 08:00:00,iOS,BR,free,39,1
370,2024-01-16 09:00:00,iOS,US,free,37,1
371,2024-01-16 10:00:00,iOS,US,free,25,1
372,2024-01-16 11:00:00,iOS,US,premium,33,1
373,2024-01-16 12:00:00,iOS,UK,free,23,1
374,2024-01-16 13:00:00,Android,BR,free,32,1
375,2024-01-16 14:00:00,iOS,UK,premium,35,1
376,2024-01-16 15:00:00,iOS,BR,free,48,1
377,2024-01-16 16:00:00,Android,UK,free,18,1
378,2024-01-16 17:00:00,iOS,US,free,36,1
379,2024-01-16 18:00:00,Android,BR,premium,46,1
380,2024-01-16 19:00:00,iOS,US,premium,39,1
381,2024-01-16 20:00:00,iOS,US,premium,40,1
382,2024-01-16 21:00:00,Android,UK,free,37,1
383,2024-01-16 22:00:00,Android,US,free,44,1
384,2024-01-16 23:00:00,Android,US,premium,21,1
385,2024-01-17 00:00:00,Android,DE,premium,18,1
386,2024-01-17 01:00:00,Android,UK,free,31,1
387,2024-01-17 02:00:00,iOS,UK,free,18,1
388,2024-01-17 03:00:00,iOS,IN,premium,44,1
389,2024-01-17 04:00:00,Android,UK,premium,44,1
390,2024-01-17 05:00:00,Android,BR,premium,27,1
391,2024-01-17 06:00:00,Android,US,premium,28,1
392,2024-01-17 07:00:00,iOS,UK,free,31,1
393,2024-01-17 08:00:00,iOS,BR,free,32,1
394,2024-01-17 09:00:00,Android,UK,free,33,1
395,2024-01-17 10:00:00,iOS,DE,free,37,1
396,2024-01-17 11:00:00,Android,US,free,30,1
397,2024-01-17 12:00:00,Android,US,free,41,1
398,2024-01-17 13:00:00,iOS,UK,free,36,1
399,2024-01-17 14:00:00,Android,US,free,25,1
400,2024-01-17 15:00:00,Android,BR,free,45,1
402,2024-01-17 17:00:00,Android,IN,free,31,1
403,2024-01-17 18:00:00,iOS,IN,free,41,1
404,2024-01-17 19:00:00,Android,US,free,24,1
405,2024-01-17 20:00:00,iOS,US,premium,35,1
406,2024-01-17 21:00:00,Android,BR,free,37,1
407,2024-01-17 22:00:00,iOS,IN,free,23,1
408,2024-01-17 23:00:00,iOS,UK,free,31,1
409,2024-01-18 00:00:00,Android,US,free,30,1
410,2024-01-18 01:00:00,iOS,UK,free,26,1
411,2024-01-18 02:00:00,iOS,DE,premium,55,1
412,2024-01-18 03:00:00,Android,US,premium,24,1
413,2024-01-18 04:00:00,Android,DE,free,42,1
414,2024-01-18 05:00:00,iOS,US,free,28,1
415,2024-01-18 06:00:00,Android,US,premium,21,1
416,2024-01-18 07:00:00,iOS,US,premium,33,1
417,2024-01-18 08:00:00,iOS,US,free,38,1
418,2024-01-18 09:00:00,iOS,US,free,41,1
419,2024-01-18 10:00:00,Android,UK,free,47,1
420,2024-01-18 11:00:00,Android,US,free,61,1
421,2024-01-18 12:00:00,Android,US,free,34,1
422,2024-01-18 13:00:00,Android,US,free,25,1
423,2024-01-18 14:00:00,iOS,IN,free,36,1
424,2024-01-18 15:00:00,iOS,UK,free,29,1
425,2024-01-18 16:00:00,iOS,UK,premium,41,1
426,2024-01-18 17:00:00,iOS,UK,premium,19,1
427,2024-01-18 18:00:00,iOS,IN,free,55,1
428,2024-01-18 19:00:00,Android,US,premium,40,1
429,2024-01-18 20:00:00,iOS,DE,free,18,1
430,2024-01-18 21:00:00,iOS,DE,premium,24,1
431,2024-01-18 22:00:00,iOS,DE,free,40,1
432,2024-01-18 23:00:00,Android,US,free,43,1
433,2024-01-19 00:00:00,Android,DE,free,19,1
434,2024-01-19 01:00:00,iOS,US,free,39,1
435,2024-01-19 02:00:00,iOS,UK,premium,18,1
436,2024-01-19 03:00:00,Android,DE,free,31,1
437,2024-01-19 04:00:00,iOS,US,free,43,1
438,2024-01-19 05:00:00,Android,BR,free,26,1
439,2024-01-19 06:00:00,Android,US,free,18,1
440,2024-01-19 07:00:00,iOS,BR,free,33,1
441,2024-01-19 08:00:00,iOS,UK,free,25,1
442,2024-01-19 09:00:00,Android,US,premium,38,1
443,2024-01-19 10:00:00,iOS,US,premium,23,1
444,2024-01-19 11:00:00,iOS,IN,premium,24,1
445,2024-01-19 12:00:00,Android,US,free,18,1
446,2024-01-19 13:00:00,Android,US,free,33,1
447,2024-01-19 14:00:00,Android,US,free,30,1
448,2024-01-19 15:00:00,Android,DE,free,20,1
449,2024-01-19 16:00:00,iOS,UK,free,33,1
450,2024-01-19 17:00:00,iOS,US,premium,42,1
451,2024-01-19 18:00:00,Android,US,free,29,1
452,2024-01-19 19:00:00,iOS,US,premium,34,1
453,2024-01-19 20:00:00,iOS,US,premium,34,1
454,2024-01-19 21:00:00,Android,UK,premium,19,1
455,2024-01-19 22:00:00,iOS,DE,premium,52,1
456,2024-01-19 23:00:00,iOS,US,free,27,1
457,2024-01-20 00:00:00,iOS,US,free,38,1
458,2024-01-20 01:00:00,iOS,US,free,39,1
459,2024-01-20 02:00:00,iOS,IN,free,30,1
460,2024-01-20 03:00:00,iOS,IN,free,38,1
461,2024-01-20 04:00:00,iOS,BR,free,34,1
462,2024-01-20 05:00:00,Android,US,free,18,1
463,2024-01-20 06:00:00,Android,US,premium,28,1
464,2024-01-20 07:00:00,iOS,US,premium,25,1
465,2024-01-20 08:00:00,Android,US,free,27,1
466,2024-01-20 09:00:00,iOS,UK,free,18,1
467,2024-01-20 10:00:00,iOS,BR,free,43,1
468,2024-01-20 11:00:00,Android,BR,free,48,1
469,2024-01-20 12:00:00,iOS,BR,premium,41,1
470,2024-01-20 13:00:00,Android,US,free,44,1
471,2024-01-20 14:00:00,iOS,DE,free,28,1
472,2024-01-20 15:00:00,Android,US,premium,25,1
473,2024-01-20 16:00:00,iOS,US,premium,24,1
474,2024-01-20 17:00:00,Android,DE,free,38,1
475,2024-01-20 18:00:00,iOS,US,free,34,1
476,2024-01-20 19:00:00,Android,UK,free,31,1
477,2024-01-20 20:00:00,iOS,US,free,44,1
478,2024-01-20 21:00:00,iOS,DE,free,36,1
479,2024-01-20 22:00:00,Android,BR,free,23,1
480,2024-01-20 23:00:00,iOS,US,free,25,1
482,2024-01-21 01:00:00,Android,US,free,42,1
483,2024-01-21 02:00:00,iOS,UK,premium,37,1
484,2024-01-21 03:00:00,Android,DE,free,50,1
485,2024-01-21 04:00:00,iOS,DE,free,48,1
486,2024-01-21 05:00:00,Android,IN,premium,36,1
487,2024-01-21 06:00:00,iOS,US,free,23,1
489,2024-01-21 08:00:00,Android,DE,free,28,1
490,2024-01-21 09:00:00,Android,IN,free,39,1
491,2024-01-21 10:00:00,iOS,US,free,50,1
492,2024-01-21 11:00:00,Android,BR,free,36,1
493,2024-01-21 12:00:00,iOS,UK,free,43,1
494,2024-01-21 13:00:00,iOS,US,free,29,1
495,2024-01-21 14:00:00,iOS,UK,free,38,1
496,2024-01-21 15:00:00,iOS,US,free,40,1
497,2024-01-21 16:00:00,iOS,UK,free,18,1
498,2024-01-21 17:00:00,iOS,BR,free,27,1
499,2024-01-21 18:00:00,Android,UK,free,41,1
500,2024-01-21 19:00:00,Android,DE,free,34,1
501,2024-01-21 20:00:00,Android,UK,free,20,1
502,2024-01-21 21:00:00,iOS,US,free,18,1
503,2024-01-21 22:00:00,iOS,US,free,28,1
504,2024-01-21 23:00:00,Android,UK,free,31,1
505,2024-01-22 00:00:00,Android,US,premium,23,1
506,2024-01-22 01:00:00,iOS,US,free,33,1
507,2024-01-22 02:00:00,Android,UK,free,37,1
508,2024-01-22 03:00:00,Android,US,free,38,1
509,2024-01-22 04:00:00,Android,US,free,18,1
510,2024-01-22 05:00:00,Android,UK,free,18,1
511,2024-01-22 06:00:00,Android,US,free,28,1
512,2024-01-22 07:00:00,iOS,IN,free,37,1
513,2024-01-22 08:00:00,Android,BR,free,36,1
514,2024-01-22 09:00:00,Android,DE,free,36,1
515,2024-01-22 10:00:00,iOS,US,free,28,1
516,2024-01-22 11:00:00,iOS,BR,free,28,1
517,2024-01-22 12:00:00,iOS,BR,free,24,1
518,2024-01-22 13:00:00,Android,BR,free,39,1
519,2024-01-22 14:00:00,Android,US,free,22,1
521,2024-01-22 16:00:00,iOS,BR,free,34,1
522,2024-01-22 17:00:00,iOS,UK,free,31,1
523,2024-01-22 18:00:00,Android,DE,premium,25,1
524,2024-01-22 19:00:00,Android,UK,free,18,1
525,2024-01-22 20:00:00,Android,UK,free,25,1
526,2024-01-22 21:00:00,iOS,US,premium,28,1
527,2024-01-22 22:00:00,iOS,DE,free,18,1
528,2024-01-22 23:00:00,iOS,US,free,30,1
529,2024-01-23 00:00:00,iOS,UK,premium,41,1
530,2024-01-23 01:00:00,Android,US,free,37,1
531,2024-01-23 02:00:00,Android,UK,free,27,1
532,2024-01-23 03:00:00,Android,US,premium,32,1
533,2024-01-23 04:00:00,Android,DE,premium,26,1
534,2024-01-23 05:00:00,iOS,BR,free,33,1
536,2024-01-23 07:00:00,Android,US,free,41,1
537,2024-01-23 08:00:00,Android,US,free,37,1
538,2024-01-23 09:00:00,iOS,BR,free,27,1
539,2024-01-23 10:00:00,iOS,UK,free,39,1
540,2024-01-23 11:00:00,iOS,UK,free,18,1
541,2024-01-23 12:00:00,Android,US,free,29,1
542,2024-01-23 13:00:00,Android,DE,free,37,1
543,2024-01-23 14:00:00,iOS,BR,free,39,1
545,2024-01-23 16:00:00,Android,DE,premium,34,1
546,2024-01-23 17:00:00,iOS,US,free,30,1
547,2024-01-23 18:00:00,iOS,US,premium,37,1
548,2024-01-23 19:00:00,Android,US,premium,22,1
549,2024-01-23 20:00:00,iOS,US,free,23,1
550,2024-01-23 21:00:00,Android,US,free,32,1
551,2024-01-23 22:00:00,iOS,US,free,33,1
552,2024-01-23 23:00:00,Android,US,free,18,1
553,2024-01-24 00:00:00,iOS,IN,free,36,1
554,2024-01-24 01:00:00,iOS,DE,free,39,1
555,2024-01-24 02:00:00,Android,BR,free,31,1
556,2024-01-24 03:00:00,iOS,DE,free,55,1
557,2024-01-24 04:00:00,iOS,US,free,25,1
558,2024-01-24 05:00:00,iOS,DE,premium,28,1
559,2024-01-24 06:00:00,Android,US,free,28,1
560,2024-01-24 07:00:00,Android,DE,premium,31,1
561,2024-01-24 08:00:00,Android,US,free,28,1
562,2024-01-24 09:00:00,iOS,IN,premium,18,1
563,2024-01-24 10:00:00,iOS,US,free,26,1
564,2024-01-24 11:00:00,iOS,US,free,31,1
565,2024-01-24 12:00:00,iOS,IN,free,44,1
566,2024-01-24 13:00:00,iOS,US,free,54,1
567,2024-01-24 14:00:00,iOS,DE,premium,45,1
568,2024-01-24 15:00:00,iOS,DE,free,24,1
569,2024-01-24 16:00:00,Android,BR,premium,25,1
570,2024-01-24 17:00:00,iOS,IN,free,30,1
571,2024-01-24 18:00:00,iOS,IN,free,49,1
572,2024-01-24 19:00:00,Android,US,premium,30,1
573,2024-01-24 20:00:00,iOS,BR,free,18,1
574,2024-01-24 21:00:00,Android,DE,free,26,1
575,2024-01-24 22:00:00,Android,DE,premium,39,1
576,2024-01-24 23:00:00,Android,US,premium,38,1
577,2024-01-25 00:00:00,iOS,DE,premium,29,1
578,2024-01-25 01:00:00,Android,IN,premium,38,1
579,2024-01-25 02:00:00,iOS,IN,free,18,1
580,2024-01-25 03:00:00,iOS,UK,premium,33,1
581,2024-01-25 04:00:00,iOS,US,free,40,1
582,2024-01-25 05:00:00,Android,US,premium,23,1
583,2024-01-25 06:00:00,iOS,BR,free,23,1
584,2024-01-25 07:00:00,iOS,DE,free,18,1
585,2024-01-25 08:00:00,Android,UK,free,47,1
586,2024-01-25 09:00:00,iOS,US,free,24,1
587,2024-01-25 10:00:00,iOS,UK,free,34,1
588,2024-01-25 11:00:00,iOS,UK,premium,38,1
589,2024-01-25 12:00:00,iOS,IN,premium,47,1
590,2024-01-25 13:00:00,iOS,DE,free,30,1
591,2024-01-25 14:00:00,iOS,US,premium,26,1
592,2024-01-25 15:00:00,Android,UK,free,33,1
593,2024-01-25 16:00:00,iOS,US,free,44,1
594,2024-01-25 17:00:00,iOS,IN,free,30,1
595,2024-01-25 18:00:00,Android,US,premium,22,1
596,2024-01-25 19:00:00,iOS,UK,free,18,1
597,2024-01-25 20:00:00,Android,US,free,19,1
598,2024-01-25 21:00:00,iOS,DE,free,40,1
599,2024-01-25 22:00:00,iOS,DE,free,28,1
600,2024-01-25 23:00:00,iOS,DE,free,25,1
601,2024-01-26 00:00:00,iOS,US,free,24,1
602,2024-01-26 01:00:00,iOS,US,free,32,1
603,2024-01-26 02:00:00,iOS,US,free,29,1
604,2024-01-26 03:00:00,iOS,DE,premium,29,1
605,2024-01-26 04:00:00,iOS,US,free,45,1
606,2024-01-26 05:00:00,iOS,UK,free,47,1
607,2024-01-26 06:00:00,iOS,BR,free,18,1
608,2024-01-26 07:00:00,iOS,BR,premium,35,1
609,2024-01-26 08:00:00,iOS,UK,free,24,1
610,2024-01-26 09:00:00,Android,UK,premium,29,1
611,2024-01-26 10:00:00,iOS,US,free,35,1
613,2024-01-26 12:00:00,Android,BR,free,34,1
614,2024-01-26 13:00:00,iOS,US,free,38,1
615,2024-01-26 14:00:00,Android,UK,free,34,1
616,2024-01-26 15:00:00,Android,BR,free,25,1
617,2024-01-26 16:00:00,iOS,BR,premium,25,1
618,2024-01-26 17:00:00,iOS,US,premium,18,1
619,2024-01-26 18:00:00,Android,UK,free,23,1
620,2024-01-26 19:00:00,Android,US,free,51,1
621,2024-01-26 20:00:00,iOS,US,free,24,1
622,2024-01-26 21:00:00,iOS,IN,free,20,1
623,2024-01-26 22:00:00,iOS,BR,free,35,1
624,2024-01-26 23:00:00,iOS,BR,premium,30,1
625,2024-01-27 00:00:00,Android,US,premium,30,1
626,2024-01-27 01:00:00,iOS,BR,free,46,1
627,2024-01-27 02:00:00,iOS,UK,premium,37,1
628,2024-01-27 03:00:00,Android,US,free,26,1
629,2024-01-27 04:00:00,iOS,UK,free,27,1
630,2024-01-27 05:00:00,iOS,US,free,26,1
631,2024-01-27 06:00:00,Android,BR,free,40,1
632,2024-01-27 07:00:00,Android,UK,free,28,1
633,2024-01-27 08:00:00,iOS,US,free,18,1
634,2024-01-27 09:00:00,iOS,US,free,31,1
635,2024-01-27 10:00:00,iOS,US,free,18,1
636,2024-01-27 11:00:00,iOS,US,premium,53,1
637,2024-01-27 12:00:00,iOS,UK,free,22,1
638,2024-01-27 13:00:00,iOS,BR,premium,30,1
639,2024-01-27 14:00:00,iOS,US,premium,34,1
641,2024-01-27 16:00:00,iOS,UK,free,29,1
642,2024-01-27 17:00:00,iOS,BR,premium,36,1
643,2024-01-27 18:00:00,iOS,US,free,47,1
644,2024-01-27 19:00:00,iOS,US,premium,39,1
645,2024-01-27 20:00:00,iOS,UK,free,46,1
646,2024-01-27 21:00:00,Android,US,free,21,1
649,2024-01-28 00:00:00,Android,DE,premium,35,1
650,2024-01-28 01:00:00,iOS,UK,free,45,1
651,2024-01-28 02:00:00,iOS,DE,premium,29,1
652,2024-01-28 03:00:00,iOS,DE,premium,27,1
653,2024-01-28 04:00:00,iOS,US,premium,37,1
654,2024-01-28 05:00:00,Android,US,free,18,1
655,2024-01-28 06:00:00,iOS,US,free,29,1
656,2024-01-28 07:00:00,iOS,US,premium,30,1
657,2024-01-28 08:00:00,iOS,DE,free,22,1
658,2024-01-28 09:00:00,iOS,BR,free,42,1
659,2024-01-28 10:00:00,Android,IN,free,21,1
660,2024-01-28 11:00:00,iOS,DE,free,30,1
661,2024-01-28 12:00:00,iOS,US,free,34,1
662,2024-01-28 13:00:00,Android,US,free,45,1
663,2024-01-28 14:00:00,Android,BR,premium,31,1
664,2024-01-28 15:00:00,iOS,UK,free,41,1
665,2024-01-28 16:00:00,iOS,DE,free,39,1
666,2024-01-28 17:00:00,iOS,BR,free,33,1
667,2024-01-28 18:00:00,iOS,DE,free,21,1
669,2024-01-28 20:00:00,iOS,US,free,33,1
670,2024-01-28 21:00:00,iOS,DE,free,26,1
671,2024-01-28 22:00:00,iOS,BR,premium,41,1
672,2024-01-28 23:00:00,Android,US,free,39,1
673,2024-01-29 00:00:00,iOS,DE,free,30,1
674,2024-01-29 01:00:00,iOS,US,free,20,1
675,2024-01-29 02:00:00,iOS,IN,free,37,1
676,2024-01-29 03:00:00,Android,US,premium,21,1
677,2024-01-29 04:00:00,iOS,UK,premium,24,1
678,2024-01-29 05:00:00,iOS,US,free,22,1
679,2024-01-29 06:00:00,Android,DE,free,30,1
680,2024-01-29 07:00:00,Android,US,free,43,1
681,2024-01-29 08:00:00,Android,US,free,31,1
682,2024-01-29 09:00:00,iOS,UK,premium,27,1
683,2024-01-29 10:00:00,iOS,IN,free,18,1
684,2024-01-29 11:00:00,Android,US,free,37,1
685,2024-01-29 12:00:00,Android,US,free,24,1
686,2024-01-29 13:00:00,iOS,BR,free,33,1
687,2024-01-29 14:00:00,iOS,UK,free,28,1
688,2024-01-29 15:00:00,iOS,IN,free,40,1
689,2024-01-29 16:00:00,Android,US,premium,30,1
690,2024-01-29 17:00:00,iOS,DE,free,31,1
691,2024-01-29 18:00:00,iOS,US,free,36,1
692,2024-01-29 19:00:00,iOS,US,free,53,1
693,2024-01-29 20:00:00,iOS,DE,premium,40,1
694,2024-01-29 21:00:00,iOS,UK,free,31,1
695,2024-01-29 22:00:00,iOS,BR,premium,32,1
696,2024-01-29 23:00:00,Android,US,premium,26,1
697,2024-01-30 00:00:00,iOS,UK,premium,22,1
698,2024-01-30 01:00:00,iOS,UK,free,26,1
699,2024-01-30 02:00:00,iOS,IN,free,24,1
700,2024-01-30 03:00:00,iOS,US,free,38,1
701,2024-01-30 04:00:00,iOS,US,free,21,1
702,2024-01-30 05:00:00,iOS,US,free,45,1
703,2024-01-30 06:00:00,iOS,UK,free,39,1
704,2024-01-30 07:00:00,iOS,US,premium,32,1
705,2024-01-30 08:00:00,iOS,IN,free,32,1
706,2024-01-30 09:00:00,Android,US,free,26,1
707,2024-01-30 10:00:00,iOS,BR,free,34,1
708,2024-01-30 11:00:00,Android,US,free,42,1
710,2024-01-30 13:00:00,Android,IN,free,18,1
711,2024-01-30 14:00:00,Android,US,free,39,1
712,2024-01-30 15:00:00,iOS,IN,free,35,1
713,2024-01-30 16:00:00,iOS,UK,premium,20,1
715,2024-01-30 18:00:00,iOS,DE,premium,23,1
716,2024-01-30 19:00:00,Android,US,free,24,1
717,2024-01-30 20:00:00,Android,US,free,28,1
718,2024-01-30 21:00:00,Android,US,free,29,1
719,2024-01-30 22:00:00,iOS,US,free,25,1
720,2024-01-30 23:00:00,Android,US,free,24,1
721,2024-01-31 00:00:00,Android,US,free,29,1
722,2024-01-31 01:00:00,iOS,UK,free,33,1
723,2024-01-31 02:00:00,iOS,BR,free,28,1
724,2024-01-31 03:00:00,Android,US,premium,43,1
725,2024-01-31 04:00:00,iOS,US,free,37,1
726,2024-01-31 05:00:00,Android,DE,free,18,1
727,2024-01-31 06:00:00,iOS,US,free,37,1
728,2024-01-31 07:00:00,Android,US,free,38,1
729,2024-01-31 08:00:00,iOS,US,free,27,1
730,2024-01-31 09:00:00,iOS,IN,free,18,1
731,2024-01-31 10:00:00,iOS,BR,free,32,1
732,2024-01-31 11:00:00,Android,US,premium,31,1
733,2024-01-31 12:00:00,Android,DE,premium,20,1
734,2024-01-31 13:00:00,iOS,UK,free,18,1
735,2024-01-31 14:00:00,iOS,DE,free,31,1
736,2024-01-31 15:00:00,Android,DE,free,29,1
737,2024-01-31 16:00:00,iOS,DE,premium,27,1
738,2024-01-31 17:00:00,Android,US,free,31,1
739,2024-01-31 18:00:00,iOS,US,free,20,1
740,2024-01-31 19:00:00,iOS,UK,free,27,1
741,2024-01-31 20:00:00,iOS,BR,free,37,1
742,2024-01-31 21:00:00,iOS,UK,premium,28,1
743,2024-01-31 22:00:00,Android,BR,free,18,1
744,2024-01-31 23:00:00,iOS,IN,free,27,1
745,2024-02-01 00:00:00,iOS,US,free,21,2
746,2024-02-01 01:00:00,Android,DE,free,34,2
747,2024-02-01 02:00:00,iOS,DE,premium,35,2
748,2024-02-01 03:00:00,iOS,IN,premium,18,2
749,2024-02-01 04:00:00,Android,IN,free,39,2
750,2024-02-01 05:00:00,Android,DE,free,20,2
751,2024-02-01 06:00:00,iOS,US,free,47,2
752,2024-02-01 07:00:00,Android,BR,free,31,2
753,2024-02-01 08:00:00,Android,US,free,19,2
754,2024-02-01 09:00:00,iOS,BR,free,20,2
755,2024-02-01 10:00:00,iOS,IN,free,35,2
756,2024-02-01 11:00:00,Android,US,free,28,2
757,2024-02-01 12:00:00,Android,DE,free,31,2
758,2024-02-01 13:00:00,iOS,UK,premium,48,2
759,2024-02-01 14:00:00,Android,UK,free,25,2
760,2024-02-01 15:00:00,Android,US,free,32,2
761,2024-02-01 16:00:00,iOS,BR,free,46,2
762,2024-02-01 17:00:00,iOS,IN,free,34,2
763,2024-02-01 18:00:00,iOS,IN,free,18,2
764,2024-02-01 19:00:00,Android,US,free,37,2
765,2024-02-01 20:00:00,iOS,BR,premium,20,2
766,2024-02-01 21:00:00,iOS,DE,free,46,2
767,2024-02-01 22:00:00,Android,US,free,23,2
768,2024-02-01 23:00:00,Android,US,free,61,2
769,2024-02-02 00:00:00,iOS,US,free,46,2
770,2024-02-02 01:00:00,Android,IN,free,24,2
771,2024-02-02 02:00:00,iOS,DE,free,32,2
772,2024-02-02 03:00:00,Android,DE,free,39,2
773,2024-02-02 04:00:00,iOS,US,free,39,2
774,2024-02-02 05:00:00,iOS,DE,free,36,2
775,2024-02-02 06:00:00,Android,US,free,44,2
776,2024-02-02 07:00:00,iOS,US,free,30,2
777,2024-02-02 08:00:00,iOS,DE,free,28,2
778,2024-02-02 09:00:00,Android,US,free,28,2
779,2024-02-02 10:00:00,Android,BR,premium,40,2
780,2024-02-02 11:00:00,Android,US,free,35,2
781,2024-02-02 12:00:00,Android,DE,premium,34,2
782,2024-02-02 13:00:00,iOS,UK,free,39,2
783,2024-02-02 14:00:00,iOS,UK,premium,18,2
784,2024-02-02 15:00:00,iOS,US,free,35,2
785,2024-02-02 16:00:00,iOS,US,free,34,2
786,2024-02-02 17:00:00,Android,IN,free,48,2
787,2024-02-02 18:00:00,iOS,US,free,18,2
788,2024-02-02 19:00:00,iOS,BR,free,47,2
789,2024-02-02 20:00:00,iOS,IN,free,32,2
790,2024-02-02 21:00:00,Android,US,free,36,2
791,2024-02-02 22:00:00,iOS,US,premium,48,2
792,2024-02-02 23:00:00,iOS,DE,free,37,2
793,2024-02-03 00:00:00,iOS,IN,premium,36,2
794,2024-02-03 01:00:00,Android,IN,free,34,2
795,2024-02-03 02:00:00,iOS,UK,free,27,2
796,2024-02-03 03:00:00,Android,BR,free,31,2
797,2024-02-03 04:00:00,Android,US,free,24,2
798,2024-02-03 05:00:00,iOS,IN,free,31,2
799,2024-02-03 06:00:00,Android,IN,premium,18,2
800,2024-02-03 07:00:00,Android,US,free,36,2
801,2024-02-03 08:00:00,Android,US,free,30,2
802,2024-02-03 09:00:00,iOS,US,premium,28,2
803,2024-02-03 10:00:00,iOS,US,free,34,2
804,2024-02-03 11:00:00,Android,BR,premium,18,2
805,2024-02-03 12:00:00,iOS,US,premium,51,2
806,2024-02-03 13:00:00,Android,US,free,30,2
807,2024-02-03 14:00:00,Android,US,free,30,2
808,2024-02-03 15:00:00,Android,IN,free,22,2
809,2024-02-03 16:00:00,iOS,DE,premium,32,2
810,2024-02-03 17:00:00,iOS,UK,free,45,2
811,2024-02-03 18:00:00,Android,US,free,42,2
812,2024-02-03 19:00:00,Android,IN,premium,40,2
813,2024-02-03 20:00:00,iOS,BR,free,37,2
814,2024-02-03 21:00:00,Android,US,premium,28,2
815,2024-02-03 22:00:00,Android,US,free,18,2
816,2024-02-03 23:00:00,iOS,US,free,29,2
817,2024-02-04 00:00:00,iOS,US,premium,29,2
818,2024-02-04 01:00:00,iOS,UK,free,42,2
819,2024-02-04 02:00:00,iOS,IN,free,35,2
820,2024-02-04 03:00:00,iOS,UK,free,48,2
821,2024-02-04 04:00:00,Android,BR,free,43,2
822,2024-02-04 05:00:00,iOS,UK,free,27,2
823,2024-02-04 06:00:00,iOS,DE,premium,18,2
824,2024-02-04 07:00:00,iOS,DE,free,45,2
825,2024-02-04 08:00:00,iOS,US,free,45,2
826,2024-02-04 09:00:00,Android,US,free,18,2
827,2024-02-04 10:00:00,iOS,DE,free,47,2
828,2024-02-04 11:00:00,iOS,US,premium,35,2
830,2024-02-04 13:00:00,iOS,UK,free,48,2
831,2024-02-04 14:00:00,iOS,IN,free,45,2
832,2024-02-04 15:00:00,iOS,UK,free,38,2
833,2024-02-04 16:00:00,iOS,BR,free,36,2
834,2024-02-04 17:00:00,iOS,UK,free,38,2
835,2024-02-04 18:00:00,iOS,BR,free,27,2
836,2024-02-04 19:00:00,iOS,UK,premium,31,2
837,2024-02-04 20:00:00,Android,BR,free,22,2
838,2024-02-04 21:00:00,iOS,UK,premium,28,2
839,2024-02-04 22:00:00,iOS,DE,free,28,2
840,2024-02-04 23:00:00,Android,DE,free,25,2
841,2024-02-05 00:00:00,iOS,UK,premium,33,2
842,2024-02-05 01:00:00,Android,US,free,28,2
843,2024-02-05 02:00:00,iOS,US,premium,37,2
844,2024-02-05 03:00:00,Android,US,free,18,2
845,2024-02-05 04:00:00,iOS,BR,free,30,2
846,2024-02-05 05:00:00,iOS,US,premium,33,2
847,2024-02-05 06:00:00,iOS,US,free,28,2
848,2024-02-05 07:00:00,Android,DE,premium,30,2
850,2024-02-05 09:00:00,iOS,UK,free,35,2
851,2024-02-05 10:00:00,iOS,US,free,38,2
852,2024-02-05 11:00:00,Android,IN,free,36,2
853,2024-02-05 12:00:00,iOS,BR,free,42,2
854,2024-02-05 13:00:00,Android,BR,premium,34,2
855,2024-02-05 14:00:00,iOS,UK,free,36,2
856,2024-02-05 15:00:00,iOS,BR,free,33,2
857,2024-02-05 16:00:00,iOS,US,free,38,2
858,2024-02-05 17:00:00,iOS,US,free,18,2
859,2024-02-05 18:00:00,iOS,US,premium,23,2
860,2024-02-05 19:00:00,iOS,UK,free,47,2
861,2024-02-05 20:00:00,Android,UK,premium,18,2
862,2024-02-05 21:00:00,iOS,UK,free,30,2
863,2024-02-05 22:00:00,iOS,US,free,43,2
864,2024-02-05 23:00:00,iOS,UK,free,31,2
865,2024-02-06 00:00:00,iOS,DE,free,27,2
866,2024-02-06 01:00:00,iOS,UK,premium,33,2
867,2024-02-06 02:00:00,iOS,DE,free,28,2
868,2024-02-06 03:00:00,iOS,US,premium,32,2
869,2024-02-06 04:00:00,Android,BR,free,25,2
870,2024-02-06 05:00:00,Android,UK,free,43,2
871,2024-02-06 06:00:00,iOS,US,free,46,2
872,2024-02-06 07:00:00,iOS,US,free,30,2
873,2024-02-06 08:00:00,Android,DE,free,18,2
874,2024-02-06 09:00:00,iOS,BR,free,26,2
875,2024-02-06 10:00:00,iOS,UK,premium,30,2
876,2024-02-06 11:00:00,iOS,US,free,37,2
877,2024-02-06 12:00:00,Android,BR,free,21,2
878,2024-02-06 13:00:00,Android,DE,free,24,2
879,2024-02-06 14:00:00,iOS,UK,free,37,2
880,2024-02-06 15:00:00,iOS,UK,premium,41,2
881,2024-02-06 16:00:00,iOS,US,free,25,2
882,2024-02-06 17:00:00,Android,DE,free,18,2
883,2024-02-06 18:00:00,iOS,US,free,64,2
884,2024-02-06 19:00:00,iOS,IN,free,39,2
885,2024-02-06 20:00:00,Android,UK,free,29,2
886,2024-02-06 21:00:00,iOS,UK,free,40,2
887,2024-02-06 22:00:00,Android,UK,free,30,2
888,2024-02-06 23:00:00,iOS,IN,free,40,2
889,2024-02-07 00:00:00,iOS,BR,premium,33,2
890,2024-02-07 01:00:00,iOS,UK,free,32,2
891,2024-02-07 02:00:00,Android,DE,premium,30,2
892,2024-02-07 03:00:00,Android,UK,free,18,2
893,2024-02-07 04:00:00,Android,UK,premium,51,2
894,2024-02-07 05:00:00,iOS,US,free,22,2
895,2024-02-07 06:00:00,Android,UK,free,18,2
896,2024-02-07 07:00:00,iOS,US,free,29,2
897,2024-02-07 08:00:00,iOS,IN,free,22,2
898,2024-02-07 09:00:00,Android,US,free,31,2
899,2024-02-07 10:00:00,iOS,IN,free,38,2
900,2024-02-07 11:00:00,iOS,UK,free,41,2
901,2024-02-07 12:00:00,iOS,DE,free,40,2
902,2024-02-07 13:00:00,iOS,UK,free,28,2
903,2024-02-07 14:00:00,iOS,US,premium,32,2
904,2024-02-07 15:00:00,iOS,US,free,36,2
905,2024-02-07 16:00:00,iOS,US,free,18,2
906,2024-02-07 17:00:00,Android,DE,free,37,2
907,2024-02-07 18:00:00,Android,UK,free,18,2
908,2024-02-07 19:00:00,iOS,BR,free,52,2
909,2024-02-07 20:00:00,iOS,US,premium,27,2
910,2024-02-07 21:00:00,iOS,US,free,30,2
911,2024-02-07 22:00:00,iOS,UK,free,24,2
912,2024-02-07 23:00:00,iOS,IN,free,25,2
913,2024-02-08 00:00:00,Android,DE,free,54,2
914,2024-02-08 01:00:00,iOS,UK,premium,41,2
917,2024-02-08 04:00:00,iOS,IN,free,43,2
918,2024-02-08 05:00:00,Android,DE,free,29,2
919,2024-02-08 06:00:00,Android,US,free,35,2
920,2024-02-08 07:00:00,iOS,UK,free,31,2
921,2024-02-08 08:00:00,Android,US,free,51,2
922,2024-02-08 09:00:00,iOS,IN,free,24,2
923,2024-02-08 10:00:00,Android,US,free,33,2
924,2024-02-08 11:00:00,Android,DE,free,27,2
925,2024-02-08 12:00:00,iOS,US,premium,18,2
926,2024-02-08 13:00:00,iOS,DE,free,53,2
927,2024-02-08 14:00:00,iOS,BR,premium,20,2
928,2024-02-08 15:00:00,iOS,DE,free,34,2
929,2024-02-08 16:00:00,Android,DE,free,18,2
930,2024-02-08 17:00:00,iOS,BR,premium,28,2
931,2024-02-08 18:00:00,iOS,US,premium,36,2
932,2024-02-08 19:00:00,Android,US,free,23,2
933,2024-02-08 20:00:00,Android,US,free,37,2
934,2024-02-08 21:00:00,iOS,IN,premium,29,2
935,2024-02-08 22:00:00,iOS,US,free,43,2
936,2024-02-08 23:00:00,iOS,DE,free,45,2
937,2024-02-09 00:00:00,iOS,DE,premium,26,2
938,2024-02-09 01:00:00,Android,US,free,32,2
940,2024-02-09 03:00:00,iOS,US,free,38,2
941,2024-02-09 04:00:00,iOS,UK,free,32,2
942,2024-02-09 05:00:00,iOS,US,free,33,2
943,2024-02-09 06:00:00,Android,US,free,29,2
944,2024-02-09 07:00:00,Android,BR,free,33,2
945,2024-02-09 08:00:00,iOS,IN,free,44,2
946,2024-02-09 09:00:00,iOS,US,free,38,2
947,2024-02-09 10:00:00,iOS,US,free,39,2
948,2024-02-09 11:00:00,Android,US,premium,39,2
949,2024-02-09 12:00:00,Android,DE,free,30,2
950,2024-02-09 13:00:00,iOS,BR,premium,35,2
951,2024-02-09 14:00:00,Android,US,free,21,2
952,2024-02-09 15:00:00,Android,US,premium,44,2
953,2024-02-09 16:00:00,iOS,BR,free,18,2
954,2024-02-09 17:00:00,Android,DE,free,31,2
955,2024-02-09 18:00:00,iOS,US,premium,43,2
956,2024-02-09 19:00:00,iOS,DE,premium,18,2
957,2024-02-09 20:00:00,iOS,US,free,35,2
958,2024-02-09 21:00:00,iOS,US,free,25,2
959,2024-02-09 22:00:00,iOS,BR,free,28,2
961,2024-02-10 00:00:00,iOS,UK,free,33,2
962,2024-02-10 01:00:00,Android,IN,free,18,2
963,2024-02-10 02:00:00,iOS,UK,free,22,2
964,2024-02-10 03:00:00,iOS,BR,free,41,2
965,2024-02-10 04:00:00,iOS,UK,premium,36,2
966,2024-02-10 05:00:00,iOS,BR,free,49,2
968,2024-02-10 07:00:00,iOS,US,free,28,2
969,2024-02-10 08:00:00,iOS,IN,free,57,2
970,2024-02-10 09:00:00,iOS,BR,free,32,2
971,2024-02-10 10:00:00,Android,BR,free,22,2
972,2024-02-10 11:00:00,Android,US,premium,25,2
973,2024-02-10 12:00:00,Android,BR,free,18,2
974,2024-02-10 13:00:00,iOS,BR,free,48,2
975,2024-02-10 14:00:00,iOS,US,free,47,2
976,2024-02-10 15:00:00,iOS,IN,free,21,2
977,2024-02-10 16:00:00,iOS,US,premium,29,2
979,2024-02-10 18:00:00,iOS,UK,free,22,2
980,2024-02-10 19:00:00,iOS,UK,free,18,2
981,2024-02-10 20:00:00,iOS,DE,free,29,2
982,2024-02-10 21:00:00,Android,US,free,28,2
983,2024-02-10 22:00:00,iOS,IN,premium,28,2
984,2024-02-10 23:00:00,iOS,US,free,34,2
985,2024-02-11 00:00:00,Android,US,free,46,2
986,2024-02-11 01:00:00,iOS,US,free,28,2
987,2024-02-11 02:00:00,Android,UK,free,33,2
988,2024-02-11 03:00:00,iOS,IN,free,39,2
989,2024-02-11 04:00:00,iOS,DE,premium,37,2
990,2024-02-11 05:00:00,Android,BR,free,25,2
991,2024-02-11 06:00:00,Android,US,free,32,2
992,2024-02-11 07:00:00,Android,UK,free,37,2
993,2024-02-11 08:00:00,iOS,UK,premium,20,2
994,2024-02-11 09:00:00,iOS,UK,free,44,2
995,2024-02-11 10:00:00,iOS,US,premium,46,2
996,2024-02-11 11:00:00,iOS,DE,free,24,2
997,2024-02-11 12:00:00,Android,UK,premium,33,2
998,2024-02-11 13:00:00,iOS,BR,free,38,2
999,2024-02-11 14:00:00,Android,UK,free,26,2
1000,2024-02-11 15:00:00,iOS,US,free,36,2
1001,2024-02-11 16:00:00,iOS,DE,free,33,2
1002,2024-02-11 17:00:00,iOS,US,free,18,2
1003,2024-02-11 18:00:00,Android,BR,free,36,2
1004,2024-02-11 19:00:00,Android,DE,free,20,2
1005,2024-02-11 20:00:00,Android,US,free,41,2
1006,2024-02-11 21:00:00,Android,IN,premium,25,2
1007,2024-02-11 22:00:00,Android,UK,free,30,2
1008,2024-02-11 23:00:00,Android,US,premium,45,2
1009,2024-02-12 00:00:00,iOS,DE,free,36,2
1010,2024-02-12 01:00:00,iOS,US,free,21,2
1011,2024-02-12 02:00:00,iOS,BR,free,21,2
1012,2024-02-12 03:00:00,Android,BR,free,26,2
1013,2024-02-12 04:00:00,Android,IN,premium,35,2
1014,2024-02-12 05:00:00,iOS,UK,free,35,2
1015,2024-02-12 06:00:00,Android,UK,premium,23,2
1016,2024-02-12 07:00:00,Android,BR,premium,20,2
1017,2024-02-12 08:00:00,iOS,US,free,34,2
1018,2024-02-12 09:00:00,iOS,UK,premium,30,2
1019,2024-02-12 10:00:00,Android,UK,free,53,2
1020,2024-02-12 11:00:00,iOS,US,premium,32,2
1021,2024-02-12 12:00:00,Android,UK,free,50,2
1022,2024-02-12 13:00:00,iOS,BR,free,20,2
1023,2024-02-12 14:00:00,Android,BR,premium,18,2
1024,2024-02-12 15:00:00,Android,US,free,20,2
1025,2024-02-12 16:00:00,Android,US,free,43,2
1026,2024-02-12 17:00:00,iOS,US,free,49,2
1027,2024-02-12 18:00:00,Android,BR,free,24,2
1029,2024-02-12 20:00:00,iOS,DE,premium,20,2
1030,2024-02-12 21:00:00,Android,US,free,18,2
1031,2024-02-12 22:00:00,iOS,DE,free,39,2
1033,2024-02-13 00:00:00,iOS,BR,free,32,2
1034,2024-02-13 01:00:00,iOS,US,free,18,2
1035,2024-02-13 02:00:00,iOS,DE,premium,48,2
1036,2024-02-13 03:00:00,Android,US,premium,26,2
1037,2024-02-13 04:00:00,iOS,DE,free,37,2
1038,2024-02-13 05:00:00,Android,BR,free,18,2
1039,2024-02-13 06:00:00,iOS,US,premium,30,2
1040,2024-02-13 07:00:00,iOS,BR,premium,34,2
1041,2024-02-13 08:00:00,iOS,UK,free,35,2
1042,2024-02-13 09:00:00,Android,US,free,33,2
1043,2024-02-13 10:00:00,iOS,UK,premium,36,2
1044,2024-02-13 11:00:00,Android,US,free,20,2
1045,2024-02-13 12:00:00,Android,DE,free,33,2
1046,2024-02-13 13:00:00,Android,BR,free,33,2
1047,2024-02-13 14:00:00,iOS,US,free,34,2
1048,2024-02-13 15:00:00,iOS,UK,free,32,2
1049,2024-02-13 16:00:00,Android,BR,free,19,2
1050,2024-02-13 17:00:00,iOS,IN,free,18,2
1051,2024-02-13 18:00:00,Android,UK,free,18,2
1052,2024-02-13 19:00:00,iOS,IN,free,40,2
1053,2024-02-13 20:00:00,Android,UK,free,40,2
1054,2024-02-13 21:00:00,Android,US,premium,40,2
1055,2024-02-13 22:00:00,Android,BR,premium,35,2
1056,2024-02-13 23:00:00,iOS,UK,free,18,2
1057,2024-02-14 00:00:00,Android,UK,free,21,2
1058,2024-02-14 01:00:00,iOS,UK,premium,33,2
1059,2024-02-14 02:00:00,iOS,BR,free,33,2
1060,2024-02-14 03:00:00,Android,BR,free,29,2
1061,2024-02-14 04:00:00,Android,UK,premium,35,2
1062,2024-02-14 05:00:00,Android,US,free,32,2
1063,2024-02-14 06:00:00,Android,UK,premium,33,2
1064,2024-02-14 07:00:00,iOS,UK,premium,25,2
1065,2024-02-14 08:00:00,iOS,US,free,41,2
1066,2024-02-14 09:00:00,Android,BR,free,27,2
1067,2024-02-14 10:00:00,iOS,UK,free,18,2
1068,2024-02-14 11:00:00,iOS,US,free,24,2
1069,2024-02-14 12:00:00,iOS,US,free,28,2
1070,2024-02-14 13:00:00,iOS,US,free,41,2
1071,2024-02-14 14:00:00,iOS,IN,free,31,2
1072,2024-02-14 15:00:00,iOS,US,premium,30,2
1073,2024-02-14 16:00:00,iOS,US,free,19,2
1074,2024-02-14 17:00:00,iOS,UK,free,39,2
1075,2024-02-14 18:00:00,Android,US,free,25,2
1076,2024-02-14 19:00:00,iOS,US,free,30,2
1077,2024-02-14 20:00:00,iOS,US,free,46,2
1079,2024-02-14 22:00:00,iOS,UK,free,18,2
1080,2024-02-14 23:00:00,Android,US,premium,18,2
1081,2024-02-15 00:00:00,Android,UK,premium,31,2
1082,2024-02-15 01:00:00,iOS,IN,free,19,2
1083,2024-02-15 02:00:00,iOS,US,free,38,2
1084,2024-02-15 03:00:00,Android,US,free,32,2
1085,2024-02-15 04:00:00,Android,US,free,33,2
1086,2024-02-15 05:00:00,iOS,UK,free,24,2
1087,2024-02-15 06:00:00,Android,BR,premium,49,2
1088,2024-02-15 07:00:00,iOS,US,free,60,2
1089,2024-02-15 08:00:00,Android,DE,free,29,2
1091,2024-02-15 10:00:00,Android,UK,premium,32,2
1092,2024-02-15 11:00:00,Android,BR,premium,29,2
1093,2024-02-15 12:00:00,Android,US,free,23,2
1094,2024-02-15 13:00:00,iOS,UK,free,21,2
1095,2024-02-15 14:00:00,iOS,US,free,20,2
1096,2024-02-15 15:00:00,iOS,DE,free,36,2
1097,2024-02-15 16:00:00,iOS,US,free,26,2
1098,2024-02-15 17:00:00,iOS,BR,premium,18,2
1099,2024-02-15 18:00:00,Android,US,free,36,2
1100,2024-02-15 19:00:00,iOS,BR,premium,31,2
1101,2024-02-15 20:00:00,iOS,US,free,45,2
1102,2024-02-15 21:00:00,Android,DE,premium,35,2
1103,2024-02-15 22:00:00,Android,US,premium,18,2
1104,2024-02-15 23:00:00,Android,IN,free,18,2
1105,2024-02-16 00:00:00,Android,US,free,24,2
1106,2024-02-16 01:00:00,iOS,US,free,25,2
1107,2024-02-16 02:00:00,iOS,UK,premium,41,2
1108,2024-02-16 03:00:00,Android,US,free,31,2
1109,2024-02-16 04:00:00,Android,US,free,43,2
1110,2024-02-16 05:00:00,iOS,IN,free,18,2
1111,2024-02-16 06:00:00,Android,IN,free,41,2
1112,2024-02-16 07:00:00,iOS,US,free,39,2
1113,2024-02-16 08:00:00,iOS,IN,free,18,2
1114,2024-02-16 09:00:00,iOS,UK,free,45,2
1115,2024-02-16 10:00:00,iOS,US,free,32,2
1116,2024-02-16 11:00:00,iOS,DE,premium,35,2
1117,2024-02-16 12:00:00,iOS,DE,premium,23,2
1118,2024-02-16 13:00:00,Android,IN,free,44,2
1119,2024-02-16 14:00:00,iOS,US,premium,20,2
1120,2024-02-16 15:00:00,iOS,DE,free,40,2
1121,2024-02-16 16:00:00,Android,US,free,40,2
1122,2024-02-16 17:00:00,Android,US,free,22,2
1123,2024-02-16 18:00:00,Android,US,free,51,2
1124,2024-02-16 19:00:00,Android,IN,free,34,2
1125,2024-02-16 20:00:00,Android,BR,free,38,2
1126,2024-02-16 21:00:00,iOS,BR,free,18,2
1127,2024-02-16 22:00:00,iOS,UK,premium,53,2
1128,2024-02-16 23:00:00,iOS,US,free,19,2
1129,2024-02-17 00:00:00,iOS,US,free,42,2
1130,2024-02-17 01:00:00,iOS,US,premium,22,2
1132,2024-02-17 03:00:00,iOS,BR,free,39,2
1133,2024-02-17 04:00:00,iOS,UK,free,42,2
1134,2024-02-17 05:00:00,iOS,US,free,19,2
1135,2024-02-17 06:00:00,Android,US,free,42,2
1136,2024-02-17 07:00:00,iOS,US,free,42,2
1137,2024-02-17 08:00:00,Android,UK,free,22,2
1138,2024-02-17 09:00:00,iOS,IN,premium,47,2
1139,2024-02-17 10:00:00,iOS,DE,free,18,2
1140,2024-02-17 11:00:00,iOS,BR,premium,25,2
1141,2024-02-17 12:00:00,Android,UK,premium,36,2
1142,2024-02-17 13:00:00,iOS,US,premium,23,2
1143,2024-02-17 14:00:00,Android,US,free,34,2
1144,2024-02-17 15:00:00,iOS,BR,premium,34,2
1145,2024-02-17 16:00:00,iOS,BR,free,30,2
1146,2024-02-17 17:00:00,Android,US,free,40,2
1147,2024-02-17 18:00:00,Android,UK,free,29,2
1148,2024-02-17 19:00:00,Android,UK,free,34,2
1149,2024-02-17 20:00:00,Android,DE,premium,43,2
1150,2024-02-17 21:00:00,Android,IN,premium,39,2
1151,2024-02-17 22:00:00,Android,UK,free,39,2
1152,2024-02-17 23:00:00,Android,UK,free,20,2
1153,2024-02-18 00:00:00,Android,US,free,37,2
1154,2024-02-18 01:00:00,Android,US,free,23,2
1155,2024-02-18 02:00:00,Android,US,premium,19,2
1156,2024-02-18 03:00:00,Android,US,free,31,2
1157,2024-02-18 04:00:00,iOS,DE,premium,22,2
1158,2024-02-18 05:00:00,Android,DE,free,39,2
1159,2024-02-18 06:00:00,Android,US,free,40,2
1160,2024-02-18 07:00:00,iOS,BR,free,18,2
1161,2024-02-18 08:00:00,Android,US,free,23,2
1162,2024-02-18 09:00:00,iOS,US,free,18,2
1163,2024-02-18 10:00:00,iOS,US,premium,27,2
1164,2024-02-18 11:00:00,Android,US,premium,36,2
1165,2024-02-18 12:00:00,iOS,US,free,29,2
1166,2024-02-18 13:00:00,Android,UK,free,26,2
1167,2024-02-18 14:00:00,Android,UK,free,45,2
1168,2024-02-18 15:00:00,iOS,IN,free,18,2
1169,2024-02-18 16:00:00,iOS,US,free,44,2
1170,2024-02-18 17:00:00,iOS,US,free,26,2
1171,2024-02-18 18:00:00,Android,US,premium,31,2
1172,2024-02-18 19:00:00,Android,DE,free,26,2
1173,2024-02-18 20:00:00,Android,US,premium,47,2
1174,2024-02-18 21:00:00,iOS,BR,free,19,2
1176,2024-02-18 23:00:00,iOS,UK,free,37,2
1177,2024-02-19 00:00:00,Android,UK,free,18,2
1178,2024-02-19 01:00:00,iOS,US,premium,22,2
1179,2024-02-19 02:00:00,Android,US,free,30,2
1180,2024-02-19 03:00:00,iOS,US,free,23,2
1182,2024-02-19 05:00:00,iOS,US,premium,28,2
1183,2024-02-19 06:00:00,Android,US,premium,38,2
1184,2024-02-19 07:00:00,Android,IN,free,28,2
1185,2024-02-19 08:00:00,iOS,US,free,42,2
1186,2024-02-19 09:00:00,Android,BR,premium,22,2
1187,2024-02-19 10:00:00,Android,BR,free,19,2
1188,2024-02-19 11:00:00,iOS,US,free,51,2
1189,2024-02-19 12:00:00,iOS,US,free,25,2
1190,2024-02-19 13:00:00,Android,US,free,18,2
1191,2024-02-19 14:00:00,iOS,DE,free,18,2
1192,2024-02-19 15:00:00,iOS,DE,free,42,2
1193,2024-02-19 16:00:00,iOS,BR,free,28,2
1194,2024-02-19 17:00:00,Android,IN,free,29,2
1195,2024-02-19 18:00:00,iOS,DE,free,30,2
1196,2024-02-19 19:00:00,Android,US,free,42,2
1197,2024-02-19 20:00:00,Android,US,premium,30,2
1198,2024-02-19 21:00:00,Android,BR,free,55,2
1199,2024-02-19 22:00:00,Android,US,free,33,2
1200,2024-02-19 23:00:00,iOS,US,premium,42,2
1201,2024-02-20 00:00:00,Android,DE,free,40,2
1202,2024-02-20 01:00:00,iOS,UK,free,31,2
1203,2024-02-20 02:00:00,iOS,IN,free,26,2
1204,2024-02-20 03:00:00,iOS,DE,premium,35,2
1205,2024-02-20 04:00:00,iOS,US,premium,37,2
1206,2024-02-20 05:00:00,Android,IN,premium,26,2
1207,2024-02-20 06:00:00,Android,US,premium,33,2
1208,2024-02-20 07:00:00,iOS,US,free,44,2
1209,2024-02-20 08:00:00,iOS,UK,free,52,2
1210,2024-02-20 09:00:00,Android,US,free,40,2
1211,2024-02-20 10:00:00,iOS,UK,free,50,2
1212,2024-02-20 11:00:00,iOS,US,free,25,2
1213,2024-02-20 12:00:00,iOS,UK,free,39,2
1214,2024-02-20 13:00:00,Android,US,free,45,2
1215,2024-02-20 14:00:00,Android,BR,premium,23,2
1216,2024-02-20 15:00:00,iOS,BR,free,27,2
1217,2024-02-20 16:00:00,iOS,US,free,49,2
1219,2024-02-20 18:00:00,Android,US,free,18,2
1220,2024-02-20 19:00:00,iOS,US,free,47,2
1221,2024-02-20 20:00:00,Android,BR,free,43,2
1222,2024-02-20 21:00:00,iOS,DE,free,36,2
1223,2024-02-20 22:00:00,iOS,US,premium,31,2
1224,2024-02-20 23:00:00,Android,US,premium,27,2
1225,2024-02-21 00:00:00,iOS,US,free,34,2
1226,2024-02-21 01:00:00,Android,DE,free,47,2
1227,2024-02-21 02:00:00,iOS,US,free,34,2
1228,2024-02-21 03:00:00,iOS,IN,premium,53,2
1229,2024-02-21 04:00:00,Android,BR,free,23,2
1230,2024-02-21 05:00:00,iOS,US,free,31,2
1231,2024-02-21 06:00:00,Android,UK,premium,28,2
1232,2024-02-21 07:00:00,iOS,IN,free,21,2
1233,2024-02-21 08:00:00,iOS,UK,free,30,2
1234,2024-02-21 09:00:00,iOS,US,free,36,2
1235,2024-02-21 10:00:00,Android,US,free,37,2
1236,2024-02-21 11:00:00,iOS,BR,free,53,2
1237,2024-02-21 12:00:00,Android,DE,free,36,2
1238,2024-02-21 13:00:00,iOS,DE,premium,43,2
1239,2024-02-21 14:00:00,Android,BR,free,32,2
1240,2024-02-21 15:00:00,iOS,BR,free,48,2
1241,2024-02-21 16:00:00,Android,IN,free,55,2
1242,2024-02-21 17:00:00,Android,US,premium,37,2
1243,2024-02-21 18:00:00,Android,UK,free,22,2
1244,2024-02-21 19:00:00,Android,DE,free,26,2
1245,2024-02-21 20:00:00,Android,BR,free,34,2
1246,2024-02-21 21:00:00,Android,DE,premium,36,2
1247,2024-02-21 22:00:00,iOS,US,free,38,2
1248,2024-02-21 23:00:00,iOS,BR,free,36,2
1249,2024-02-22 00:00:00,Android,DE,free,32,2
1250,2024-02-22 01:00:00,Android,US,premium,25,2
1251,2024-02-22 02:00:00,Android,UK,free,36,2
1252,2024-02-22 03:00:00,iOS,US,free,50,2
1253,2024-02-22 04:00:00,iOS,US,premium,42,2
1254,2024-02-22 05:00:00,iOS,US,premium,37,2
1255,2024-02-22 06:00:00,Android,UK,free,42,2
1256,2024-02-22 07:00:00,iOS,UK,premium,28,2
1257,2024-02-22 08:00:00,iOS,DE,free,26,2
1258,2024-02-22 09:00:00,iOS,DE,free,24,2
1259,2024-02-22 10:00:00,iOS,BR,premium,30,2
1260,2024-02-22 11:00:00,iOS,US,free,27,2
1261,2024-02-22 12:00:00,iOS,US,free,44,2
1262,2024-02-22 13:00:00,Android,BR,free,27,2
1263,2024-02-22 14:00:00,iOS,US,free,23,2
1264,2024-02-22 15:00:00,iOS,IN,free,51,2
1265,2024-02-22 16:00:00,iOS,BR,free,27,2
1266,2024-02-22 17:00:00,iOS,UK,premium,33,2
1267,2024-02-22 18:00:00,iOS,IN,free,36,2
1268,2024-02-22 19:00:00,iOS,US,free,20,2
1269,2024-02-22 20:00:00,Android,US,premium,44,2
1270,2024-02-22 21:00:00,iOS,DE,free,38,2
1271,2024-02-22 22:00:00,Android,US,free,47,2
1272,2024-02-22 23:00:00,Android,IN,free,25,2
1274,2024-02-23 01:00:00,iOS,UK,free,32,2
1275,2024-02-23 02:00:00,iOS,UK,free,34,2
1276,2024-02-23 03:00:00,iOS,DE,free,18,2
1277,2024-02-23 04:00:00,iOS,US,free,33,2
1278,2024-02-23 05:00:00,Android,US,free,18,2
1279,2024-02-23 06:00:00,iOS,BR,premium,35,2
1280,2024-02-23 07:00:00,iOS,US,premium,18,2
1281,2024-02-23 08:00:00,Android,BR,free,18,2
1282,2024-02-23 09:00:00,Android,UK,free,40,2
1283,2024-02-23 10:00:00,iOS,BR,premium,26,2
1284,2024-02-23 11:00:00,iOS,DE,free,22,2
1285,2024-02-23 12:00:00,iOS,US,premium,44,2
1286,2024-02-23 13:00:00,iOS,UK,free,35,2
1287,2024-02-23 14:00:00,iOS,BR,premium,40,2
1288,2024-02-23 15:00:00,iOS,UK,free,30,2
1289,2024-02-23 16:00:00,iOS,IN,free,58,2
1291,2024-02-23 18:00:00,iOS,US,free,49,2
1292,2024-02-23 19:00:00,iOS,US,free,31,2
1293,2024-02-23 20:00:00,iOS,IN,free,18,2
1294,2024-02-23 21:00:00,Android,US,free,36,2
1295,2024-02-23 22:00:00,Android,BR,free,35,2
1296,2024-02-23 23:00:00,iOS,BR,free,21,2
1297,2024-02-24 00:00:00,iOS,US,free,22,2
1298,2024-02-24 01:00:00,iOS,US,free,31,2
1299,2024-02-24 02:00:00,Android,DE,free,35,2
1300,2024-02-24 03:00:00,Android,US,free,18,2
1301,2024-02-24 04:00:00,iOS,BR,free,42,2
1302,2024-02-24 05:00:00,Android,UK,free,27,2
1303,2024-02-24 06:00:00,iOS,UK,free,18,2
1304,2024-02-24 07:00:00,iOS,BR,free,41,2
1305,2024-02-24 08:00:00,Android,US,free,31,2
1306,2024-02-24 09:00:00,Android,UK,free,44,2
1307,2024-02-24 10:00:00,Android,US,premium,36,2
1308,2024-02-24 11:00:00,Android,US,free,31,2
1309,2024-02-24 12:00:00,iOS,UK,free,30,2
1310,2024-02-24 13:00:00,Android,BR,free,36,2
1311,2024-02-24 14:00:00,iOS,US,free,27,2
1312,2024-02-24 15:00:00,Android,UK,free,23,2
1313,2024-02-24 16:00:00,iOS,DE,free,38,2
1314,2024-02-24 17:00:00,Android,US,premium,30,2
1315,2024-02-24 18:00:00,iOS,US,premium,32,2
1316,2024-02-24 19:00:00,Android,IN,premium,42,2
1317,2024-02-24 20:00:00,iOS,DE,free,30,2
1318,2024-02-24 21:00:00,Android,UK,free,32,2
1319,2024-02-24 22:00:00,iOS,DE,free,26,2
1320,2024-02-24 23:00:00,iOS,US,premium,36,2
1321,2024-02-25 00:00:00,iOS,DE,free,35,2
1322,2024-02-25 01:00:00,iOS,UK,free,41,2
1324,2024-02-25 03:00:00,iOS,US,free,27,2
1325,2024-02-25 04:00:00,Android,US,premium,39,2
1326,2024-02-25 05:00:00,iOS,US,free,34,2
1327,2024-02-25 06:00:00,iOS,IN,free,22,2
1328,2024-02-25 07:00:00,Android,UK,free,45,2
1329,2024-02-25 08:00:00,Android,UK,premium,18,2
1330,2024-02-25 09:00:00,iOS,US,free,39,2
1331,2024-02-25 10:00:00,iOS,US,premium,19,2
1332,2024-02-25 11:00:00,Android,DE,free,50,2
1333,2024-02-25 12:00:00,iOS,UK,premium,18,2
1334,2024-02-25 13:00:00,Android,UK,free,43,2
1335,2024-02-25 14:00:00,Android,US,free,31,2
1336,2024-02-25 15:00:00,Android,DE,free,28,2
1337,2024-02-25 16:00:00,iOS,US,free,33,2
1338,2024-02-25 17:00:00,Android,US,free,38,2
1339,2024-02-25 18:00:00,iOS,UK,premium,22,2
1340,2024-02-25 19:00:00,iOS,US,free,23,2
1341,2024-02-25 20:00:00,iOS,US,free,38,2
1342,2024-02-25 21:00:00,iOS,DE,free,18,2
1343,2024-02-25 22:00:00,Android,DE,free,26,2
1344,2024-02-25 23:00:00,Android,BR,premium,62,2
1345,2024-02-26 00:00:00,Android,UK,free,22,2
1346,2024-02-26 01:00:00,iOS,US,premium,43,2
1347,2024-02-26 02:00:00,iOS,US,premium,26,2
1348,2024-02-26 03:00:00,iOS,IN,free,37,2
1349,2024-02-26 04:00:00,Android,UK,free,38,2
1350,2024-02-26 05:00:00,iOS,DE,premium,43,2
1351,2024-02-26 06:00:00,Android,US,free,29,2
1352,2024-02-26 07:00:00,iOS,UK,free,51,2
1353,2024-02-26 08:00:00,iOS,US,free,26,2
1355,2024-02-26 10:00:00,iOS,IN,premium,34,2
1356,2024-02-26 11:00:00,Android,IN,free,20,2
1357,2024-02-26 12:00:00,Android,UK,free,29,2
1358,2024-02-26 13:00:00,iOS,UK,premium,33,2
1359,2024-02-26 14:00:00,iOS,IN,premium,27,2
1360,2024-02-26 15:00:00,iOS,DE,free,56,2
1361,2024-02-26 16:00:00,Android,US,premium,23,2
1362,2024-02-26 17:00:00,iOS,UK,free,43,2
1363,2024-02-26 18:00:00,Android,US,premium,40,2
1364,2024-02-26 19:00:00,Android,UK,free,31,2
1365,2024-02-26 20:00:00,Android,UK,free,23,2
1366,2024-02-26 21:00:00,iOS,UK,free,24,2
1367,2024-02-26 22:00:00,Android,US,free,26,2
1368,2024-02-26 23:00:00,Android,US,premium,18,2
1369,2024-02-27 00:00:00,iOS,UK,free,21,2
1370,2024-02-27 01:00:00,iOS,BR,premium,18,2
1371,2024-02-27 02:00:00,Android,DE,premium,45,2
1372,2024-02-27 03:00:00,iOS,US,free,38,2
1373,2024-02-27 04:00:00,Android,IN,premium,39,2
1374,2024-02-27 05:00:00,iOS,IN,free,37,2
1375,2024-02-27 06:00:00,iOS,US,premium,33,2
1376,2024-02-27 07:00:00,Android,US,free,46,2
1377,2024-02-27 08:00:00,iOS,DE,free,25,2
1378,2024-02-27 09:00:00,iOS,BR,free,33,2
1379,2024-02-27 10:00:00,iOS,IN,free,39,2
1380,2024-02-27 11:00:00,iOS,BR,free,18,2
1381,2024-02-27 12:00:00,iOS,DE,free,62,2
1382,2024-02-27 13:00:00,iOS,UK,premium,32,2
1383,2024-02-27 14:00:00,Android,US,free,33,2
1384,2024-02-27 15:00:00,iOS,US,free,44,2
1385,2024-02-27 16:00:00,Android,UK,free,41,2
1386,2024-02-27 17:00:00,iOS,DE,free,32,2
1387,2024-02-27 18:00:00,Android,UK,free,33,2
1388,2024-02-27 19:00:00,iOS,DE,premium,18,2
1389,2024-02-27 20:00:00,Android,US,premium,26,2
1390,2024-02-27 21:00:00,iOS,UK,free,37,2
1391,2024-02-27 22:00:00,iOS,US,free,36,2
1392,2024-02-27 23:00:00,iOS,UK,free,44,2
1393,2024-02-28 00:00:00,iOS,BR,free,30,2
1394,2024-02-28 01:00:00,iOS,DE,free,18,2
1395,2024-02-28 02:00:00,iOS,IN,premium,42,2
1396,2024-02-28 03:00:00,Android,US,free,46,2
1397,2024-02-28 04:00:00,iOS,UK,premium,40,2
1398,2024-02-28 05:00:00,iOS,US,free,30,2
1400,2024-02-28 07:00:00,Android,BR,free,65,2
1401,2024-02-28 08:00:00,iOS,DE,free,33,2
1402,2024-02-28 09:00:00,iOS,BR,free,18,2
1405,2024-02-28 12:00:00,Android,US,premium,18,2
1406,2024-02-28 13:00:00,iOS,BR,free,33,2
1407,2024-02-28 14:00:00,Android,US,free,35,2
1408,2024-02-28 15:00:00,Android,US,free,47,2
1409,2024-02-28 16:00:00,iOS,UK,free,45,2
1410,2024-02-28 17:00:00,Android,IN,free,40,2
1411,2024-02-28 18:00:00,iOS,US,free,18,2
1412,2024-02-28 19:00:00,iOS,US,free,41,2
1413,2024-02-28 20:00:00,iOS,BR,free,39,2
1414,2024-02-28 21:00:00,iOS,US,free,34,2
1415,2024-02-28 22:00:00,iOS,US,free,18,2
1416,2024-02-28 23:00:00,Android,UK,free,24,2
1417,2024-02-29 00:00:00,iOS,US,premium,20,2
1418,2024-02-29 01:00:00,iOS,IN,free,18,2
1419,2024-02-29 02:00:00,iOS,BR,premium,31,2
1420,2024-02-29 03:00:00,Android,UK,free,24,2
1421,2024-02-29 04:00:00,iOS,IN,free,58,2
1422,2024-02-29 05:00:00,iOS,UK,free,30,2
1423,2024-02-29 06:00:00,iOS,US,premium,44,2
1424,2024-02-29 07:00:00,iOS,US,free,18,2
1425,2024-02-29 08:00:00,Android,UK,premium,26,2
1426,2024-02-29 09:00:00,Android,US,free,32,2
1427,2024-02-29 10:00:00,iOS,IN,free,22,2
1428,2024-02-29 11:00:00,Android,BR,free,27,2
1429,2024-02-29 12:00:00,Android,US,free,29,2
1430,2024-02-29 13:00:00,Android,UK,free,29,2
1431,2024-02-29 14:00:00,iOS,DE,free,50,2
1433,2024-02-29 16:00:00,iOS,BR,premium,36,2
1434,2024-02-29 17:00:00,Android,UK,free,37,2
1435,2024-02-29 18:00:00,iOS,BR,premium,38,2
1436,2024-02-29 19:00:00,iOS,UK,free,31,2
1438,2024-02-29 21:00:00,Android,US,premium,33,2
1439,2024-02-29 22:00:00,iOS,US,premium,43,2
1440,2024-02-29 23:00:00,Android,UK,premium,43,2
1441,2024-03-01 00:00:00,Android,US,free,29,3
1442,2024-03-01 01:00:00,iOS,US,free,39,3
1443,2024-03-01 02:00:00,Android,DE,free,30,3
1444,2024-03-01 03:00:00,iOS,US,free,32,3
1445,2024-03-01 04:00:00,Android,UK,free,27,3
1446,2024-03-01 05:00:00,iOS,UK,premium,30,3
1448,2024-03-01 07:00:00,Android,UK,free,32,3
1449,2024-03-01 08:00:00,Android,US,free,33,3
1450,2024-03-01 09:00:00,Android,UK,premium,18,3
1452,2024-03-01 11:00:00,Android,IN,free,29,3
1453,2024-03-01 12:00:00,Android,UK,free,23,3
1454,2024-03-01 13:00:00,iOS,US,free,32,3
1455,2024-03-01 14:00:00,iOS,IN,premium,27,3
1456,2024-03-01 15:00:00,Android,US,free,32,3
1457,2024-03-01 16:00:00,Android,DE,free,33,3
1458,2024-03-01 17:00:00,Android,UK,free,22,3
1459,2024-03-01 18:00:00,iOS,US,premium,28,3
1460,2024-03-01 19:00:00,Android,US,premium,32,3
1461,2024-03-01 20:00:00,iOS,US,free,43,3
1462,2024-03-01 21:00:00,Android,DE,free,34,3
1463,2024-03-01 22:00:00,iOS,IN,free,25,3
1464,2024-03-01 23:00:00,Android,US,free,35,3
1465,2024-03-02 00:00:00,Android,BR,free,49,3
1466,2024-03-02 01:00:00,iOS,US,free,41,3
1467,2024-03-02 02:00:00,Android,UK,free,37,3
1468,2024-03-02 03:00:00,iOS,US,free,39,3
1469,2024-03-02 04:00:00,Android,IN,free,46,3
1471,2024-03-02 06:00:00,iOS,DE,free,37,3
1472,2024-03-02 07:00:00,Android,BR,free,42,3
1473,2024-03-02 08:00:00,Android,DE,premium,21,3
1474,2024-03-02 09:00:00,iOS,IN,free,18,3
1475,2024-03-02 10:00:00,iOS,DE,free,33,3
1476,2024-03-02 11:00:00,Android,IN,free,32,3
1477,2024-03-02 12:00:00,Android,UK,free,26,3
1479,2024-03-02 14:00:00,Android,UK,free,18,3
1480,2024-03-02 15:00:00,iOS,US,premium,26,3
1481,2024-03-02 16:00:00,Android,UK,free,27,3
1482,2024-03-02 17:00:00,iOS,UK,free,18,3
1483,2024-03-02 18:00:00,iOS,DE,free,46,3
1485,2024-03-02 20:00:00,iOS,US,free,26,3
1486,2024-03-02 21:00:00,iOS,UK,free,41,3
1487,2024-03-02 22:00:00,iOS,IN,free,38,3
1488,2024-03-02 23:00:00,Android,US,free,20,3
1489,2024-03-03 00:00:00,iOS,UK,premium,38,3
1490,2024-03-03 01:00:00,iOS,DE,free,34,3
1491,2024-03-03 02:00:00,iOS,DE,premium,55,3
1492,2024-03-03 03:00:00,iOS,US,free,36,3
1493,2024-03-03 04:00:00,iOS,UK,free,30,3
1494,2024-03-03 05:00:00,iOS,US,premium,23,3
1495,2024-03-03 06:00:00,Android,IN,free,24,3
1496,2024-03-03 07:00:00,Android,US,free,23,3
1497,2024-03-03 08:00:00,Android,US,free,45,3
1498,2024-03-03 09:00:00,iOS,US,free,32,3
1499,2024-03-03 10:00:00,iOS,US,free,37,3
1500,2024-03-03 11:00:00,Android,BR,premium,47,3
1501,2024-03-03 12:00:00,iOS,US,free,18,3
1502,2024-03-03 13:00:00,iOS,US,premium,44,3
1503,2024-03-03 14:00:00,iOS,UK,free,32,3
1504,2024-03-03 15:00:00,iOS,US,free,36,3
1505,2024-03-03 16:00:00,iOS,US,free,23,3
1507,2024-03-03 18:00:00,iOS,BR,premium,36,3
1508,2024-03-03 19:00:00,iOS,IN,free,55,3
1509,2024-03-03 20:00:00,Android,BR,free,42,3
1510,2024-03-03 21:00:00,Android,DE,free,44,3
1511,2024-03-03 22:00:00,Android,US,free,30,3
1512,2024-03-03 23:00:00,Android,BR,free,25,3
1513,2024-03-04 00:00:00,Android,BR,premium,24,3
1514,2024-03-04 01:00:00,iOS,BR,free,27,3
1515,2024-03-04 02:00:00,iOS,UK,free,18,3
1516,2024-03-04 03:00:00,iOS,US,free,24,3
1517,2024-03-04 04:00:00,Android,BR,free,26,3
1518,2024-03-04 05:00:00,Android,DE,free,30,3
1519,2024-03-04 06:00:00,iOS,IN,free,33,3
1520,2024-03-04 07:00:00,Android,US,premium,35,3
1521,2024-03-04 08:00:00,iOS,US,free,31,3
1522,2024-03-04 09:00:00,Android,US,free,26,3
1523,2024-03-04 10:00:00,iOS,BR,free,18,3
1524,2024-03-04 11:00:00,iOS,US,free,26,3
1525,2024-03-04 12:00:00,iOS,US,free,22,3
1528,2024-03-04 15:00:00,iOS,BR,premium,41,3
1529,2024-03-04 16:00:00,Android,US,free,39,3
1531,2024-03-04 18:00:00,iOS,UK,premium,26,3
1532,2024-03-04 19:00:00,Android,IN,free,24,3
1533,2024-03-04 20:00:00,Android,IN,premium,18,3
1534,2024-03-04 21:00:00,iOS,US,free,41,3
1535,2024-03-04 22:00:00,iOS,US,free,30,3
1536,2024-03-04 23:00:00,iOS,US,premium,19,3
1537,2024-03-05 00:00:00,iOS,DE,premium,23,3
1538,2024-03-05 01:00:00,Android,BR,free,23,3
1539,2024-03-05 02:00:00,iOS,UK,free,32,3
1540,2024-03-05 03:00:00,iOS,DE,free,42,3
1541,2024-03-05 04:00:00,Android,US,premium,28,3
1542,2024-03-05 05:00:00,iOS,BR,free,18,3
1543,2024-03-05 06:00:00,iOS,IN,premium,30,3
1544,2024-03-05 07:00:00,iOS,US,free,30,3
1545,2024-03-05 08:00:00,Android,UK,free,29,3
1546,2024-03-05 09:00:00,iOS,US,free,25,3
1547,2024-03-05 10:00:00,Android,UK,free,34,3
1548,2024-03-05 11:00:00,iOS,UK,premium,32,3
1549,2024-03-05 12:00:00,iOS,US,free,31,3
1550,2024-03-05 13:00:00,Android,UK,premium,36,3
1551,2024-03-05 14:00:00,Android,US,free,27,3
1552,2024-03-05 15:00:00,Android,UK,free,27,3
1553,2024-03-05 16:00:00,Android,UK,premium,45,3
1554,2024-03-05 17:00:00,Android,US,free,37,3
1555,2024-03-05 18:00:00,iOS,BR,free,40,3
1556,2024-03-05 19:00:00,iOS,DE,free,44,3
1557,2024-03-05 20:00:00,Android,US,premium,37,3
1558,2024-03-05 21:00:00,iOS,US,premium,41,3
1559,2024-03-05 22:00:00,Android,BR,free,18,3
1560,2024-03-05 23:00:00,Android,IN,premium,34,3
1561,2024-03-06 00:00:00,iOS,US,free,30,3
1562,2024-03-06 01:00:00,iOS,US,free,48,3
1564,2024-03-06 03:00:00,iOS,UK,free,25,3
1565,2024-03-06 04:00:00,Android,US,premium,35,3
1566,2024-03-06 05:00:00,iOS,US,free,33,3
1567,2024-03-06 06:00:00,Android,DE,free,36,3
1568,2024-03-06 07:00:00,iOS,UK,free,21,3
1569,2024-03-06 08:00:00,Android,US,free,35,3
1570,2024-03-06 09:00:00,iOS,UK,premium,29,3
1571,2024-03-06 10:00:00,iOS,UK,free,34,3
1572,2024-03-06 11:00:00,iOS,US,free,24,3
1573,2024-03-06 12:00:00,Android,US,free,26,3
1574,2024-03-06 13:00:00,Android,BR,free,43,3
1575,2024-03-06 14:00:00,iOS,US,premium,21,3
1576,2024-03-06 15:00:00,iOS,DE,free,22,3
1577,2024-03-06 16:00:00,iOS,IN,free,31,3
1578,2024-03-06 17:00:00,Android,US,premium,24,3
1579,2024-03-06 18:00:00,Android,US,free,23,3
1580,2024-03-06 19:00:00,iOS,UK,premium,33,3
1581,2024-03-06 20:00:00,iOS,BR,free,18,3
1582,2024-03-06 21:00:00,iOS,IN,free,21,3
1583,2024-03-06 22:00:00,iOS,DE,premium,52,3
1584,2024-03-06 23:00:00,iOS,US,free,36,3
1585,2024-03-07 00:00:00,Android,DE,free,24,3
1586,2024-03-07 01:00:00,iOS,UK,free,36,3
1587,2024-03-07 02:00:00,Android,UK,free,37,3
1588,2024-03-07 03:00:00,iOS,US,free,41,3
1589,2024-03-07 04:00:00,iOS,US,premium,30,3
1590,2024-03-07 05:00:00,Android,BR,free,41,3
1591,2024-03-07 06:00:00,Android,UK,free,18,3
1592,2024-03-07 07:00:00,Android,US,premium,21,3
1594,2024-03-07 09:00:00,iOS,BR,free,35,3
1595,2024-03-07 10:00:00,Android,DE,premium,22,3
1596,2024-03-07 11:00:00,iOS,US,premium,34,3
1597,2024-03-07 12:00:00,iOS,US,free,25,3
1598,2024-03-07 13:00:00,iOS,US,free,29,3
1599,2024-03-07 14:00:00,iOS,IN,free,42,3
1600,2024-03-07 15:00:00,Android,UK,free,41,3
1601,2024-03-07 16:00:00,iOS,UK,free,22,3
1602,2024-03-07 17:00:00,iOS,UK,premium,21,3
1603,2024-03-07 18:00:00,iOS,US,premium,27,3
1604,2024-03-07 19:00:00,iOS,BR,premium,31,3
1605,2024-03-07 20:00:00,iOS,UK,free,25,3
1606,2024-03-07 21:00:00,iOS,US,premium,42,3
1607,2024-03-07 22:00:00,iOS,US,free,35,3
1608,2024-03-07 23:00:00,Android,UK,free,36,3
1609,2024-03-08 00:00:00,iOS,IN,free,19,3
1610,2024-03-08 01:00:00,iOS,US,free,43,3
1611,2024-03-08 02:00:00,Android,BR,premium,18,3
1612,2024-03-08 03:00:00,Android,BR,free,40,3
1614,2024-03-08 05:00:00,iOS,US,premium,27,3
1615,2024-03-08 06:00:00,iOS,US,free,44,3
1616,2024-03-08 07:00:00,Android,DE,premium,31,3
1618,2024-03-08 09:00:00,Android,US,free,35,3
1619,2024-03-08 10:00:00,iOS,UK,premium,63,3
1620,2024-03-08 11:00:00,Android,DE,free,45,3
1621,2024-03-08 12:00:00,iOS,US,free,39,3
1622,2024-03-08 13:00:00,iOS,UK,free,22,3
1623,2024-03-08 14:00:00,iOS,UK,free,33,3
1624,2024-03-08 15:00:00,Android,UK,free,23,3
1625,2024-03-08 16:00:00,iOS,BR,free,40,3
1626,2024-03-08 17:00:00,Android,US,free,33,3
1627,2024-03-08 18:00:00,iOS,BR,premium,20,3
1628,2024-03-08 19:00:00,iOS,DE,free,32,3
1629,2024-03-08 20:00:00,iOS,UK,free,23,3
1630,2024-03-08 21:00:00,iOS,DE,free,33,3
1631,2024-03-08 22:00:00,Android,UK,premium,23,3
1632,2024-03-08 23:00:00,iOS,US,premium,32,3
1633,2024-03-09 00:00:00,Android,DE,free,39,3
1634,2024-03-09 01:00:00,Android,UK,premium,31,3
1636,2024-03-09 03:00:00,iOS,US,free,34,3
1637,2024-03-09 04:00:00,iOS,IN,free,38,3
1638,2024-03-09 05:00:00,iOS,UK,free,20,3
1640,2024-03-09 07:00:00,Android,UK,free,45,3
1641,2024-03-09 08:00:00,iOS,BR,premium,37,3
1642,2024-03-09 09:00:00,Android,BR,premium,32,3
1643,2024-03-09 10:00:00,iOS,UK,free,38,3
1644,2024-03-09 11:00:00,Android,BR,free,36,3
1645,2024-03-09 12:00:00,iOS,US,free,39,3
1646,2024-03-09 13:00:00,Android,UK,free,18,3
1647,2024-03-09 14:00:00,iOS,BR,free,18,3
1648,2024-03-09 15:00:00,Android,BR,free,42,3
1649,2024-03-09 16:00:00,Android,DE,free,18,3
1650,2024-03-09 17:00:00,Android,BR,premium,36,3
1651,2024-03-09 18:00:00,iOS,US,free,28,3
1652,2024-03-09 19:00:00,iOS,BR,free,22,3
1653,2024-03-09 20:00:00,iOS,US,free,35,3
1654,2024-03-09 21:00:00,iOS,US,free,34,3
1655,2024-03-09 22:00:00,iOS,US,premium,53,3
1656,2024-03-09 23:00:00,Android,UK,free,25,3
1657,2024-03-10 00:00:00,iOS,US,premium,46,3
1658,2024-03-10 01:00:00,iOS,US,premium,35,3
1659,2024-03-10 02:00:00,iOS,US,free,25,3
1660,2024-03-10 03:00:00,iOS,US,free,39,3
1661,2024-03-10 04:00:00,Android,UK,premium,37,3
1662,2024-03-10 05:00:00,iOS,UK,premium,32,3
1664,2024-03-10 07:00:00,iOS,DE,premium,26,3
1665,2024-03-10 08:00:00,Android,BR,premium,23,3
1666,2024-03-10 09:00:00,Android,BR,free,39,3
1667,2024-03-10 10:00:00,iOS,US,free,29,3
1668,2024-03-10 11:00:00,Android,DE,premium,31,3
1669,2024-03-10 12:00:00,iOS,US,free,34,3
1670,2024-03-10 13:00:00,Android,US,free,34,3
1671,2024-03-10 14:00:00,iOS,US,free,18,3
1673,2024-03-10 16:00:00,Android,US,free,33,3
1675,2024-03-10 18:00:00,Android,US,free,36,3
1676,2024-03-10 19:00:00,iOS,BR,free,34,3
1677,2024-03-10 20:00:00,iOS,DE,free,39,3
1678,2024-03-10 21:00:00,iOS,US,free,37,3
1679,2024-03-10 22:00:00,iOS,UK,free,39,3
1680,2024-03-10 23:00:00,Android,UK,free,45,3
1681,2024-03-11 00:00:00,iOS,DE,free,40,3
1682,2024-03-11 01:00:00,Android,US,free,30,3
1683,2024-03-11 02:00:00,Android,BR,free,20,3
1684,2024-03-11 03:00:00,Android,US,free,48,3
1685,2024-03-11 04:00:00,iOS,DE,premium,29,3
1686,2024-03-11 05:00:00,Android,US,free,27,3
1687,2024-03-11 06:00:00,Android,US,free,18,3
1688,2024-03-11 07:00:00,iOS,US,free,35,3
1689,2024-03-11 08:00:00,Android,UK,free,33,3
1690,2024-03-11 09:00:00,Android,US,free,18,3
1691,2024-03-11 10:00:00,iOS,BR,free,36,3
1692,2024-03-11 11:00:00,iOS,US,free,27,3
1693,2024-03-11 12:00:00,iOS,DE,premium,58,3
1694,2024-03-11 13:00:00,iOS,BR,premium,26,3
1696,2024-03-11 15:00:00,iOS,DE,free,23,3
1698,2024-03-11 17:00:00,iOS,US,premium,28,3
1699,2024-03-11 18:00:00,Android,BR,premium,24,3
1700,2024-03-11 19:00:00,iOS,US,free,39,3
1701,2024-03-11 20:00:00,Android,UK,free,18,3
1702,2024-03-11 21:00:00,iOS,DE,free,38,3
1703,2024-03-11 22:00:00,iOS,US,free,49,3
1704,2024-03-11 23:00:00,iOS,US,free,37,3
1705,2024-03-12 00:00:00,iOS,UK,free,38,3
1706,2024-03-12 01:00:00,iOS,BR,free,40,3
1707,2024-03-12 02:00:00,Android,IN,premium,49,3
1708,2024-03-12 03:00:00,iOS,UK,premium,44,3
1710,2024-03-12 05:00:00,Android,IN,free,41,3
1711,2024-03-12 06:00:00,iOS,US,premium,23,3
1712,2024-03-12 07:00:00,iOS,US,free,39,3
1713,2024-03-12 08:00:00,Android,DE,free,21,3
1714,2024-03-12 09:00:00,iOS,BR,free,28,3
1715,2024-03-12 10:00:00,iOS,BR,free,18,3
1716,2024-03-12 11:00:00,Android,UK,free,36,3
1717,2024-03-12 12:00:00,iOS,US,free,25,3
1718,2024-03-12 13:00:00,Android,UK,free,43,3
1719,2024-03-12 14:00:00,Android,US,free,35,3
1720,2024-03-12 15:00:00,iOS,US,free,43,3
1721,2024-03-12 16:00:00,iOS,BR,free,21,3
1722,2024-03-12 17:00:00,iOS,US,premium,42,3
1723,2024-03-12 18:00:00,iOS,BR,free,53,3
1724,2024-03-12 19:00:00,iOS,UK,free,39,3
1725,2024-03-12 20:00:00,Android,UK,free,39,3
1726,2024-03-12 21:00:00,iOS,US,free,33,3
1727,2024-03-12 22:00:00,iOS,US,free,26,3
1728,2024-03-12 23:00:00,Android,US,free,39,3
1729,2024-03-13 00:00:00,Android,IN,free,18,3
1730,2024-03-13 01:00:00,Android,BR,free,27,3
1731,2024-03-13 02:00:00,iOS,UK,free,18,3
1732,2024-03-13 03:00:00,Android,US,free,24,3
1733,2024-03-13 04:00:00,iOS,IN,free,38,3
1734,2024-03-13 05:00:00,iOS,US,free,37,3
1735,2024-03-13 06:00:00,iOS,US,free,32,3
1736,2024-03-13 07:00:00,Android,UK,free,33,3
1738,2024-03-13 09:00:00,iOS,US,free,28,3
1739,2024-03-13 10:00:00,iOS,US,free,25,3
1740,2024-03-13 11:00:00,iOS,IN,free,25,3
1741,2024-03-13 12:00:00,Android,US,free,37,3
1742,2024-03-13 13:00:00,Android,US,free,23,3
1743,2024-03-13 14:00:00,Android,UK,free,25,3
1744,2024-03-13 15:00:00,iOS,BR,premium,18,3
1745,2024-03-13 16:00:00,iOS,UK,premium,29,3
1746,2024-03-13 17:00:00,iOS,IN,free,21,3
1747,2024-03-13 18:00:00,iOS,DE,free,32,3
1748,2024-03-13 19:00:00,iOS,US,free,22,3
1749,2024-03-13 20:00:00,Android,IN,free,33,3
1750,2024-03-13 21:00:00,iOS,UK,free,30,3
1751,2024-03-13 22:00:00,iOS,US,free,48,3
1752,2024-03-13 23:00:00,iOS,UK,premium,36,3
1753,2024-03-14 00:00:00,iOS,US,free,18,3
1754,2024-03-14 01:00:00,iOS,US,free,19,3
1755,2024-03-14 02:00:00,Android,US,free,32,3
1756,2024-03-14 03:00:00,Android,UK,free,22,3
1757,2024-03-14 04:00:00,Android,BR,premium,18,3
1758,2024-03-14 05:00:00,iOS,UK,premium,45,3
1759,2024-03-14 06:00:00,iOS,IN,premium,39,3
1760,2024-03-14 07:00:00,iOS,US,free,37,3
1761,2024-03-14 08:00:00,iOS,US,free,25,3
1763,2024-03-14 10:00:00,iOS,US,free,24,3
1764,2024-03-14 11:00:00,iOS,US,free,34,3
1765,2024-03-14 12:00:00,iOS,BR,free,22,3
1766,2024-03-14 13:00:00,iOS,IN,free,47,3
1767,2024-03-14 14:00:00,Android,IN,free,18,3
1768,2024-03-14 15:00:00,iOS,US,free,44,3
1769,2024-03-14 16:00:00,iOS,BR,free,32,3
1770,2024-03-14 17:00:00,iOS,US,free,27,3
1771,2024-03-14 18:00:00,iOS,US,free,33,3
1772,2024-03-14 19:00:00,Android,BR,free,39,3
1773,2024-03-14 20:00:00,Android,DE,free,45,3
1774,2024-03-14 21:00:00,Android,US,free,35,3
1775,2024-03-14 22:00:00,Android,UK,premium,23,3
1776,2024-03-14 23:00:00,iOS,US,free,32,3
1777,2024-03-15 00:00:00,Android,DE,free,50,3
1778,2024-03-15 01:00:00,iOS,UK,free,45,3
1779,2024-03-15 02:00:00,iOS,IN,premium,41,3
1780,2024-03-15 03:00:00,Android,US,free,39,3
1781,2024-03-15 04:00:00,iOS,US,free,38,3
1782,2024-03-15 05:00:00,Android,UK,free,43,3
1783,2024-03-15 06:00:00,iOS,UK,free,27,3
1784,2024-03-15 07:00:00,Android,US,free,18,3
1785,2024-03-15 08:00:00,Android,DE,free,32,3
1786,2024-03-15 09:00:00,Android,BR,premium,23,3
1787,2024-03-15 10:00:00,Android,IN,premium,21,3
1788,2024-03-15 11:00:00,Android,BR,free,24,3
1789,2024-03-15 12:00:00,iOS,BR,free,56,3
1790,2024-03-15 13:00:00,iOS,UK,free,33,3
1791,2024-03-15 14:00:00,iOS,BR,premium,35,3
1792,2024-03-15 15:00:00,Android,US,free,19,3
1793,2024-03-15 16:00:00,iOS,US,premium,18,3
1794,2024-03-15 17:00:00,Android,US,free,23,3
1795,2024-03-15 18:00:00,iOS,UK,free,46,3
1796,2024-03-15 19:00:00,iOS,US,premium,35,3
1798,2024-03-15 21:00:00,iOS,US,free,39,3
1799,2024-03-15 22:00:00,iOS,US,free,26,3
1800,2024-03-15 23:00:00,iOS,UK,free,45,3
1801,2024-03-16 00:00:00,Android,US,free,25,3
1802,2024-03-16 01:00:00,Android,US,free,46,3
1805,2024-03-16 04:00:00,iOS,UK,premium,24,3
1806,2024-03-16 05:00:00,Android,BR,free,18,3
1807,2024-03-16 06:00:00,Android,DE,free,43,3
1809,2024-03-16 08:00:00,iOS,US,free,18,3
1810,2024-03-16 09:00:00,iOS,US,free,35,3
1811,2024-03-16 10:00:00,Android,BR,premium,26,3
1812,2024-03-16 11:00:00,Android,US,premium,18,3
1813,2024-03-16 12:00:00,iOS,US,free,48,3
1814,2024-03-16 13:00:00,iOS,BR,free,33,3
1815,2024-03-16 14:00:00,iOS,UK,free,29,3
1816,2024-03-16 15:00:00,Android,US,free,28,3
1817,2024-03-16 16:00:00,iOS,US,free,18,3
1818,2024-03-16 17:00:00,Android,IN,free,18,3
1819,2024-03-16 18:00:00,Android,BR,premium,44,3
1820,2024-03-16 19:00:00,iOS,DE,free,27,3
1821,2024-03-16 20:00:00,iOS,UK,premium,32,3
1822,2024-03-16 21:00:00,iOS,UK,free,18,3
1823,2024-03-16 22:00:00,Android,IN,free,18,3
1824,2024-03-16 23:00:00,Android,IN,premium,38,3
1825,2024-03-17 00:00:00,Android,US,premium,35,3
1826,2024-03-17 01:00:00,iOS,BR,free,49,3
1827,2024-03-17 02:00:00,iOS,US,free,45,3
1828,2024-03-17 03:00:00,Android,US,premium,29,3
1829,2024-03-17 04:00:00,Android,DE,free,36,3
1830,2024-03-17 05:00:00,iOS,UK,free,28,3
1831,2024-03-17 06:00:00,Android,IN,free,52,3
1832,2024-03-17 07:00:00,Android,US,premium,43,3
1833,2024-03-17 08:00:00,iOS,UK,premium,33,3
1834,2024-03-17 09:00:00,Android,IN,premium,34,3
1835,2024-03-17 10:00:00,Android,IN,free,46,3
1836,2024-03-17 11:00:00,Android,US,free,37,3
1837,2024-03-17 12:00:00,iOS,US,free,47,3
1838,2024-03-17 13:00:00,iOS,DE,premium,18,3
1839,2024-03-17 14:00:00,Android,US,free,36,3
1840,2024-03-17 15:00:00,iOS,IN,free,26,3
1841,2024-03-17 16:00:00,iOS,IN,free,49,3
1842,2024-03-17 17:00:00,iOS,US,free,47,3
1844,2024-03-17 19:00:00,Android,US,free,47,3
1845,2024-03-17 20:00:00,Android,IN,premium,49,3
1846,2024-03-17 21:00:00,iOS,US,free,32,3
1847,2024-03-17 22:00:00,iOS,UK,premium,56,3
1848,2024-03-17 23:00:00,iOS,UK,premium,31,3
1849,2024-03-18 00:00:00,Android,UK,free,29,3
1850,2024-03-18 01:00:00,Android,US,premium,40,3
1851,2024-03-18 02:00:00,iOS,US,free,28,3
1852,2024-03-18 03:00:00,Android,IN,premium,32,3
1853,2024-03-18 04:00:00,Android,IN,premium,46,3
1854,2024-03-18 05:00:00,Android,BR,premium,32,3
1855,2024-03-18 06:00:00,Android,US,free,18,3
1856,2024-03-18 07:00:00,iOS,US,free,35,3
1857,2024-03-18 08:00:00,Android,DE,free,25,3
1858,2024-03-18 09:00:00,iOS,US,free,40,3
1859,2024-03-18 10:00:00,Android,IN,premium,38,3
1860,2024-03-18 11:00:00,Android,DE,premium,46,3
1861,2024-03-18 12:00:00,Android,US,premium,41,3
1862,2024-03-18 13:00:00,Android,IN,free,42,3
1864,2024-03-18 15:00:00,iOS,US,premium,40,3
1866,2024-03-18 17:00:00,Android,US,free,25,3
1867,2024-03-18 18:00:00,iOS,US,free,49,3
1868,2024-03-18 19:00:00,iOS,US,free,26,3
1869,2024-03-18 20:00:00,iOS,UK,free,23,3
1870,2024-03-18 21:00:00,Android,IN,free,34,3
1871,2024-03-18 22:00:00,Android,UK,premium,39,3
1872,2024-03-18 23:00:00,iOS,US,free,41,3
1873,2024-03-19 00:00:00,iOS,DE,free,22,3
1874,2024-03-19 01:00:00,Android,US,free,36,3
1875,2024-03-19 02:00:00,Android,BR,premium,25,3
1876,2024-03-19 03:00:00,iOS,UK,premium,18,3
1877,2024-03-19 04:00:00,iOS,US,premium,22,3
1878,2024-03-19 05:00:00,iOS,US,free,24,3
1879,2024-03-19 06:00:00,iOS,BR,free,37,3
1880,2024-03-19 07:00:00,iOS,US,premium,43,3
1881,2024-03-19 08:00:00,Android,BR,free,18,3
1883,2024-03-19 10:00:00,Android,US,free,20,3
1884,2024-03-19 11:00:00,Android,UK,free,38,3
1885,2024-03-19 12:00:00,iOS,IN,free,25,3
1886,2024-03-19 13:00:00,iOS,IN,free,21,3
1887,2024-03-19 14:00:00,iOS,US,free,39,3
1888,2024-03-19 15:00:00,iOS,US,free,26,3
1889,2024-03-19 16:00:00,Android,US,free,28,3
1890,2024-03-19 17:00:00,Android,UK,free,18,3
1891,2024-03-19 18:00:00,iOS,UK,free,41,3
1892,2024-03-19 19:00:00,iOS,IN,free,40,3
1893,2024-03-19 20:00:00,Android,IN,free,32,3
1894,2024-03-19 21:00:00,iOS,US,free,18,3
1895,2024-03-19 22:00:00,iOS,UK,free,44,3
1896,2024-03-19 23:00:00,Android,BR,free,25,3
1897,2024-03-20 00:00:00,Android,BR,free,27,3
1898,2024-03-20 01:00:00,iOS,US,premium,55,3
1899,2024-03-20 02:00:00,iOS,US,free,24,3
1900,2024-03-20 03:00:00,Android,UK,free,39,3
1901,2024-03-20 04:00:00,iOS,US,free,37,3
1902,2024-03-20 05:00:00,iOS,US,premium,35,3
1903,2024-03-20 06:00:00,Android,US,free,34,3
1904,2024-03-20 07:00:00,iOS,DE,free,35,3
1905,2024-03-20 08:00:00,Android,US,free,34,3
1907,2024-03-20 10:00:00,Android,US,premium,47,3
1908,2024-03-20 11:00:00,iOS,BR,free,18,3
1909,2024-03-20 12:00:00,iOS,BR,free,42,3
1910,2024-03-20 13:00:00,iOS,UK,free,40,3
1911,2024-03-20 14:00:00,iOS,UK,premium,38,3
1912,2024-03-20 15:00:00,Android,IN,free,43,3
1913,2024-03-20 16:00:00,Android,US,free,31,3
1914,2024-03-20 17:00:00,iOS,US,premium,18,3
1915,2024-03-20 18:00:00,iOS,US,premium,31,3
1916,2024-03-20 19:00:00,Android,US,premium,22,3
1917,2024-03-20 20:00:00,Android,US,premium,24,3
1918,2024-03-20 21:00:00,iOS,IN,premium,19,3
1919,2024-03-20 22:00:00,iOS,DE,free,27,3
1920,2024-03-20 23:00:00,iOS,UK,premium,26,3
1921,2024-03-21 00:00:00,Android,IN,premium,18,3
1922,2024-03-21 01:00:00,iOS,US,free,39,3
1923,2024-03-21 02:00:00,Android,US,free,54,3
1924,2024-03-21 03:00:00,iOS,UK,premium,38,3
1925,2024-03-21 04:00:00,Android,DE,free,29,3
1926,2024-03-21 05:00:00,iOS,US,premium,31,3
1927,2024-03-21 06:00:00,iOS,UK,free,27,3
1928,2024-03-21 07:00:00,iOS,DE,free,32,3
1929,2024-03-21 08:00:00,Android,DE,free,31,3
1931,2024-03-21 10:00:00,iOS,US,free,48,3
1932,2024-03-21 11:00:00,iOS,US,free,18,3
1933,2024-03-21 12:00:00,iOS,UK,free,39,3
1934,2024-03-21 13:00:00,Android,US,free,30,3
1935,2024-03-21 14:00:00,Android,IN,free,51,3
1936,2024-03-21 15:00:00,Android,UK,free,35,3
1937,2024-03-21 16:00:00,iOS,US,premium,28,3
1938,2024-03-21 17:00:00,Android,BR,free,29,3
1939,2024-03-21 18:00:00,iOS,UK,free,32,3
1940,2024-03-21 19:00:00,iOS,US,free,20,3
1941,2024-03-21 20:00:00,iOS,BR,free,24,3
1942,2024-03-21 21:00:00,iOS,BR,free,18,3
1943,2024-03-21 22:00:00,Android,DE,free,22,3
1944,2024-03-21 23:00:00,Android,US,premium,32,3
1945,2024-03-22 00:00:00,Android,UK,premium,35,3
1947,2024-03-22 02:00:00,iOS,US,free,30,3
1949,2024-03-22 04:00:00,iOS,BR,free,30,3
1950,2024-03-22 05:00:00,iOS,US,free,25,3
1951,2024-03-22 06:00:00,iOS,BR,premium,27,3
1952,2024-03-22 07:00:00,iOS,UK,free,26,3
1953,2024-03-22 08:00:00,iOS,UK,free,25,3
1954,2024-03-22 09:00:00,Android,US,free,33,3
1955,2024-03-22 10:00:00,Android,BR,premium,55,3
1956,2024-03-22 11:00:00,Android,US,premium,24,3
1957,2024-03-22 12:00:00,Android,UK,free,28,3
1958,2024-03-22 13:00:00,iOS,DE,premium,31,3
1959,2024-03-22 14:00:00,Android,DE,free,25,3
1960,2024-03-22 15:00:00,Android,IN,premium,42,3
1961,2024-03-22 16:00:00,iOS,UK,premium,18,3
1962,2024-03-22 17:00:00,iOS,US,premium,26,3
1963,2024-03-22 18:00:00,Android,IN,free,40,3
1964,2024-03-22 19:00:00,iOS,DE,free,29,3
1965,2024-03-22 20:00:00,iOS,US,free,23,3
1966,2024-03-22 21:00:00,iOS,US,free,36,3
1967,2024-03-22 22:00:00,iOS,BR,premium,41,3
1968,2024-03-22 23:00:00,iOS,US,free,34,3
1969,2024-03-23 00:00:00,iOS,DE,free,23,3
1970,2024-03-23 01:00:00,iOS,UK,premium,36,3
1971,2024-03-23 02:00:00,iOS,US,free,27,3
1972,2024-03-23 03:00:00,Android,DE,free,39,3
1973,2024-03-23 04:00:00,iOS,US,free,46,3
1974,2024-03-23 05:00:00,iOS,UK,free,18,3
1975,2024-03-23 06:00:00,iOS,UK,free,33,3
1976,2024-03-23 07:00:00,Android,UK,premium,18,3
1977,2024-03-23 08:00:00,iOS,DE,free,56,3
1978,2024-03-23 09:00:00,iOS,BR,premium,27,3
1979,2024-03-23 10:00:00,Android,BR,free,39,3
1980,2024-03-23 11:00:00,Android,US,free,31,3
1981,2024-03-23 12:00:00,iOS,US,free,23,3
1982,2024-03-23 13:00:00,Android,UK,free,22,3
1983,2024-03-23 14:00:00,iOS,IN,free,47,3
1984,2024-03-23 15:00:00,iOS,BR,free,41,3
1985,2024-03-23 16:00:00,iOS,BR,free,51,3
1986,2024-03-23 17:00:00,iOS,US,free,32,3
1987,2024-03-23 18:00:00,Android,UK,free,34,3
1988,2024-03-23 19:00:00,iOS,UK,free,29,3
1989,2024-03-23 20:00:00,iOS,US,premium,29,3
1990,2024-03-23 21:00:00,Android,US,premium,21,3
1991,2024-03-23 22:00:00,Android,IN,free,32,3
1992,2024-03-23 23:00:00,iOS,US,free,24,3
1993,2024-03-24 00:00:00,Android,US,premium,36,3
1994,2024-03-24 01:00:00,iOS,US,free,33,3
1995,2024-03-24 02:00:00,Android,IN,premium,34,3
1996,2024-03-24 03:00:00,Android,UK,free,48,3
1997,2024-03-24 04:00:00,Android,DE,premium,31,3
1999,2024-03-24 06:00:00,iOS,US,premium,52,3
2000,2024-03-24 07:00:00,iOS,DE,free,45,3
2002,2024-03-24 09:00:00,iOS,US,free,28,3
2003,2024-03-24 10:00:00,Android,BR,free,34,3
2004,2024-03-24 11:00:00,iOS,BR,premium,18,3
2005,2024-03-24 12:00:00,iOS,US,free,36,3
2006,2024-03-24 13:00:00,Android,US,premium,34,3
2007,2024-03-24 14:00:00,iOS,UK,free,32,3
2008,2024-03-24 15:00:00,Android,US,premium,42,3
2009,2024-03-24 16:00:00,iOS,US,free,19,3
2010,2024-03-24 17:00:00,iOS,US,premium,48,3
2011,2024-03-24 18:00:00,iOS,US,premium,41,3
2012,2024-03-24 19:00:00,iOS,BR,free,31,3
2013,2024-03-24 20:00:00,Android,US,premium,30,3
2014,2024-03-24 21:00:00,iOS,US,premium,36,3
2015,2024-03-24 22:00:00,iOS,UK,free,47,3
2016,2024-03-24 23:00:00,iOS,BR,free,33,3
2017,2024-03-25 00:00:00,iOS,US,free,33,3
2018,2024-03-25 01:00:00,Android,US,premium,32,3
2019,2024-03-25 02:00:00,iOS,US,free,49,3
2020,2024-03-25 03:00:00,Android,DE,free,28,3
2021,2024-03-25 04:00:00,Android,UK,free,31,3
2022,2024-03-25 05:00:00,iOS,BR,free,46,3
2023,2024-03-25 06:00:00,Android,IN,premium,33,3
2024,2024-03-25 07:00:00,iOS,BR,premium,43,3
2025,2024-03-25 08:00:00,iOS,DE,free,22,3
2026,2024-03-25 09:00:00,iOS,UK,free,29,3
2027,2024-03-25 10:00:00,Android,US,free,46,3
2028,2024-03-25 11:00:00,Android,IN,free,25,3
2029,2024-03-25 12:00:00,iOS,US,free,30,3
2030,2024-03-25 13:00:00,Android,US,free,34,3
2031,2024-03-25 14:00:00,iOS,DE,free,22,3
2032,2024-03-25 15:00:00,iOS,US,free,27,3
2033,2024-03-25 16:00:00,iOS,UK,premium,33,3
2034,2024-03-25 17:00:00,Android,UK,free,32,3
2035,2024-03-25 18:00:00,Android,UK,premium,44,3
2036,2024-03-25 19:00:00,iOS,BR,free,47,3
2037,2024-03-25 20:00:00,iOS,US,free,23,3
2038,2024-03-25 21:00:00,iOS,UK,premium,33,3
2039,2024-03-25 22:00:00,iOS,UK,free,38,3
2040,2024-03-25 23:00:00,iOS,DE,free,47,3
2041,2024-03-26 00:00:00,Android,BR,free,39,3
2042,2024-03-26 01:00:00,iOS,US,free,34,3
2043,2024-03-26 02:00:00,iOS,DE,premium,38,3
2044,2024-03-26 03:00:00,iOS,US,free,38,3
2045,2024-03-26 04:00:00,Android,IN,free,22,3
2046,2024-03-26 05:00:00,Android,US,free,33,3
2047,2024-03-26 06:00:00,iOS,DE,free,46,3
2048,2024-03-26 07:00:00,Android,US,premium,29,3
2049,2024-03-26 08:00:00,iOS,US,premium,33,3
2050,2024-03-26 09:00:00,iOS,UK,free,29,3
2051,2024-03-26 10:00:00,iOS,BR,free,18,3
2052,2024-03-26 11:00:00,iOS,UK,free,32,3
2053,2024-03-26 12:00:00,iOS,IN,free,35,3
2054,2024-03-26 13:00:00,Android,UK,premium,26,3
2055,2024-03-26 14:00:00,Android,UK,free,20,3
2057,2024-03-26 16:00:00,iOS,BR,premium,39,3
2058,2024-03-26 17:00:00,iOS,US,free,51,3
2059,2024-03-26 18:00:00,Android,BR,free,45,3
2060,2024-03-26 19:00:00,iOS,IN,free,18,3
2061,2024-03-26 20:00:00,iOS,IN,premium,40,3
2062,2024-03-26 21:00:00,iOS,UK,premium,25,3
2063,2024-03-26 22:00:00,Android,DE,free,26,3
2064,2024-03-26 23:00:00,iOS,BR,free,27,3
2065,2024-03-27 00:00:00,iOS,US,premium,39,3
2066,2024-03-27 01:00:00,Android,DE,free,41,3
2067,2024-03-27 02:00:00,iOS,US,free,31,3
2068,2024-03-27 03:00:00,iOS,UK,premium,31,3
2069,2024-03-27 04:00:00,iOS,US,premium,36,3
2070,2024-03-27 05:00:00,iOS,US,free,37,3
2071,2024-03-27 06:00:00,Android,US,free,43,3
2072,2024-03-27 07:00:00,iOS,UK,free,19,3
2073,2024-03-27 08:00:00,iOS,DE,free,32,3
2074,2024-03-27 09:00:00,Android,US,premium,21,3
2075,2024-03-27 10:00:00,Android,UK,free,31,3
2076,2024-03-27 11:00:00,Android,US,premium,29,3
2077,2024-03-27 12:00:00,iOS,UK,free,31,3
2078,2024-03-27 13:00:00,iOS,DE,free,24,3
2079,2024-03-27 14:00:00,Android,UK,free,18,3
2080,2024-03-27 15:00:00,Android,DE,premium,18,3
2081,2024-03-27 16:00:00,iOS,US,free,30,3
2082,2024-03-27 17:00:00,iOS,BR,free,27,3
2083,2024-03-27 18:00:00,iOS,UK,free,25,3
2084,2024-03-27 19:00:00,Android,UK,free,45,3
2085,2024-03-27 20:00:00,iOS,DE,free,23,3
2086,2024-03-27 21:00:00,iOS,US,free,46,3
2087,2024-03-27 22:00:00,iOS,DE,free,48,3
2088,2024-03-27 23:00:00,Android,DE,free,18,3
2089,2024-03-28 00:00:00,Android,US,free,32,3
2090,2024-03-28 01:00:00,iOS,US,free,28,3
2091,2024-03-28 02:00:00,Android,US,free,18,3
2092,2024-03-28 03:00:00,Android,IN,free,18,3
2093,2024-03-28 04:00:00,iOS,DE,free,39,3
2094,2024-03-28 05:00:00,iOS,US,premium,52,3
2095,2024-03-28 06:00:00,iOS,US,free,41,3
2096,2024-03-28 07:00:00,Android,UK,free,35,3
2097,2024-03-28 08:00:00,iOS,BR,free,31,3
2098,2024-03-28 09:00:00,Android,US,premium,48,3
2099,2024-03-28 10:00:00,Android,US,free,53,3
2100,2024-03-28 11:00:00,iOS,BR,free,26,3
2101,2024-03-28 12:00:00,Android,US,free,18,3
2102,2024-03-28 13:00:00,iOS,US,free,18,3
2103,2024-03-28 14:00:00,iOS,IN,premium,45,3
2104,2024-03-28 15:00:00,Android,DE,premium,31,3
2105,2024-03-28 16:00:00,Android,US,free,33,3
2106,2024-03-28 17:00:00,iOS,US,premium,18,3
2107,2024-03-28 18:00:00,Android,US,premium,24,3
2108,2024-03-28 19:00:00,Android,US,free,29,3
2109,2024-03-28 20:00:00,iOS,BR,free,34,3
2110,2024-03-28 21:00:00,Android,UK,free,28,3
2111,2024-03-28 22:00:00,iOS,DE,free,21,3
2112,2024-03-28 23:00:00,iOS,IN,free,24,3
2113,2024-03-29 00:00:00,iOS,UK,free,44,3
2114,2024-03-29 01:00:00,Android,US,premium,34,3
2115,2024-03-29 02:00:00,Android,UK,premium,38,3
2117,2024-03-29 04:00:00,iOS,BR,free,18,3
2118,2024-03-29 05:00:00,Android,US,premium,26,3
2119,2024-03-29 06:00:00,iOS,DE,premium,23,3
2120,2024-03-29 07:00:00,Android,UK,premium,35,3
2121,2024-03-29 08:00:00,Android,IN,free,64,3
2122,2024-03-29 09:00:00,iOS,US,free,38,3
2123,2024-03-29 10:00:00,Android,UK,free,59,3
2124,2024-03-29 11:00:00,iOS,BR,premium,37,3
2125,2024-03-29 12:00:00,Android,UK,free,25,3
2126,2024-03-29 13:00:00,Android,UK,premium,35,3
2127,2024-03-29 14:00:00,Android,US,free,49,3
2128,2024-03-29 15:00:00,iOS,US,premium,50,3
2129,2024-03-29 16:00:00,Android,US,free,26,3
2130,2024-03-29 17:00:00,iOS,IN,free,34,3
2131,2024-03-29 18:00:00,iOS,US,free,18,3
2132,2024-03-29 19:00:00,iOS,UK,free,40,3
2133,2024-03-29 20:00:00,iOS,DE,free,47,3
2134,2024-03-29 21:00:00,iOS,US,free,32,3
2135,2024-03-29 22:00:00,Android,UK,free,25,3
2136,2024-03-29 23:00:00,Android,DE,free,35,3
2137,2024-03-30 00:00:00,iOS,BR,premium,36,3
2138,2024-03-30 01:00:00,Android,DE,free,32,3
2139,2024-03-30 02:00:00,iOS,DE,free,33,3
2140,2024-03-30 03:00:00,Android,US,premium,30,3
2141,2024-03-30 04:00:00,Android,IN,free,41,3
2142,2024-03-30 05:00:00,iOS,US,premium,39,3
2143,2024-03-30 06:00:00,Android,BR,free,22,3
2144,2024-03-30 07:00:00,iOS,US,free,21,3
2145,2024-03-30 08:00:00,iOS,IN,free,29,3
2146,2024-03-30 09:00:00,Android,DE,free,39,3
2147,2024-03-30 10:00:00,iOS,BR,free,33,3
2148,2024-03-30 11:00:00,iOS,US,free,25,3
2149,2024-03-30 12:00:00,iOS,UK,free,34,3
2150,2024-03-30 13:00:00,Android,DE,free,28,3
2151,2024-03-30 14:00:00,iOS,BR,free,40,3
2152,2024-03-30 15:00:00,iOS,US,free,35,3
2153,2024-03-30 16:00:00,Android,IN,free,28,3
2154,2024-03-30 17:00:00,Android,BR,free,34,3
2155,2024-03-30 18:00:00,iOS,US,free,45,3
2156,2024-03-30 19:00:00,iOS,BR,free,26,3
2157,2024-03-30 20:00:00,iOS,UK,free,36,3
2158,2024-03-30 21:00:00,iOS,UK,free,31,3
2159,2024-03-30 22:00:00,iOS,US,free,36,3
2160,2024-03-30 23:00:00,Android,UK,free,25,3
2161,2024-03-31 00:00:00,Android,DE,free,33,3
2162,2024-03-31 01:00:00,Android,UK,free,43,3
2163,2024-03-31 02:00:00,iOS,DE,free,22,3
2164,2024-03-31 03:00:00,Android,DE,free,18,3
2165,2024-03-31 04:00:00,iOS,DE,free,19,3
2166,2024-03-31 05:00:00,Android,US,free,20,3
2167,2024-03-31 06:00:00,Android,BR,premium,37,3
2168,2024-03-31 07:00:00,iOS,UK,premium,18,3
2169,2024-03-31 08:00:00,Android,US,free,29,3
2170,2024-03-31 09:00:00,iOS,US,free,38,3
2171,2024-03-31 10:00:00,Android,UK,free,36,3
2172,2024-03-31 11:00:00,iOS,BR,premium,28,3
2173,2024-03-31 12:00:00,iOS,US,free,33,3
2174,2024-03-31 13:00:00,Android,DE,premium,33,3
2175,2024-03-31 14:00:00,iOS,US,free,29,3
2176,2024-03-31 15:00:00,Android,UK,free,29,3
2177,2024-03-31 16:00:00,iOS,IN,free,54,3
2178,2024-03-31 17:00:00,Android,BR,free,40,3
2179,2024-03-31 18:00:00,Android,US,free,56,3
2180,2024-03-31 19:00:00,iOS,UK,free,27,3
2181,2024-03-31 20:00:00,iOS,US,free,31,3
2182,2024-03-31 21:00:00,iOS,UK,premium,18,3
2183,2024-03-31 22:00:00,iOS,BR,free,23,3
2184,2024-03-31 23:00:00,iOS,BR,free,51,3
2186,2024-04-01 01:00:00,Android,IN,free,51,4
2187,2024-04-01 02:00:00,Android,UK,free,19,4
2188,2024-04-01 03:00:00,Android,US,free,21,4
2189,2024-04-01 04:00:00,Android,UK,free,28,4
2190,2024-04-01 05:00:00,Android,DE,free,31,4
2191,2024-04-01 06:00:00,iOS,UK,free,41,4
2193,2024-04-01 08:00:00,Android,UK,premium,27,4
2194,2024-04-01 09:00:00,iOS,US,free,30,4
2195,2024-04-01 10:00:00,iOS,BR,free,28,4
2196,2024-04-01 11:00:00,iOS,UK,free,22,4
2197,2024-04-01 12:00:00,iOS,US,premium,23,4
2198,2024-04-01 13:00:00,Android,BR,free,42,4
2199,2024-04-01 14:00:00,iOS,IN,free,18,4
2200,2024-04-01 15:00:00,iOS,IN,free,48,4
2201,2024-04-01 16:00:00,Android,US,free,28,4
2202,2024-04-01 17:00:00,iOS,US,premium,24,4
2204,2024-04-01 19:00:00,iOS,US,premium,46,4
2205,2024-04-01 20:00:00,Android,IN,free,43,4
2206,2024-04-01 21:00:00,Android,US,free,37,4
2207,2024-04-01 22:00:00,iOS,US,premium,42,4
2208,2024-04-01 23:00:00,Android,UK,free,18,4
2209,2024-04-02 00:00:00,iOS,US,free,26,4
2210,2024-04-02 01:00:00,Android,BR,free,22,4
2211,2024-04-02 02:00:00,Android,UK,free,44,4
2212,2024-04-02 03:00:00,Android,US,free,28,4
2213,2024-04-02 04:00:00,iOS,US,premium,40,4
2214,2024-04-02 05:00:00,Android,UK,premium,37,4
2215,2024-04-02 06:00:00,Android,US,free,23,4
2216,2024-04-02 07:00:00,iOS,DE,free,26,4
2217,2024-04-02 08:00:00,Android,UK,free,44,4
2218,2024-04-02 09:00:00,iOS,DE,free,24,4
2219,2024-04-02 10:00:00,Android,IN,free,33,4
2220,2024-04-02 11:00:00,iOS,IN,free,24,4
2221,2024-04-02 12:00:00,Android,IN,free,28,4
2222,2024-04-02 13:00:00,iOS,US,free,31,4
2223,2024-04-02 14:00:00,iOS,US,free,24,4
2225,2024-04-02 16:00:00,iOS,BR,premium,34,4
2226,2024-04-02 17:00:00,iOS,IN,free,23,4
2227,2024-04-02 18:00:00,iOS,BR,free,23,4
2228,2024-04-02 19:00:00,iOS,US,free,22,4
2229,2024-04-02 20:00:00,iOS,IN,free,31,4
2230,2024-04-02 21:00:00,iOS,UK,free,41,4
2231,2024-04-02 22:00:00,Android,US,free,47,4
2232,2024-04-02 23:00:00,iOS,UK,premium,24,4
2233,2024-04-03 00:00:00,Android,US,free,53,4
2234,2024-04-03 01:00:00,Android,UK,free,21,4
2235,2024-04-03 02:00:00,Android,US,free,42,4
2236,2024-04-03 03:00:00,iOS,UK,premium,24,4
2237,2024-04-03 04:00:00,Android,DE,premium,23,4
2238,2024-04-03 05:00:00,iOS,BR,premium,24,4
2239,2024-04-03 06:00:00,iOS,DE,free,31,4
2240,2024-04-03 07:00:00,iOS,UK,premium,37,4
2241,2024-04-03 08:00:00,Android,BR,free,38,4
2242,2024-04-03 09:00:00,iOS,IN,free,22,4
2243,2024-04-03 10:00:00,iOS,US,premium,22,4
2244,2024-04-03 11:00:00,Android,UK,premium,22,4
2245,2024-04-03 12:00:00,Android,US,free,30,4
2246,2024-04-03 13:00:00,iOS,US,free,29,4
2248,2024-04-03 15:00:00,Android,BR,free,34,4
2249,2024-04-03 16:00:00,iOS,US,free,54,4
2250,2024-04-03 17:00:00,iOS,BR,premium,26,4
2251,2024-04-03 18:00:00,iOS,BR,free,27,4
2252,2024-04-03 19:00:00,Android,IN,premium,37,4
2253,2024-04-03 20:00:00,Android,US,premium,26,4
2255,2024-04-03 22:00:00,Android,US,premium,24,4
2256,2024-04-03 23:00:00,iOS,UK,free,50,4
2257,2024-04-04 00:00:00,iOS,US,free,35,4
2258,2024-04-04 01:00:00,iOS,US,free,25,4
2259,2024-04-04 02:00:00,iOS,DE,free,26,4
2260,2024-04-04 03:00:00,iOS,UK,premium,26,4
2261,2024-04-04 04:00:00,Android,US,premium,45,4
2262,2024-04-04 05:00:00,Android,US,free,19,4
2263,2024-04-04 06:00:00,Android,DE,premium,25,4
2264,2024-04-04 07:00:00,iOS,US,free,26,4
2265,2024-04-04 08:00:00,Android,BR,premium,31,4
2266,2024-04-04 09:00:00,Android,US,free,29,4
2267,2024-04-04 10:00:00,iOS,US,free,18,4
2268,2024-04-04 11:00:00,Android,US,free,28,4
2269,2024-04-04 12:00:00,iOS,UK,free,31,4
2270,2024-04-04 13:00:00,iOS,US,free,25,4
2273,2024-04-04 16:00:00,iOS,DE,premium,31,4
2274,2024-04-04 17:00:00,Android,US,free,34,4
2275,2024-04-04 18:00:00,Android,UK,free,18,4
2276,2024-04-04 19:00:00,Android,BR,free,27,4
2277,2024-04-04 20:00:00,Android,US,free,42,4
2278,2024-04-04 21:00:00,iOS,US,free,27,4
2279,2024-04-04 22:00:00,Android,BR,free,24,4
2280,2024-04-04 23:00:00,iOS,DE,free,54,4
2281,2024-04-05 00:00:00,iOS,UK,free,50,4
2282,2024-04-05 01:00:00,iOS,US,premium,36,4
2283,2024-04-05 02:00:00,iOS,US,free,43,4
2284,2024-04-05 03:00:00,iOS,DE,free,18,4
2285,2024-04-05 04:00:00,iOS,US,free,24,4
2286,2024-04-05 05:00:00,iOS,UK,premium,27,4
2287,2024-04-05 06:00:00,Android,UK,premium,29,4
2288,2024-04-05 07:00:00,iOS,US,free,27,4
2289,2024-04-05 08:00:00,iOS,IN,free,18,4
2291,2024-04-05 10:00:00,Android,DE,free,37,4
2292,2024-04-05 11:00:00,iOS,US,free,48,4
2293,2024-04-05 12:00:00,iOS,US,premium,24,4
2294,2024-04-05 13:00:00,iOS,UK,free,23,4
2295,2024-04-05 14:00:00,iOS,US,free,18,4
2296,2024-04-05 15:00:00,iOS,IN,premium,29,4
2297,2024-04-05 16:00:00,iOS,US,free,41,4
2298,2024-04-05 17:00:00,iOS,UK,free,25,4
2299,2024-04-05 18:00:00,iOS,US,free,53,4
2300,2024-04-05 19:00:00,iOS,DE,free,29,4
2301,2024-04-05 20:00:00,Android,US,premium,33,4
2302,2024-04-05 21:00:00,iOS,UK,free,18,4
2303,2024-04-05 22:00:00,iOS,US,free,34,4
2304,2024-04-05 23:00:00,iOS,BR,free,18,4
2305,2024-04-06 00:00:00,Android,US,premium,38,4
2306,2024-04-06 01:00:00,iOS,IN,free,39,4
2307,2024-04-06 02:00:00,iOS,BR,free,45,4
2308,2024-04-06 03:00:00,Android,US,premium,21,4
2309,2024-04-06 04:00:00,iOS,BR,free,33,4
2310,2024-04-06 05:00:00,iOS,US,free,37,4
2311,2024-04-06 06:00:00,iOS,IN,free,36,4
2312,2024-04-06 07:00:00,Android,UK,free,23,4
2313,2024-04-06 08:00:00,iOS,US,free,18,4
2314,2024-04-06 09:00:00,Android,US,free,35,4
2315,2024-04-06 10:00:00,Android,US,free,30,4
2316,2024-04-06 11:00:00,iOS,IN,free,26,4
2317,2024-04-06 12:00:00,iOS,US,free,39,4
2318,2024-04-06 13:00:00,iOS,DE,free,31,4
2319,2024-04-06 14:00:00,iOS,UK,free,18,4
2320,2024-04-06 15:00:00,iOS,IN,premium,18,4
2321,2024-04-06 16:00:00,Android,US,free,20,4
2322,2024-04-06 17:00:00,Android,UK,premium,55,4
2323,2024-04-06 18:00:00,Android,UK,free,39,4
2324,2024-04-06 19:00:00,iOS,DE,free,33,4
2325,2024-04-06 20:00:00,Android,US,free,30,4
2327,2024-04-06 22:00:00,Android,US,premium,43,4
2328,2024-04-06 23:00:00,iOS,DE,free,27,4
2330,2024-04-07 01:00:00,iOS,UK,free,28,4
2331,2024-04-07 02:00:00,iOS,US,free,51,4
2332,2024-04-07 03:00:00,iOS,BR,premium,39,4
2333,2024-04-07 04:00:00,Android,IN,premium,44,4
2334,2024-04-07 05:00:00,Android,UK,premium,26,4
2335,2024-04-07 06:00:00,iOS,US,free,42,4
2336,2024-04-07 07:00:00,iOS,US,free,28,4
2337,2024-04-07 08:00:00,iOS,US,free,33,4
2339,2024-04-07 10:00:00,iOS,DE,premium,21,4
2340,2024-04-07 11:00:00,iOS,UK,free,34,4
2341,2024-04-07 12:00:00,Android,IN,free,36,4
2342,2024-04-07 13:00:00,iOS,US,free,37,4
2343,2024-04-07 14:00:00,iOS,DE,free,27,4
2344,2024-04-07 15:00:00,iOS,UK,free,52,4
2345,2024-04-07 16:00:00,Android,UK,free,19,4
2346,2024-04-07 17:00:00,Android,US,premium,46,4
2347,2024-04-07 18:00:00,Android,UK,free,44,4
2348,2024-04-07 19:00:00,iOS,UK,premium,51,4
2349,2024-04-07 20:00:00,iOS,DE,free,18,4
2350,2024-04-07 21:00:00,iOS,IN,free,23,4
2351,2024-04-07 22:00:00,Android,US,free,46,4
2353,2024-04-08 00:00:00,Android,UK,free,18,4
2354,2024-04-08 01:00:00,Android,UK,free,27,4
2355,2024-04-08 02:00:00,Android,US,free,33,4
2356,2024-04-08 03:00:00,iOS,BR,free,47,4
2357,2024-04-08 04:00:00,Android,IN,premium,30,4
2358,2024-04-08 05:00:00,iOS,IN,premium,25,4
2359,2024-04-08 06:00:00,iOS,US,free,35,4
2360,2024-04-08 07:00:00,iOS,BR,free,36,4
2361,2024-04-08 08:00:00,iOS,DE,premium,36,4
2362,2024-04-08 09:00:00,iOS,UK,free,30,4
2363,2024-04-08 10:00:00,iOS,UK,free,18,4
2364,2024-04-08 11:00:00,iOS,BR,free,22,4
2365,2024-04-08 12:00:00,iOS,UK,free,46,4
2366,2024-04-08 13:00:00,iOS,US,free,33,4
2367,2024-04-08 14:00:00,iOS,UK,premium,28,4
2368,2024-04-08 15:00:00,iOS,UK,free,43,4
2369,2024-04-08 16:00:00,iOS,US,free,20,4
2370,2024-04-08 17:00:00,Android,IN,premium,29,4
2371,2024-04-08 18:00:00,Android,DE,free,33,4
2372,2024-04-08 19:00:00,Android,DE,free,27,4
2373,2024-04-08 20:00:00,Android,US,free,33,4
2374,2024-04-08 21:00:00,iOS,DE,free,30,4
2375,2024-04-08 22:00:00,Android,US,premium,18,4
2376,2024-04-08 23:00:00,iOS,US,premium,33,4
2377,2024-04-09 00:00:00,iOS,UK,free,18,4
2378,2024-04-09 01:00:00,Android,UK,free,33,4
2379,2024-04-09 02:00:00,iOS,UK,free,45,4
2380,2024-04-09 03:00:00,Android,US,premium,29,4
2381,2024-04-09 04:00:00,Android,UK,free,20,4
2382,2024-04-09 05:00:00,Android,US,free,30,4
2383,2024-04-09 06:00:00,Android,IN,free,23,4
2384,2024-04-09 07:00:00,iOS,UK,free,37,4
2385,2024-04-09 08:00:00,iOS,DE,free,30,4
2386,2024-04-09 09:00:00,iOS,US,free,49,4
2387,2024-04-09 10:00:00,iOS,US,premium,43,4
2388,2024-04-09 11:00:00,Android,IN,free,30,4
2389,2024-04-09 12:00:00,Android,US,premium,39,4
2390,2024-04-09 13:00:00,Android,UK,free,28,4
2391,2024-04-09 14:00:00,iOS,DE,free,32,4
2392,2024-04-09 15:00:00,iOS,US,premium,28,4
2393,2024-04-09 16:00:00,iOS,BR,free,39,4
2394,2024-04-09 17:00:00,iOS,UK,premium,46,4
2395,2024-04-09 18:00:00,Android,US,premium,39,4
2396,2024-04-09 19:00:00,iOS,US,free,41,4
2397,2024-04-09 20:00:00,iOS,US,free,41,4
2398,2024-04-09 21:00:00,iOS,BR,free,37,4
2399,2024-04-09 22:00:00,Android,DE,free,20,4
2400,2024-04-09 23:00:00,Android,US,free,49,4
2402,2024-04-10 01:00:00,iOS,DE,free,29,4
2403,2024-04-10 02:00:00,iOS,UK,free,28,4
2404,2024-04-10 03:00:00,iOS,UK,free,38,4
2405,2024-04-10 04:00:00,Android,US,premium,37,4
2406,2024-04-10 05:00:00,Android,US,free,29,4
2407,2024-04-10 06:00:00,iOS,DE,free,19,4
2408,2024-04-10 07:00:00,iOS,IN,free,35,4
2409,2024-04-10 08:00:00,Android,US,premium,37,4
2410,2024-04-10 09:00:00,iOS,UK,premium,39,4
2411,2024-04-10 10:00:00,Android,UK,free,35,4
2412,2024-04-10 11:00:00,iOS,UK,premium,29,4
2413,2024-04-10 12:00:00,iOS,US,free,41,4
2414,2024-04-10 13:00:00,iOS,BR,premium,32,4
2415,2024-04-10 14:00:00,iOS,UK,free,27,4
2416,2024-04-10 15:00:00,Android,UK,free,30,4
2417,2024-04-10 16:00:00,iOS,US,free,18,4
2418,2024-04-10 17:00:00,iOS,US,free,30,4
2419,2024-04-10 18:00:00,iOS,US,premium,38,4
2420,2024-04-10 19:00:00,iOS,DE,free,35,4
2421,2024-04-10 20:00:00,iOS,US,premium,47,4
2422,2024-04-10 21:00:00,iOS,DE,free,29,4
2423,2024-04-10 22:00:00,Android,US,free,36,4
2424,2024-04-10 23:00:00,iOS,UK,free,39,4
2425,2024-04-11 00:00:00,iOS,UK,free,55,4
2426,2024-04-11 01:00:00,Android,US,premium,33,4
2427,2024-04-11 02:00:00,iOS,US,free,21,4
2428,2024-04-11 03:00:00,Android,US,free,40,4
2429,2024-04-11 04:00:00,iOS,DE,free,50,4
2430,2024-04-11 05:00:00,Android,DE,free,28,4
2431,2024-04-11 06:00:00,Android,US,premium,40,4
2434,2024-04-11 09:00:00,iOS,US,free,33,4
2435,2024-04-11 10:00:00,Android,US,free,25,4
2436,2024-04-11 11:00:00,iOS,BR,premium,31,4
2437,2024-04-11 12:00:00,iOS,US,free,36,4
2439,2024-04-11 14:00:00,iOS,US,free,35,4
2440,2024-04-11 15:00:00,iOS,US,free,28,4
2442,2024-04-11 17:00:00,iOS,US,free,40,4
2443,2024-04-11 18:00:00,Android,US,premium,35,4
2444,2024-04-11 19:00:00,Android,DE,free,23,4
2446,2024-04-11 21:00:00,iOS,DE,free,41,4
2447,2024-04-11 22:00:00,iOS,UK,free,18,4
2448,2024-04-11 23:00:00,iOS,US,premium,18,4
2450,2024-04-12 01:00:00,iOS,US,free,37,4
2451,2024-04-12 02:00:00,iOS,UK,premium,38,4
2452,2024-04-12 03:00:00,Android,UK,premium,21,4
2453,2024-04-12 04:00:00,iOS,US,free,39,4
2454,2024-04-12 05:00:00,iOS,DE,premium,34,4
2455,2024-04-12 06:00:00,iOS,BR,free,18,4
2457,2024-04-12 08:00:00,iOS,DE,free,33,4
2458,2024-04-12 09:00:00,Android,UK,free,28,4
2459,2024-04-12 10:00:00,iOS,US,free,28,4
2460,2024-04-12 11:00:00,iOS,US,free,18,4
2461,2024-04-12 12:00:00,Android,UK,free,37,4
2462,2024-04-12 13:00:00,Android,US,premium,34,4
2464,2024-04-12 15:00:00,iOS,US,premium,44,4
2466,2024-04-12 17:00:00,iOS,US,free,26,4
2467,2024-04-12 18:00:00,iOS,BR,free,23,4
2468,2024-04-12 19:00:00,iOS,DE,free,29,4
2469,2024-04-12 20:00:00,iOS,DE,free,32,4
2470,2024-04-12 21:00:00,iOS,US,free,36,4
2471,2024-04-12 22:00:00,iOS,BR,free,28,4
2472,2024-04-12 23:00:00,Android,US,free,23,4
2473,2024-04-13 00:00:00,Android,BR,free,48,4
2474,2024-04-13 01:00:00,Android,UK,free,56,4
2475,2024-04-13 02:00:00,iOS,US,free,33,4
2476,2024-04-13 03:00:00,Android,UK,free,24,4
2477,2024-04-13 04:00:00,iOS,DE,free,46,4
2478,2024-04-13 05:00:00,Android,US,free,18,4
2479,2024-04-13 06:00:00,iOS,BR,free,28,4
2480,2024-04-13 07:00:00,Android,UK,free,25,4
2481,2024-04-13 08:00:00,iOS,US,premium,20,4
2482,2024-04-13 09:00:00,Android,US,premium,29,4
2483,2024-04-13 10:00:00,Android,UK,free,23,4
2484,2024-04-13 11:00:00,iOS,UK,free,32,4
2485,2024-04-13 12:00:00,iOS,UK,free,32,4
2486,2024-04-13 13:00:00,Android,DE,free,25,4
2487,2024-04-13 14:00:00,iOS,UK,free,28,4
2488,2024-04-13 15:00:00,Android,IN,free,29,4
2489,2024-04-13 16:00:00,iOS,UK,free,40,4
2490,2024-04-13 17:00:00,iOS,BR,premium,30,4
2491,2024-04-13 18:00:00,iOS,US,premium,40,4
2492,2024-04-13 19:00:00,iOS,US,free,37,4
2493,2024-04-13 20:00:00,Android,US,free,37,4
2494,2024-04-13 21:00:00,iOS,UK,free,45,4
2495,2024-04-13 22:00:00,iOS,BR,free,20,4
2496,2024-04-13 23:00:00,iOS,US,premium,27,4
2497,2024-04-14 00:00:00,iOS,US,free,49,4
2498,2024-04-14 01:00:00,Android,BR,free,29,4
2499,2024-04-14 02:00:00,Android,US,premium,18,4
2500,2024-04-14 03:00:00,iOS,DE,premium,29,4
2501,2024-04-14 04:00:00,Android,UK,premium,33,4
2502,2024-04-14 05:00:00,Android,BR,free,18,4
2503,2024-04-14 06:00:00,iOS,US,free,45,4
2504,2024-04-14 07:00:00,Android,US,free,24,4
2505,2024-04-14 08:00:00,iOS,UK,free,35,4
2506,2024-04-14 09:00:00,iOS,IN,premium,29,4
2507,2024-04-14 10:00:00,Android,UK,free,19,4
2508,2024-04-14 11:00:00,iOS,US,premium,21,4
2509,2024-04-14 12:00:00,Android,DE,free,22,4
2510,2024-04-14 13:00:00,Android,IN,premium,42,4
2511,2024-04-14 14:00:00,iOS,BR,free,30,4
2512,2024-04-14 15:00:00,Android,IN,premium,26,4
2513,2024-04-14 16:00:00,iOS,US,free,22,4
2514,2024-04-14 17:00:00,iOS,US,free,43,4
2515,2024-04-14 18:00:00,Android,DE,premium,46,4
2516,2024-04-14 19:00:00,Android,BR,free,43,4
2517,2024-04-14 20:00:00,iOS,US,free,36,4
2518,2024-04-14 21:00:00,iOS,US,premium,34,4
2519,2024-04-14 22:00:00,Android,BR,free,19,4
2520,2024-04-14 23:00:00,Android,US,free,29,4
2521,2024-04-15 00:00:00,Android,US,free,25,4
2522,2024-04-15 01:00:00,iOS,UK,premium,18,4
2523,2024-04-15 02:00:00,iOS,UK,free,42,4
2524,2024-04-15 03:00:00,iOS,DE,free,25,4
2525,2024-04-15 04:00:00,Android,US,free,43,4
2526,2024-04-15 05:00:00,iOS,DE,free,40,4
2527,2024-04-15 06:00:00,iOS,UK,free,37,4
2528,2024-04-15 07:00:00,Android,UK,free,38,4
2529,2024-04-15 08:00:00,iOS,DE,free,25,4
2530,2024-04-15 09:00:00,Android,US,free,50,4
2531,2024-04-15 10:00:00,Android,US,free,32,4
2532,2024-04-15 11:00:00,Android,US,free,35,4
2533,2024-04-15 12:00:00,iOS,US,free,25,4
2534,2024-04-15 13:00:00,iOS,UK,free,22,4
2535,2024-04-15 14:00:00,Android,BR,free,36,4
2536,2024-04-15 15:00:00,Android,DE,free,34,4
2537,2024-04-15 16:00:00,Android,BR,free,24,4
2538,2024-04-15 17:00:00,iOS,US,free,18,4
2539,2024-04-15 18:00:00,Android,UK,free,19,4
2540,2024-04-15 19:00:00,Android,US,free,43,4
2541,2024-04-15 20:00:00,Android,US,free,25,4
2542,2024-04-15 21:00:00,Android,US,free,28,4
2543,2024-04-15 22:00:00,Android,UK,premium,46,4
2544,2024-04-15 23:00:00,Android,IN,free,20,4
2545,2024-04-16 00:00:00,iOS,US,free,24,4
2546,2024-04-16 01:00:00,iOS,US,free,24,4
2547,2024-04-16 02:00:00,iOS,BR,free,48,4
2548,2024-04-16 03:00:00,iOS,US,free,51,4
2549,2024-04-16 04:00:00,iOS,BR,free,39,4
2550,2024-04-16 05:00:00,iOS,DE,premium,39,4
2551,2024-04-16 06:00:00,iOS,IN,free,26,4
2552,2024-04-16 07:00:00,iOS,UK,free,51,4
2553,2024-04-16 08:00:00,Android,DE,free,34,4
2554,2024-04-16 09:00:00,Android,UK,free,40,4
2555,2024-04-16 10:00:00,iOS,DE,free,30,4
2556,2024-04-16 11:00:00,Android,UK,free,29,4
2557,2024-04-16 12:00:00,iOS,US,free,48,4
2558,2024-04-16 13:00:00,iOS,UK,free,37,4
2559,2024-04-16 14:00:00,iOS,UK,premium,46,4
2560,2024-04-16 15:00:00,iOS,BR,free,34,4
2561,2024-04-16 16:00:00,Android,DE,premium,23,4
2562,2024-04-16 17:00:00,Android,DE,free,26,4
2563,2024-04-16 18:00:00,iOS,US,free,33,4
2564,2024-04-16 19:00:00,iOS,DE,premium,25,4
2565,2024-04-16 20:00:00,iOS,UK,free,20,4
2566,2024-04-16 21:00:00,iOS,BR,premium,44,4
2567,2024-04-16 22:00:00,iOS,IN,free,26,4
2568,2024-04-16 23:00:00,iOS,US,free,33,4
2569,2024-04-17 00:00:00,Android,BR,free,34,4
2570,2024-04-17 01:00:00,Android,US,free,26,4
2571,2024-04-17 02:00:00,iOS,US,premium,46,4
2572,2024-04-17 03:00:00,Android,UK,premium,20,4
2573,2024-04-17 04:00:00,iOS,US,free,34,4
2574,2024-04-17 05:00:00,iOS,DE,free,34,4
2575,2024-04-17 06:00:00,iOS,US,free,31,4
2576,2024-04-17 07:00:00,Android,US,free,19,4
2577,2024-04-17 08:00:00,Android,UK,free,40,4
2578,2024-04-17 09:00:00,Android,DE,free,39,4
2579,2024-04-17 10:00:00,iOS,IN,free,25,4
2580,2024-04-17 11:00:00,Android,DE,free,39,4
2581,2024-04-17 12:00:00,iOS,DE,premium,35,4
2582,2024-04-17 13:00:00,Android,US,premium,19,4
2583,2024-04-17 14:00:00,iOS,US,premium,23,4
2584,2024-04-17 15:00:00,iOS,US,premium,43,4
2585,2024-04-17 16:00:00,iOS,UK,free,35,4
2586,2024-04-17 17:00:00,Android,DE,free,26,4
2587,2024-04-17 18:00:00,iOS,UK,free,23,4
2588,2024-04-17 19:00:00,Android,DE,premium,26,4
2589,2024-04-17 20:00:00,iOS,UK,premium,27,4
2590,2024-04-17 21:00:00,Android,US,free,23,4
2592,2024-04-17 23:00:00,Android,BR,free,43,4
2593,2024-04-18 00:00:00,iOS,DE,free,41,4
2594,2024-04-18 01:00:00,iOS,BR,free,19,4
2595,2024-04-18 02:00:00,iOS,US,free,33,4
2596,2024-04-18 03:00:00,Android,IN,free,22,4
2597,2024-04-18 04:00:00,iOS,US,free,29,4
2598,2024-04-18 05:00:00,iOS,US,free,28,4
2599,2024-04-18 06:00:00,iOS,IN,free,27,4
2600,2024-04-18 07:00:00,iOS,US,free,52,4
2601,2024-04-18 08:00:00,Android,DE,free,27,4
2602,2024-04-18 09:00:00,iOS,US,free,23,4
2603,2024-04-18 10:00:00,Android,UK,free,24,4
2604,2024-04-18 11:00:00,iOS,IN,free,42,4
2605,2024-04-18 12:00:00,iOS,US,premium,18,4
2606,2024-04-18 13:00:00,iOS,DE,free,24,4
2607,2024-04-18 14:00:00,iOS,US,free,46,4
2608,2024-04-18 15:00:00,iOS,DE,premium,34,4
2609,2024-04-18 16:00:00,Android,US,premium,33,4
2610,2024-04-18 17:00:00,iOS,US,premium,53,4
2611,2024-04-18 18:00:00,Android,US,free,34,4
2612,2024-04-18 19:00:00,iOS,US,free,24,4
2613,2024-04-18 20:00:00,iOS,IN,free,29,4
2614,2024-04-18 21:00:00,Android,US,free,20,4
2615,2024-04-18 22:00:00,iOS,US,premium,44,4
2616,2024-04-18 23:00:00,iOS,UK,free,37,4
2617,2024-04-19 00:00:00,iOS,US,free,43,4
2618,2024-04-19 01:00:00,iOS,DE,free,44,4
2619,2024-04-19 02:00:00,Android,IN,free,27,4
2620,2024-04-19 03:00:00,iOS,UK,free,22,4
2621,2024-04-19 04:00:00,Android,BR,free,31,4
2622,2024-04-19 05:00:00,Android,UK,premium,23,4
2623,2024-04-19 06:00:00,iOS,US,premium,33,4
2624,2024-04-19 07:00:00,Android,DE,free,43,4
2625,2024-04-19 08:00:00,iOS,UK,free,30,4
2626,2024-04-19 09:00:00,Android,DE,free,33,4
2627,2024-04-19 10:00:00,iOS,BR,free,31,4
2628,2024-04-19 11:00:00,Android,UK,premium,40,4
2629,2024-04-19 12:00:00,iOS,IN,free,25,4
2630,2024-04-19 13:00:00,iOS,BR,free,18,4
2631,2024-04-19 14:00:00,Android,UK,free,36,4
2632,2024-04-19 15:00:00,Android,DE,free,41,4
2633,2024-04-19 16:00:00,iOS,US,free,36,4
2635,2024-04-19 18:00:00,Android,DE,free,20,4
2636,2024-04-19 19:00:00,Android,US,free,36,4
2637,2024-04-19 20:00:00,Android,US,free,33,4
2638,2024-04-19 21:00:00,Android,DE,premium,30,4
2639,2024-04-19 22:00:00,Android,US,free,50,4
2640,2024-04-19 23:00:00,Android,US,free,22,4
2641,2024-04-20 00:00:00,iOS,UK,free,49,4
2642,2024-04-20 01:00:00,iOS,US,free,32,4
2643,2024-04-20 02:00:00,Android,UK,premium,18,4
2644,2024-04-20 03:00:00,Android,US,premium,30,4
2645,2024-04-20 04:00:00,iOS,US,free,41,4
2646,2024-04-20 05:00:00,iOS,DE,free,28,4
2647,2024-04-20 06:00:00,Android,UK,free,18,4
2648,2024-04-20 07:00:00,iOS,US,free,30,4
2649,2024-04-20 08:00:00,iOS,US,free,23,4
2650,2024-04-20 09:00:00,iOS,UK,premium,36,4
2651,2024-04-20 10:00:00,iOS,US,free,39,4
2652,2024-04-20 11:00:00,iOS,US,free,21,4
2654,2024-04-20 13:00:00,iOS,BR,free,39,4
2655,2024-04-20 14:00:00,Android,BR,free,23,4
2656,2024-04-20 15:00:00,iOS,BR,free,21,4
2657,2024-04-20 16:00:00,Android,DE,free,20,4
2658,2024-04-20 17:00:00,Android,DE,free,35,4
2659,2024-04-20 18:00:00,iOS,UK,free,35,4
2660,2024-04-20 19:00:00,Android,DE,premium,25,4
2662,2024-04-20 21:00:00,Android,DE,free,47,4
2663,2024-04-20 22:00:00,iOS,BR,free,22,4
2664,2024-04-20 23:00:00,Android,UK,free,18,4
2665,2024-04-21 00:00:00,Android,US,free,36,4
2666,2024-04-21 01:00:00,iOS,US,free,30,4
2667,2024-04-21 02:00:00,iOS,DE,premium,24,4
2668,2024-04-21 03:00:00,Android,DE,premium,38,4
2669,2024-04-21 04:00:00,Android,BR,free,40,4
2670,2024-04-21 05:00:00,iOS,US,free,18,4
2671,2024-04-21 06:00:00,Android,BR,free,25,4
2672,2024-04-21 07:00:00,iOS,UK,free,55,4
2673,2024-04-21 08:00:00,Android,BR,free,37,4
2674,2024-04-21 09:00:00,iOS,UK,free,38,4
2675,2024-04-21 10:00:00,Android,UK,free,43,4
2676,2024-04-21 11:00:00,iOS,UK,premium,32,4
2677,2024-04-21 12:00:00,iOS,DE,free,39,4
2678,2024-04-21 13:00:00,iOS,IN,premium,39,4
2679,2024-04-21 14:00:00,iOS,US,free,37,4
2680,2024-04-21 15:00:00,iOS,US,free,28,4
2681,2024-04-21 16:00:00,iOS,IN,free,33,4
2682,2024-04-21 17:00:00,Android,UK,free,26,4
2683,2024-04-21 18:00:00,iOS,DE,free,32,4
2685,2024-04-21 20:00:00,iOS,US,free,24,4
2686,2024-04-21 21:00:00,iOS,BR,premium,29,4
2687,2024-04-21 22:00:00,iOS,DE,free,22,4
2688,2024-04-21 23:00:00,iOS,US,free,26,4
2689,2024-04-22 00:00:00,iOS,US,free,30,4
2690,2024-04-22 01:00:00,iOS,BR,free,36,4
2691,2024-04-22 02:00:00,iOS,US,free,41,4
2692,2024-04-22 03:00:00,iOS,BR,free,27,4
2693,2024-04-22 04:00:00,iOS,US,free,45,4
2694,2024-04-22 05:00:00,iOS,UK,premium,41,4
2695,2024-04-22 06:00:00,Android,IN,free,37,4
2696,2024-04-22 07:00:00,iOS,DE,free,33,4
2697,2024-04-22 08:00:00,Android,UK,free,35,4
2700,2024-04-22 11:00:00,Android,US,free,45,4
2701,2024-04-22 12:00:00,iOS,IN,free,32,4
2702,2024-04-22 13:00:00,Android,BR,free,37,4
2703,2024-04-22 14:00:00,iOS,DE,premium,45,4
2704,2024-04-22 15:00:00,iOS,US,free,25,4
2705,2024-04-22 16:00:00,Android,US,free,28,4
2706,2024-04-22 17:00:00,Android,US,premium,32,4
2707,2024-04-22 18:00:00,iOS,UK,free,40,4
2708,2024-04-22 19:00:00,iOS,BR,premium,41,4
2709,2024-04-22 20:00:00,iOS,UK,free,29,4
2710,2024-04-22 21:00:00,iOS,BR,free,18,4
2711,2024-04-22 22:00:00,Android,US,free,34,4
2712,2024-04-22 23:00:00,iOS,US,free,22,4
2713,2024-04-23 00:00:00,iOS,US,free,18,4
2714,2024-04-23 01:00:00,iOS,UK,free,19,4
2715,2024-04-23 02:00:00,iOS,US,free,35,4
2716,2024-04-23 03:00:00,iOS,IN,free,45,4
2717,2024-04-23 04:00:00,Android,US,free,32,4
2718,2024-04-23 05:00:00,Android,IN,free,34,4
2719,2024-04-23 06:00:00,Android,UK,free,43,4
2720,2024-04-23 07:00:00,iOS,IN,free,18,4
2721,2024-04-23 08:00:00,Android,UK,free,37,4
2722,2024-04-23 09:00:00,Android,IN,free,31,4
2723,2024-04-23 10:00:00,Android,US,premium,37,4
2724,2024-04-23 11:00:00,iOS,DE,premium,27,4
2725,2024-04-23 12:00:00,iOS,IN,free,23,4
2726,2024-04-23 13:00:00,iOS,US,premium,33,4
2727,2024-04-23 14:00:00,iOS,US,premium,48,4
2728,2024-04-23 15:00:00,iOS,UK,premium,40,4
2729,2024-04-23 16:00:00,iOS,IN,free,26,4
2730,2024-04-23 17:00:00,iOS,UK,free,18,4
2731,2024-04-23 18:00:00,Android,UK,free,18,4
2732,2024-04-23 19:00:00,iOS,US,free,45,4
2733,2024-04-23 20:00:00,iOS,US,free,22,4
2734,2024-04-23 21:00:00,Android,BR,free,28,4
2735,2024-04-23 22:00:00,Android,US,free,45,4
2736,2024-04-23 23:00:00,Android,DE,free,18,4
2737,2024-04-24 00:00:00,Android,IN,free,46,4
2738,2024-04-24 01:00:00,iOS,US,free,29,4
2739,2024-04-24 02:00:00,Android,DE,premium,20,4
2740,2024-04-24 03:00:00,iOS,US,free,29,4
2741,2024-04-24 04:00:00,iOS,DE,free,24,4
2743,2024-04-24 06:00:00,iOS,DE,free,25,4
2744,2024-04-24 07:00:00,iOS,US,free,18,4
2745,2024-04-24 08:00:00,Android,UK,premium,29,4
2746,2024-04-24 09:00:00,Android,UK,free,18,4
2747,2024-04-24 10:00:00,iOS,US,free,34,4
2749,2024-04-24 12:00:00,Android,US,free,27,4
2750,2024-04-24 13:00:00,Android,DE,free,33,4
2751,2024-04-24 14:00:00,iOS,US,free,29,4
2752,2024-04-24 15:00:00,Android,DE,free,34,4
2753,2024-04-24 16:00:00,iOS,US,free,38,4
2754,2024-04-24 17:00:00,iOS,UK,free,20,4
2755,2024-04-24 18:00:00,Android,US,free,31,4
2756,2024-04-24 19:00:00,iOS,DE,premium,18,4
2757,2024-04-24 20:00:00,iOS,US,free,34,4
2758,2024-04-24 21:00:00,Android,BR,premium,28,4
2759,2024-04-24 22:00:00,Android,BR,free,22,4
2760,2024-04-24 23:00:00,iOS,US,free,35,4
2761,2024-04-25 00:00:00,iOS,DE,free,43,4
2762,2024-04-25 01:00:00,iOS,US,free,27,4
2763,2024-04-25 02:00:00,Android,US,free,22,4
2764,2024-04-25 03:00:00,iOS,DE,free,33,4
2765,2024-04-25 04:00:00,iOS,DE,premium,18,4
2766,2024-04-25 05:00:00,Android,DE,free,25,4
2767,2024-04-25 06:00:00,iOS,US,free,44,4
2768,2024-04-25 07:00:00,iOS,US,premium,32,4
2769,2024-04-25 08:00:00,iOS,US,free,18,4
2770,2024-04-25 09:00:00,Android,DE,free,18,4
2771,2024-04-25 10:00:00,iOS,UK,free,33,4
2772,2024-04-25 11:00:00,iOS,DE,free,40,4
2773,2024-04-25 12:00:00,Android,US,free,18,4
2774,2024-04-25 13:00:00,iOS,US,free,36,4
2775,2024-04-25 14:00:00,iOS,US,free,45,4
2776,2024-04-25 15:00:00,iOS,US,free,50,4
2777,2024-04-25 16:00:00,iOS,US,free,35,4
2778,2024-04-25 17:00:00,iOS,BR,premium,37,4
2779,2024-04-25 18:00:00,iOS,BR,premium,18,4
2780,2024-04-25 19:00:00,iOS,UK,free,52,4
2781,2024-04-25 20:00:00,iOS,UK,free,26,4
2782,2024-04-25 21:00:00,Android,US,premium,22,4
2783,2024-04-25 22:00:00,Android,BR,free,29,4
2784,2024-04-25 23:00:00,Android,US,free,47,4
2785,2024-04-26 00:00:00,Android,IN,free,54,4
2786,2024-04-26 01:00:00,iOS,UK,premium,33,4
2787,2024-04-26 02:00:00,Android,US,free,41,4
2788,2024-04-26 03:00:00,iOS,IN,premium,32,4
2789,2024-04-26 04:00:00,Android,US,free,21,4
2790,2024-04-26 05:00:00,Android,UK,free,46,4
2791,2024-04-26 06:00:00,Android,UK,free,25,4
2792,2024-04-26 07:00:00,Android,US,free,47,4
2794,2024-04-26 09:00:00,iOS,DE,premium,38,4
2795,2024-04-26 10:00:00,iOS,DE,free,50,4
2796,2024-04-26 11:00:00,iOS,US,premium,54,4
2797,2024-04-26 12:00:00,iOS,IN,premium,30,4
2798,2024-04-26 13:00:00,Android,US,free,23,4
2799,2024-04-26 14:00:00,Android,US,free,18,4
2800,2024-04-26 15:00:00,iOS,US,free,54,4
2801,2024-04-26 16:00:00,Android,US,free,27,4
2802,2024-04-26 17:00:00,Android,US,free,43,4
2804,2024-04-26 19:00:00,Android,US,free,47,4
2805,2024-04-26 20:00:00,iOS,US,premium,24,4
2806,2024-04-26 21:00:00,Android,US,premium,20,4
2807,2024-04-26 22:00:00,Android,DE,free,29,4
2808,2024-04-26 23:00:00,iOS,BR,free,26,4
2809,2024-04-27 00:00:00,iOS,US,free,37,4
2810,2024-04-27 01:00:00,Android,US,free,31,4
2811,2024-04-27 02:00:00,iOS,US,free,38,4
2812,2024-04-27 03:00:00,Android,US,free,29,4
2813,2024-04-27 04:00:00,Android,US,free,25,4
2814,2024-04-27 05:00:00,iOS,UK,free,26,4
2815,2024-04-27 06:00:00,iOS,US,free,52,4
2816,2024-04-27 07:00:00,Android,UK,free,34,4
2817,2024-04-27 08:00:00,iOS,US,premium,18,4
2818,2024-04-27 09:00:00,iOS,IN,premium,26,4
2819,2024-04-27 10:00:00,iOS,IN,free,32,4
2820,2024-04-27 11:00:00,iOS,UK,free,50,4
2821,2024-04-27 12:00:00,Android,US,free,42,4
2822,2024-04-27 13:00:00,iOS,US,free,22,4
2823,2024-04-27 14:00:00,Android,UK,free,56,4
2824,2024-04-27 15:00:00,iOS,DE,free,31,4
2825,2024-04-27 16:00:00,iOS,UK,premium,44,4
2826,2024-04-27 17:00:00,Android,BR,free,20,4
2827,2024-04-27 18:00:00,Android,IN,premium,18,4
2828,2024-04-27 19:00:00,iOS,US,free,18,4
2829,2024-04-27 20:00:00,iOS,UK,free,18,4
2831,2024-04-27 22:00:00,iOS,US,free,34,4
2832,2024-04-27 23:00:00,Android,UK,free,22,4
2833,2024-04-28 00:00:00,iOS,US,free,36,4
2834,2024-04-28 01:00:00,iOS,BR,free,33,4
2835,2024-04-28 02:00:00,iOS,US,free,38,4
2836,2024-04-28 03:00:00,Android,UK,free,44,4
2837,2024-04-28 04:00:00,Android,DE,premium,29,4
2838,2024-04-28 05:00:00,iOS,DE,free,23,4
2839,2024-04-28 06:00:00,Android,US,free,40,4
2840,2024-04-28 07:00:00,iOS,BR,free,40,4
2841,2024-04-28 08:00:00,iOS,UK,premium,33,4
2842,2024-04-28 09:00:00,Android,UK,free,53,4
2843,2024-04-28 10:00:00,Android,US,free,27,4
2844,2024-04-28 11:00:00,Android,UK,free,23,4
2845,2024-04-28 12:00:00,iOS,BR,free,36,4
2846,2024-04-28 13:00:00,iOS,DE,free,25,4
2847,2024-04-28 14:00:00,Android,BR,premium,36,4
2848,2024-04-28 15:00:00,iOS,UK,premium,23,4
2849,2024-04-28 16:00:00,iOS,US,free,27,4
2850,2024-04-28 17:00:00,iOS,US,free,50,4
2851,2024-04-28 18:00:00,Android,US,free,27,4
2852,2024-04-28 19:00:00,iOS,DE,free,24,4
2853,2024-04-28 20:00:00,iOS,BR,premium,43,4
2854,2024-04-28 21:00:00,Android,US,free,21,4
2855,2024-04-28 22:00:00,iOS,UK,free,25,4
2856,2024-04-28 23:00:00,iOS,UK,free,37,4
2857,2024-04-29 00:00:00,iOS,UK,premium,41,4
2858,2024-04-29 01:00:00,iOS,US,free,44,4
2859,2024-04-29 02:00:00,iOS,US,free,24,4
2860,2024-04-29 03:00:00,iOS,US,free,37,4
2861,2024-04-29 04:00:00,Android,US,free,27,4
2862,2024-04-29 05:00:00,iOS,US,premium,25,4
2863,2024-04-29 06:00:00,Android,US,free,44,4
2864,2024-04-29 07:00:00,iOS,DE,free,26,4
2865,2024-04-29 08:00:00,iOS,US,free,34,4
2866,2024-04-29 09:00:00,iOS,IN,premium,33,4
2867,2024-04-29 10:00:00,iOS,US,free,21,4
2868,2024-04-29 11:00:00,Android,US,free,41,4
2869,2024-04-29 12:00:00,iOS,US,free,37,4
2870,2024-04-29 13:00:00,iOS,US,free,18,4
2871,2024-04-29 14:00:00,Android,BR,free,34,4
2872,2024-04-29 15:00:00,Android,US,premium,24,4
2874,2024-04-29 17:00:00,iOS,BR,free,18,4
2875,2024-04-29 18:00:00,Android,UK,premium,28,4
2876,2024-04-29 19:00:00,iOS,UK,free,35,4
2877,2024-04-29 20:00:00,iOS,DE,free,32,4
2878,2024-04-29 21:00:00,iOS,US,free,39,4
2879,2024-04-29 22:00:00,iOS,DE,free,18,4
2880,2024-04-29 23:00:00,iOS,US,free,48,4
2881,2024-04-30 00:00:00,iOS,US,premium,37,4
2882,2024-04-30 01:00:00,Android,UK,premium,45,4
2883,2024-04-30 02:00:00,iOS,UK,free,40,4
2884,2024-04-30 03:00:00,iOS,BR,free,31,4
2885,2024-04-30 04:00:00,iOS,US,free,19,4
2886,2024-04-30 05:00:00,Android,BR,free,26,4
2887,2024-04-30 06:00:00,iOS,US,free,47,4
2888,2024-04-30 07:00:00,iOS,US,free,45,4
2889,2024-04-30 08:00:00,Android,US,premium,25,4
2890,2024-04-30 09:00:00,Android,UK,premium,18,4
2891,2024-04-30 10:00:00,iOS,US,free,29,4
2892,2024-04-30 11:00:00,Android,UK,free,29,4
2893,2024-04-30 12:00:00,Android,BR,free,29,4
2894,2024-04-30 13:00:00,Android,UK,premium,37,4
2895,2024-04-30 14:00:00,iOS,UK,free,40,4
2896,2024-04-30 15:00:00,Android,BR,free,41,4
2897,2024-04-30 16:00:00,iOS,DE,free,36,4
2898,2024-04-30 17:00:00,iOS,UK,premium,18,4
2899,2024-04-30 18:00:00,iOS,US,premium,28,4
2900,2024-04-30 19:00:00,iOS,BR,free,55,4
2902,2024-04-30 21:00:00,Android,US,free,35,4
2903,2024-04-30 22:00:00,iOS,US,free,35,4
2904,2024-04-30 23:00:00,iOS,BR,premium,36,4
2905,2024-05-01 00:00:00,iOS,US,premium,18,5
2906,2024-05-01 01:00:00,iOS,IN,free,29,5
2907,2024-05-01 02:00:00,Android,US,free,31,5
2908,2024-05-01 03:00:00,iOS,BR,premium,44,5
2909,2024-05-01 04:00:00,iOS,US,premium,32,5
2910,2024-05-01 05:00:00,iOS,UK,premium,18,5
2911,2024-05-01 06:00:00,iOS,BR,free,36,5
2912,2024-05-01 07:00:00,iOS,UK,premium,23,5
2913,2024-05-01 08:00:00,Android,UK,premium,19,5
2914,2024-05-01 09:00:00,Android,US,free,23,5
2915,2024-05-01 10:00:00,iOS,US,premium,37,5
2916,2024-05-01 11:00:00,Android,US,free,44,5
2917,2024-05-01 12:00:00,Android,DE,free,36,5
2918,2024-05-01 13:00:00,Android,US,free,38,5
2919,2024-05-01 14:00:00,iOS,US,free,36,5
2920,2024-05-01 15:00:00,iOS,UK,free,33,5
2921,2024-05-01 16:00:00,iOS,DE,premium,38,5
2922,2024-05-01 17:00:00,Android,DE,free,18,5
2923,2024-05-01 18:00:00,Android,US,free,33,5
2924,2024-05-01 19:00:00,iOS,US,premium,21,5
2925,2024-05-01 20:00:00,iOS,IN,free,43,5
2926,2024-05-01 21:00:00,Android,US,free,30,5
2927,2024-05-01 22:00:00,Android,BR,free,32,5
2928,2024-05-01 23:00:00,Android,BR,free,18,5
2929,2024-05-02 00:00:00,Android,BR,free,42,5
2930,2024-05-02 01:00:00,iOS,US,premium,38,5
2931,2024-05-02 02:00:00,iOS,BR,free,37,5
2932,2024-05-02 03:00:00,Android,BR,premium,23,5
2933,2024-05-02 04:00:00,iOS,UK,free,24,5
2935,2024-05-02 06:00:00,Android,US,free,25,5
2936,2024-05-02 07:00:00,iOS,US,free,36,5
2937,2024-05-02 08:00:00,Android,UK,free,18,5
2938,2024-05-02 09:00:00,iOS,UK,free,27,5
2939,2024-05-02 10:00:00,Android,US,free,49,5
2940,2024-05-02 11:00:00,iOS,UK,free,36,5
2941,2024-05-02 12:00:00,iOS,US,free,33,5
2942,2024-05-02 13:00:00,Android,DE,free,51,5
2943,2024-05-02 14:00:00,iOS,IN,free,18,5
2944,2024-05-02 15:00:00,Android,US,premium,23,5
2945,2024-05-02 16:00:00,Android,US,free,27,5
2947,2024-05-02 18:00:00,iOS,DE,free,40,5
2948,2024-05-02 19:00:00,iOS,DE,free,23,5
2949,2024-05-02 20:00:00,iOS,IN,premium,41,5
2951,2024-05-02 22:00:00,Android,IN,free,44,5
2952,2024-05-02 23:00:00,Android,US,premium,21,5
2953,2024-05-03 00:00:00,Android,DE,free,30,5
2954,2024-05-03 01:00:00,iOS,US,free,27,5
2955,2024-05-03 02:00:00,Android,BR,free,42,5
2956,2024-05-03 03:00:00,Android,UK,free,26,5
2957,2024-05-03 04:00:00,Android,DE,premium,31,5
2958,2024-05-03 05:00:00,Android,BR,premium,37,5
2959,2024-05-03 06:00:00,iOS,US,free,37,5
2960,2024-05-03 07:00:00,Android,US,premium,40,5
2961,2024-05-03 08:00:00,iOS,BR,free,34,5
2962,2024-05-03 09:00:00,iOS,US,free,27,5
2963,2024-05-03 10:00:00,iOS,US,premium,28,5
2964,2024-05-03 11:00:00,Android,UK,free,32,5
2965,2024-05-03 12:00:00,Android,UK,free,34,5
2966,2024-05-03 13:00:00,Android,US,free,30,5
2968,2024-05-03 15:00:00,iOS,US,free,18,5
2970,2024-05-03 17:00:00,iOS,BR,free,33,5
2971,2024-05-03 18:00:00,iOS,IN,free,42,5
2972,2024-05-03 19:00:00,iOS,DE,premium,32,5
2973,2024-05-03 20:00:00,Android,US,premium,18,5
2974,2024-05-03 21:00:00,Android,IN,free,28,5
2975,2024-05-03 22:00:00,iOS,UK,premium,30,5
2976,2024-05-03 23:00:00,iOS,US,free,39,5
2977,2024-05-04 00:00:00,Android,IN,free,18,5
2978,2024-05-04 01:00:00,iOS,BR,free,32,5
2979,2024-05-04 02:00:00,Android,DE,free,37,5
2980,2024-05-04 03:00:00,Android,DE,free,25,5
2981,2024-05-04 04:00:00,iOS,US,free,32,5
2982,2024-05-04 05:00:00,iOS,US,free,25,5
2983,2024-05-04 06:00:00,Android,DE,free,24,5
2984,2024-05-04 07:00:00,Android,US,premium,27,5
2985,2024-05-04 08:00:00,iOS,UK,free,24,5
2986,2024-05-04 09:00:00,Android,BR,premium,38,5
2987,2024-05-04 10:00:00,iOS,BR,premium,24,5
2988,2024-05-04 11:00:00,iOS,UK,free,22,5
2989,2024-05-04 12:00:00,Android,BR,free,49,5
2990,2024-05-04 13:00:00,Android,BR,free,41,5
2991,2024-05-04 14:00:00,iOS,DE,premium,18,5
2992,2024-05-04 15:00:00,Android,US,free,24,5
2993,2024-05-04 16:00:00,iOS,US,free,34,5
2994,2024-05-04 17:00:00,iOS,US,free,35,5
2995,2024-05-04 18:00:00,iOS,US,free,18,5
2996,2024-05-04 19:00:00,Android,US,premium,43,5
2997,2024-05-04 20:00:00,iOS,US,free,40,5
2998,2024-05-04 21:00:00,iOS,UK,premium,36,5
2999,2024-05-04 22:00:00,iOS,IN,free,45,5
3000,2024-05-04 23:00:00,Android,US,free,36,5
3002,2024-05-05 01:00:00,Android,DE,free,47,5
3003,2024-05-05 02:00:00,iOS,US,premium,43,5
3004,2024-05-05 03:00:00,Android,IN,free,23,5
3005,2024-05-05 04:00:00,iOS,UK,free,38,5
3006,2024-05-05 05:00:00,Android,US,free,25,5
3007,2024-05-05 06:00:00,Android,BR,premium,37,5
3008,2024-05-05 07:00:00,iOS,US,premium,36,5
3009,2024-05-05 08:00:00,Android,DE,free,18,5
3010,2024-05-05 09:00:00,iOS,US,free,30,5
3011,2024-05-05 10:00:00,iOS,BR,free,34,5
3012,2024-05-05 11:00:00,iOS,UK,free,27,5
3013,2024-05-05 12:00:00,iOS,DE,free,35,5
3014,2024-05-05 13:00:00,iOS,US,free,40,5
3015,2024-05-05 14:00:00,Android,DE,premium,31,5
3016,2024-05-05 15:00:00,iOS,BR,free,34,5
3017,2024-05-05 16:00:00,Android,UK,premium,45,5
3018,2024-05-05 17:00:00,iOS,DE,free,36,5
3019,2024-05-05 18:00:00,iOS,UK,free,34,5
3020,2024-05-05 19:00:00,Android,BR,premium,22,5
3021,2024-05-05 20:00:00,iOS,UK,free,38,5
3022,2024-05-05 21:00:00,iOS,BR,premium,35,5
3023,2024-05-05 22:00:00,Android,BR,premium,44,5
3024,2024-05-05 23:00:00,iOS,UK,free,32,5
3025,2024-05-06 00:00:00,iOS,US,free,18,5
3026,2024-05-06 01:00:00,iOS,UK,free,18,5
3027,2024-05-06 02:00:00,Android,BR,free,39,5
3028,2024-05-06 03:00:00,Android,US,free,26,5
3029,2024-05-06 04:00:00,Android,UK,free,36,5
3030,2024-05-06 05:00:00,Android,BR,free,33,5
3031,2024-05-06 06:00:00,iOS,US,free,30,5
3032,2024-05-06 07:00:00,iOS,DE,free,31,5
3033,2024-05-06 08:00:00,Android,US,free,23,5
3034,2024-05-06 09:00:00,iOS,US,free,31,5
3035,2024-05-06 10:00:00,iOS,BR,free,26,5
3036,2024-05-06 11:00:00,iOS,US,free,28,5
3037,2024-05-06 12:00:00,iOS,US,free,28,5
3038,2024-05-06 13:00:00,Android,BR,free,29,5
3039,2024-05-06 14:00:00,iOS,US,free,41,5
3040,2024-05-06 15:00:00,iOS,IN,premium,30,5
3041,2024-05-06 16:00:00,iOS,IN,free,42,5
3042,2024-05-06 17:00:00,Android,US,free,47,5
3043,2024-05-06 18:00:00,iOS,US,premium,40,5
3044,2024-05-06 19:00:00,iOS,DE,premium,37,5
3045,2024-05-06 20:00:00,Android,UK,free,35,5
3046,2024-05-06 21:00:00,Android,US,free,40,5
3048,2024-05-06 23:00:00,iOS,US,free,41,5
3049,2024-05-07 00:00:00,iOS,BR,premium,38,5
3050,2024-05-07 01:00:00,iOS,US,free,28,5
3051,2024-05-07 02:00:00,iOS,US,premium,40,5
3052,2024-05-07 03:00:00,iOS,US,free,32,5
3053,2024-05-07 04:00:00,iOS,IN,premium,30,5
3054,2024-05-07 05:00:00,iOS,DE,free,27,5
3055,2024-05-07 06:00:00,Android,BR,free,33,5
3056,2024-05-07 07:00:00,Android,US,free,41,5
3058,2024-05-07 09:00:00,iOS,US,free,35,5
3059,2024-05-07 10:00:00,iOS,UK,premium,37,5
3061,2024-05-07 12:00:00,iOS,DE,premium,30,5
3062,2024-05-07 13:00:00,iOS,US,free,20,5
3063,2024-05-07 14:00:00,iOS,IN,free,45,5
3064,2024-05-07 15:00:00,Android,US,premium,26,5
3065,2024-05-07 16:00:00,Android,IN,free,25,5
3066,2024-05-07 17:00:00,iOS,US,free,18,5
3067,2024-05-07 18:00:00,iOS,UK,free,37,5
3068,2024-05-07 19:00:00,Android,US,free,18,5
3069,2024-05-07 20:00:00,iOS,UK,premium,24,5
3070,2024-05-07 21:00:00,Android,UK,free,37,5
3071,2024-05-07 22:00:00,Android,UK,free,39,5
3072,2024-05-07 23:00:00,Android,UK,premium,25,5
3073,2024-05-08 00:00:00,iOS,DE,free,30,5
3074,2024-05-08 01:00:00,iOS,DE,free,23,5
3075,2024-05-08 02:00:00,iOS,BR,premium,26,5
3077,2024-05-08 04:00:00,Android,DE,premium,26,5
3079,2024-05-08 06:00:00,iOS,US,premium,18,5
3080,2024-05-08 07:00:00,Android,UK,premium,43,5
3081,2024-05-08 08:00:00,Android,US,free,37,5
3082,2024-05-08 09:00:00,Android,US,free,39,5
3083,2024-05-08 10:00:00,iOS,US,free,44,5
3084,2024-05-08 11:00:00,iOS,US,free,23,5
3085,2024-05-08 12:00:00,Android,DE,free,28,5
3086,2024-05-08 13:00:00,Android,DE,free,18,5
3087,2024-05-08 14:00:00,iOS,IN,free,63,5
3088,2024-05-08 15:00:00,iOS,DE,premium,30,5
3089,2024-05-08 16:00:00,iOS,US,free,42,5
3090,2024-05-08 17:00:00,iOS,BR,free,19,5
3091,2024-05-08 18:00:00,iOS,BR,free,41,5
3092,2024-05-08 19:00:00,Android,UK,free,50,5
3093,2024-05-08 20:00:00,iOS,UK,free,31,5
3095,2024-05-08 22:00:00,iOS,UK,premium,30,5
3096,2024-05-08 23:00:00,Android,IN,premium,18,5
3097,2024-05-09 00:00:00,Android,US,free,31,5
3098,2024-05-09 01:00:00,iOS,US,free,40,5
3099,2024-05-09 02:00:00,iOS,UK,free,31,5
3100,2024-05-09 03:00:00,iOS,UK,free,29,5
3101,2024-05-09 04:00:00,iOS,BR,free,37,5
3102,2024-05-09 05:00:00,Android,IN,free,38,5
3103,2024-05-09 06:00:00,Android,US,free,18,5
3104,2024-05-09 07:00:00,iOS,US,premium,32,5
3105,2024-05-09 08:00:00,iOS,BR,free,56,5
3106,2024-05-09 09:00:00,iOS,DE,free,18,5
3107,2024-05-09 10:00:00,Android,US,free,31,5
3108,2024-05-09 11:00:00,iOS,UK,premium,51,5
3109,2024-05-09 12:00:00,iOS,DE,premium,43,5
3110,2024-05-09 13:00:00,Android,BR,free,26,5
3111,2024-05-09 14:00:00,Android,UK,free,34,5
3112,2024-05-09 15:00:00,iOS,US,free,31,5
3113,2024-05-09 16:00:00,Android,IN,free,24,5
3114,2024-05-09 17:00:00,iOS,DE,free,31,5
3115,2024-05-09 18:00:00,iOS,UK,free,29,5
3116,2024-05-09 19:00:00,Android,US,free,33,5
3117,2024-05-09 20:00:00,Android,DE,free,24,5
3118,2024-05-09 21:00:00,iOS,US,free,19,5
3121,2024-05-10 00:00:00,iOS,US,free,32,5
3123,2024-05-10 02:00:00,iOS,US,free,39,5
3124,2024-05-10 03:00:00,iOS,DE,free,30,5
3125,2024-05-10 04:00:00,Android,US,free,50,5
3126,2024-05-10 05:00:00,Android,US,free,31,5
3127,2024-05-10 06:00:00,Android,US,free,39,5
3128,2024-05-10 07:00:00,iOS,IN,free,24,5
3129,2024-05-10 08:00:00,Android,BR,free,37,5
3130,2024-05-10 09:00:00,Android,US,free,34,5
3131,2024-05-10 10:00:00,Android,BR,free,31,5
3132,2024-05-10 11:00:00,Android,DE,free,26,5
3133,2024-05-10 12:00:00,Android,IN,free,25,5
3134,2024-05-10 13:00:00,iOS,US,free,34,5
3135,2024-05-10 14:00:00,iOS,DE,free,38,5
3136,2024-05-10 15:00:00,Android,US,premium,30,5
3137,2024-05-10 16:00:00,Android,US,premium,34,5
3138,2024-05-10 17:00:00,Android,IN,free,31,5
3139,2024-05-10 18:00:00,iOS,UK,premium,32,5
3140,2024-05-10 19:00:00,iOS,US,free,29,5
3142,2024-05-10 21:00:00,Android,DE,free,58,5
3143,2024-05-10 22:00:00,iOS,DE,free,35,5
3144,2024-05-10 23:00:00,iOS,US,free,38,5
3145,2024-05-11 00:00:00,iOS,IN,free,36,5
3146,2024-05-11 01:00:00,iOS,US,free,29,5
3147,2024-05-11 02:00:00,Android,US,premium,44,5
3148,2024-05-11 03:00:00,Android,IN,free,29,5
3149,2024-05-11 04:00:00,Android,US,free,42,5
3150,2024-05-11 05:00:00,iOS,US,premium,28,5
3151,2024-05-11 06:00:00,Android,UK,free,22,5
3152,2024-05-11 07:00:00,iOS,BR,free,35,5
3153,2024-05-11 08:00:00,Android,US,free,20,5
3154,2024-05-11 09:00:00,iOS,IN,free,37,5
3155,2024-05-11 10:00:00,iOS,BR,free,20,5
3156,2024-05-11 11:00:00,Android,US,free,28,5
3157,2024-05-11 12:00:00,Android,DE,free,18,5
3158,2024-05-11 13:00:00,iOS,US,free,60,5
3160,2024-05-11 15:00:00,iOS,BR,free,32,5
3161,2024-05-11 16:00:00,iOS,IN,free,43,5
3162,2024-05-11 17:00:00,iOS,US,free,42,5
3163,2024-05-11 18:00:00,iOS,UK,free,40,5
3164,2024-05-11 19:00:00,iOS,UK,free,28,5
3165,2024-05-11 20:00:00,iOS,US,free,45,5
3166,2024-05-11 21:00:00,iOS,US,free,41,5
3167,2024-05-11 22:00:00,Android,US,free,34,5
3168,2024-05-11 23:00:00,iOS,DE,free,34,5
3169,2024-05-12 00:00:00,Android,UK,free,28,5
3170,2024-05-12 01:00:00,iOS,US,free,22,5
3171,2024-05-12 02:00:00,Android,BR,free,44,5
3172,2024-05-12 03:00:00,iOS,BR,free,45,5
3173,2024-05-12 04:00:00,iOS,UK,free,23,5
3174,2024-05-12 05:00:00,iOS,US,premium,30,5
3175,2024-05-12 06:00:00,iOS,DE,free,30,5
3176,2024-05-12 07:00:00,iOS,US,free,31,5
3177,2024-05-12 08:00:00,Android,US,premium,32,5
3179,2024-05-12 10:00:00,Android,US,free,24,5
3180,2024-05-12 11:00:00,Android,US,free,23,5
3181,2024-05-12 12:00:00,iOS,US,free,44,5
3182,2024-05-12 13:00:00,iOS,US,free,27,5
3183,2024-05-12 14:00:00,iOS,US,free,19,5
3184,2024-05-12 15:00:00,iOS,IN,free,27,5
3185,2024-05-12 16:00:00,iOS,US,free,28,5
3187,2024-05-12 18:00:00,iOS,US,free,41,5
3189,2024-05-12 20:00:00,Android,UK,premium,40,5
3190,2024-05-12 21:00:00,Android,US,premium,41,5
3191,2024-05-12 22:00:00,iOS,BR,premium,25,5
3192,2024-05-12 23:00:00,Android,US,free,30,5
3193,2024-05-13 00:00:00,Android,US,free,22,5
3194,2024-05-13 01:00:00,iOS,US,free,29,5
3195,2024-05-13 02:00:00,iOS,US,free,38,5
3196,2024-05-13 03:00:00,iOS,US,premium,33,5
3197,2024-05-13 04:00:00,Android,DE,premium,45,5
3198,2024-05-13 05:00:00,Android,US,free,20,5
3199,2024-05-13 06:00:00,iOS,UK,free,37,5
3200,2024-05-13 07:00:00,iOS,US,free,19,5
3201,2024-05-13 08:00:00,iOS,US,free,32,5
3202,2024-05-13 09:00:00,iOS,UK,free,39,5
3203,2024-05-13 10:00:00,iOS,IN,free,29,5
3204,2024-05-13 11:00:00,Android,US,premium,37,5
3205,2024-05-13 12:00:00,Android,DE,free,22,5
3207,2024-05-13 14:00:00,Android,US,free,37,5
3208,2024-05-13 15:00:00,Android,US,premium,49,5
3209,2024-05-13 16:00:00,iOS,US,free,22,5
3210,2024-05-13 17:00:00,Android,US,premium,44,5
3211,2024-05-13 18:00:00,iOS,US,free,32,5
3212,2024-05-13 19:00:00,Android,BR,free,18,5
3213,2024-05-13 20:00:00,iOS,US,free,20,5
3214,2024-05-13 21:00:00,Android,UK,premium,32,5
3215,2024-05-13 22:00:00,iOS,US,free,27,5
3216,2024-05-13 23:00:00,iOS,UK,free,18,5
3217,2024-05-14 00:00:00,iOS,UK,free,18,5
3218,2024-05-14 01:00:00,iOS,US,free,23,5
3219,2024-05-14 02:00:00,Android,US,premium,33,5
3220,2024-05-14 03:00:00,Android,DE,free,31,5
3221,2024-05-14 04:00:00,iOS,BR,free,26,5
3222,2024-05-14 05:00:00,iOS,US,premium,34,5
3223,2024-05-14 06:00:00,iOS,US,premium,42,5
3224,2024-05-14 07:00:00,iOS,BR,premium,35,5
3227,2024-05-14 10:00:00,iOS,US,free,22,5
3228,2024-05-14 11:00:00,iOS,US,free,29,5
3229,2024-05-14 12:00:00,iOS,UK,free,29,5
3230,2024-05-14 13:00:00,iOS,UK,free,19,5
3231,2024-05-14 14:00:00,iOS,US,free,27,5
3232,2024-05-14 15:00:00,Android,UK,free,18,5
3233,2024-05-14 16:00:00,iOS,BR,premium,51,5
3234,2024-05-14 17:00:00,iOS,UK,free,22,5
3235,2024-05-14 18:00:00,iOS,US,free,47,5
3236,2024-05-14 19:00:00,iOS,UK,premium,32,5
3237,2024-05-14 20:00:00,iOS,DE,free,37,5
3238,2024-05-14 21:00:00,Android,BR,free,27,5
3239,2024-05-14 22:00:00,Android,DE,premium,34,5
3240,2024-05-14 23:00:00,iOS,US,premium,38,5
3241,2024-05-15 00:00:00,iOS,DE,free,38,5
3242,2024-05-15 01:00:00,iOS,DE,free,39,5
3243,2024-05-15 02:00:00,iOS,US,free,28,5
3244,2024-05-15 03:00:00,Android,UK,free,27,5
3245,2024-05-15 04:00:00,Android,US,free,18,5
3246,2024-05-15 05:00:00,iOS,DE,free,37,5
3247,2024-05-15 06:00:00,iOS,US,free,42,5
3248,2024-05-15 07:00:00,iOS,UK,free,48,5
3249,2024-05-15 08:00:00,Android,IN,free,35,5
3250,2024-05-15 09:00:00,Android,BR,free,24,5
3251,2024-05-15 10:00:00,iOS,IN,free,18,5
3252,2024-05-15 11:00:00,iOS,IN,free,42,5
3253,2024-05-15 12:00:00,Android,US,free,18,5
3254,2024-05-15 13:00:00,iOS,DE,free,28,5
3255,2024-05-15 14:00:00,iOS,UK,free,29,5
3256,2024-05-15 15:00:00,iOS,BR,free,31,5
3257,2024-05-15 16:00:00,Android,US,free,32,5
3258,2024-05-15 17:00:00,iOS,IN,free,33,5
3259,2024-05-15 18:00:00,iOS,DE,free,18,5
3260,2024-05-15 19:00:00,Android,BR,free,32,5
3261,2024-05-15 20:00:00,iOS,US,free,18,5
3262,2024-05-15 21:00:00,iOS,US,free,39,5
3263,2024-05-15 22:00:00,iOS,BR,free,26,5
3264,2024-05-15 23:00:00,iOS,US,free,18,5
3265,2024-05-16 00:00:00,Android,BR,free,23,5
3266,2024-05-16 01:00:00,iOS,US,premium,26,5
3267,2024-05-16 02:00:00,iOS,DE,free,43,5
3268,2024-05-16 03:00:00,iOS,US,free,33,5
3269,2024-05-16 04:00:00,Android,DE,premium,35,5
3270,2024-05-16 05:00:00,Android,DE,premium,43,5
3271,2024-05-16 06:00:00,iOS,US,free,31,5
3272,2024-05-16 07:00:00,iOS,US,free,39,5
3273,2024-05-16 08:00:00,Android,US,free,38,5
3274,2024-05-16 09:00:00,iOS,UK,free,19,5
3275,2024-05-16 10:00:00,Android,UK,free,46,5
3276,2024-05-16 11:00:00,Android,DE,free,18,5
3277,2024-05-16 12:00:00,Android,UK,free,41,5
3278,2024-05-16 13:00:00,iOS,UK,free,18,5
3279,2024-05-16 14:00:00,iOS,US,free,38,5
3280,2024-05-16 15:00:00,Android,US,premium,50,5
3282,2024-05-16 17:00:00,iOS,IN,free,29,5
3283,2024-05-16 18:00:00,Android,BR,free,38,5
3284,2024-05-16 19:00:00,Android,US,free,28,5
3285,2024-05-16 20:00:00,iOS,UK,free,50,5
3286,2024-05-16 21:00:00,iOS,BR,premium,33,5
3287,2024-05-16 22:00:00,iOS,UK,premium,28,5
3288,2024-05-16 23:00:00,Android,US,free,26,5
3289,2024-05-17 00:00:00,Android,US,free,22,5
3290,2024-05-17 01:00:00,iOS,UK,free,25,5
3291,2024-05-17 02:00:00,iOS,IN,free,28,5
3292,2024-05-17 03:00:00,Android,DE,free,27,5
3293,2024-05-17 04:00:00,iOS,US,free,25,5
3294,2024-05-17 05:00:00,iOS,US,free,52,5
3295,2024-05-17 06:00:00,Android,BR,free,21,5
3296,2024-05-17 07:00:00,iOS,BR,free,33,5
3297,2024-05-17 08:00:00,Android,DE,premium,37,5
3298,2024-05-17 09:00:00,iOS,DE,free,38,5
3299,2024-05-17 10:00:00,iOS,US,free,31,5
3300,2024-05-17 11:00:00,Android,BR,free,29,5
3301,2024-05-17 12:00:00,iOS,BR,free,36,5
3302,2024-05-17 13:00:00,Android,US,free,34,5
3303,2024-05-17 14:00:00,iOS,DE,free,29,5
3304,2024-05-17 15:00:00,iOS,US,premium,18,5
3305,2024-05-17 16:00:00,iOS,US,free,27,5
3306,2024-05-17 17:00:00,iOS,US,free,20,5
3307,2024-05-17 18:00:00,iOS,US,free,25,5
3308,2024-05-17 19:00:00,iOS,US,premium,32,5
3309,2024-05-17 20:00:00,iOS,UK,premium,35,5
3310,2024-05-17 21:00:00,iOS,UK,free,49,5
3311,2024-05-17 22:00:00,Android,UK,free,26,5
3312,2024-05-17 23:00:00,Android,US,free,39,5
3313,2024-05-18 00:00:00,Android,US,free,35,5
3314,2024-05-18 01:00:00,iOS,DE,free,44,5
3315,2024-05-18 02:00:00,iOS,US,free,37,5
3316,2024-05-18 03:00:00,Android,US,free,21,5
3317,2024-05-18 04:00:00,iOS,BR,free,18,5
3318,2024-05-18 05:00:00,iOS,DE,free,35,5
3319,2024-05-18 06:00:00,Android,BR,premium,26,5
3320,2024-05-18 07:00:00,Android,UK,free,22,5
3321,2024-05-18 08:00:00,iOS,US,free,19,5
3322,2024-05-18 09:00:00,iOS,DE,free,33,5
3323,2024-05-18 10:00:00,Android,US,free,47,5
3324,2024-05-18 11:00:00,iOS,UK,free,27,5
3325,2024-05-18 12:00:00,Android,US,free,37,5
3326,2024-05-18 13:00:00,Android,BR,free,30,5
3327,2024-05-18 14:00:00,Android,US,free,19,5
3328,2024-05-18 15:00:00,iOS,IN,free,39,5
3329,2024-05-18 16:00:00,iOS,BR,free,21,5
3330,2024-05-18 17:00:00,Android,UK,premium,32,5
3331,2024-05-18 18:00:00,Android,DE,free,28,5
3332,2024-05-18 19:00:00,Android,DE,free,40,5
3333,2024-05-18 20:00:00,iOS,BR,free,21,5
3334,2024-05-18 21:00:00,iOS,UK,premium,35,5
3335,2024-05-18 22:00:00,Android,BR,free,23,5
3336,2024-05-18 23:00:00,Android,UK,free,26,5
3337,2024-05-19 00:00:00,Android,IN,premium,18,5
3338,2024-05-19 01:00:00,Android,UK,free,52,5
3339,2024-05-19 02:00:00,iOS,UK,free,37,5
3340,2024-05-19 03:00:00,Android,BR,free,24,5
3341,2024-05-19 04:00:00,Android,BR,premium,20,5
3342,2024-05-19 05:00:00,iOS,UK,free,27,5
3343,2024-05-19 06:00:00,Android,US,free,39,5
3344,2024-05-19 07:00:00,iOS,UK,free,18,5
3345,2024-05-19 08:00:00,iOS,IN,free,30,5
3346,2024-05-19 09:00:00,Android,BR,free,49,5
3347,2024-05-19 10:00:00,iOS,BR,free,20,5
3348,2024-05-19 11:00:00,iOS,US,free,32,5
3349,2024-05-19 12:00:00,iOS,UK,free,54,5
3350,2024-05-19 13:00:00,iOS,DE,free,38,5
3351,2024-05-19 14:00:00,iOS,BR,premium,33,5
3352,2024-05-19 15:00:00,iOS,US,free,37,5
3353,2024-05-19 16:00:00,Android,BR,premium,27,5
3354,2024-05-19 17:00:00,iOS,UK,free,44,5
3355,2024-05-19 18:00:00,iOS,US,free,28,5
3356,2024-05-19 19:00:00,iOS,US,free,18,5
3357,2024-05-19 20:00:00,Android,US,free,28,5
3358,2024-05-19 21:00:00,iOS,UK,premium,22,5
3359,2024-05-19 22:00:00,Android,US,premium,29,5
3360,2024-05-19 23:00:00,Android,US,free,29,5
3361,2024-05-20 00:00:00,Android,BR,free,43,5
3362,2024-05-20 01:00:00,iOS,US,free,38,5
3363,2024-05-20 02:00:00,Android,US,free,34,5
3364,2024-05-20 03:00:00,iOS,UK,free,31,5
3365,2024-05-20 04:00:00,Android,UK,free,21,5
3366,2024-05-20 05:00:00,Android,BR,free,18,5
3367,2024-05-20 06:00:00,iOS,UK,free,33,5
3368,2024-05-20 07:00:00,iOS,BR,premium,39,5
3369,2024-05-20 08:00:00,iOS,DE,premium,30,5
3370,2024-05-20 09:00:00,Android,US,free,26,5
3371,2024-05-20 10:00:00,iOS,US,premium,36,5
3372,2024-05-20 11:00:00,iOS,UK,free,31,5
3373,2024-05-20 12:00:00,iOS,US,free,48,5
3376,2024-05-20 15:00:00,Android,US,free,39,5
3377,2024-05-20 16:00:00,Android,US,premium,19,5
3378,2024-05-20 17:00:00,iOS,US,premium,38,5
3379,2024-05-20 18:00:00,iOS,UK,free,35,5
3380,2024-05-20 19:00:00,Android,UK,premium,38,5
3381,2024-05-20 20:00:00,iOS,UK,free,36,5
3382,2024-05-20 21:00:00,iOS,US,free,36,5
3383,2024-05-20 22:00:00,iOS,DE,free,59,5
3384,2024-05-20 23:00:00,iOS,BR,free,31,5
3385,2024-05-21 00:00:00,iOS,US,free,41,5
3386,2024-05-21 01:00:00,Android,UK,free,27,5
3387,2024-05-21 02:00:00,iOS,IN,free,39,5
3388,2024-05-21 03:00:00,iOS,US,free,41,5
3389,2024-05-21 04:00:00,iOS,UK,free,35,5
3390,2024-05-21 05:00:00,Android,US,free,48,5
3391,2024-05-21 06:00:00,iOS,DE,free,23,5
3392,2024-05-21 07:00:00,Android,US,free,27,5
3394,2024-05-21 09:00:00,iOS,DE,premium,40,5
3395,2024-05-21 10:00:00,Android,BR,free,33,5
3396,2024-05-21 11:00:00,Android,DE,free,44,5
3397,2024-05-21 12:00:00,Android,UK,free,25,5
3398,2024-05-21 13:00:00,Android,UK,free,20,5
3399,2024-05-21 14:00:00,iOS,BR,free,35,5
3400,2024-05-21 15:00:00,iOS,IN,free,31,5
3401,2024-05-21 16:00:00,iOS,UK,premium,37,5
3403,2024-05-21 18:00:00,Android,UK,free,28,5
3404,2024-05-21 19:00:00,iOS,UK,free,31,5
3405,2024-05-21 20:00:00,Android,UK,free,32,5
3406,2024-05-21 21:00:00,Android,US,free,28,5
3407,2024-05-21 22:00:00,Android,US,free,29,5
3408,2024-05-21 23:00:00,Android,US,premium,27,5
3409,2024-05-22 00:00:00,iOS,UK,free,40,5
3410,2024-05-22 01:00:00,iOS,US,premium,33,5
3411,2024-05-22 02:00:00,iOS,UK,free,54,5
3412,2024-05-22 03:00:00,iOS,IN,free,33,5
3413,2024-05-22 04:00:00,iOS,US,free,26,5
3414,2024-05-22 05:00:00,iOS,UK,free,58,5
3415,2024-05-22 06:00:00,Android,US,premium,36,5
3416,2024-05-22 07:00:00,iOS,US,free,41,5
3417,2024-05-22 08:00:00,iOS,BR,free,37,5
3418,2024-05-22 09:00:00,Android,UK,premium,38,5
3419,2024-05-22 10:00:00,iOS,BR,premium,37,5
3420,2024-05-22 11:00:00,iOS,US,premium,20,5
3421,2024-05-22 12:00:00,Android,UK,premium,35,5
3422,2024-05-22 13:00:00,Android,US,free,18,5
3423,2024-05-22 14:00:00,Android,US,premium,30,5
3424,2024-05-22 15:00:00,iOS,US,free,24,5
3425,2024-05-22 16:00:00,Android,US,premium,35,5
3426,2024-05-22 17:00:00,Android,US,premium,35,5
3427,2024-05-22 18:00:00,iOS,US,free,36,5
3428,2024-05-22 19:00:00,Android,IN,premium,34,5
3429,2024-05-22 20:00:00,Android,US,free,25,5
3430,2024-05-22 21:00:00,iOS,US,free,29,5
3431,2024-05-22 22:00:00,iOS,US,free,41,5
3432,2024-05-22 23:00:00,Android,UK,premium,42,5
3433,2024-05-23 00:00:00,Android,US,free,20,5
3434,2024-05-23 01:00:00,iOS,BR,free,18,5
3435,2024-05-23 02:00:00,Android,IN,free,24,5
3436,2024-05-23 03:00:00,iOS,US,premium,42,5
3437,2024-05-23 04:00:00,iOS,UK,free,44,5
3438,2024-05-23 05:00:00,iOS,US,premium,22,5
3440,2024-05-23 07:00:00,Android,UK,free,50,5
3441,2024-05-23 08:00:00,iOS,US,free,36,5
3442,2024-05-23 09:00:00,iOS,US,free,46,5
3443,2024-05-23 10:00:00,iOS,DE,premium,41,5
3444,2024-05-23 11:00:00,Android,UK,premium,22,5
3445,2024-05-23 12:00:00,Android,US,free,30,5
3446,2024-05-23 13:00:00,Android,DE,premium,32,5
3447,2024-05-23 14:00:00,Android,UK,free,33,5
3448,2024-05-23 15:00:00,Android,BR,free,41,5
3449,2024-05-23 16:00:00,iOS,US,premium,36,5
3450,2024-05-23 17:00:00,iOS,BR,free,18,5
3451,2024-05-23 18:00:00,iOS,DE,premium,18,5
3452,2024-05-23 19:00:00,Android,US,free,18,5
3453,2024-05-23 20:00:00,Android,DE,premium,33,5
3455,2024-05-23 22:00:00,Android,IN,free,34,5
3456,2024-05-23 23:00:00,iOS,US,premium,22,5
3457,2024-05-24 00:00:00,iOS,DE,free,38,5
3458,2024-05-24 01:00:00,Android,US,free,39,5
3459,2024-05-24 02:00:00,Android,IN,premium,19,5
3460,2024-05-24 03:00:00,Android,US,free,18,5
3461,2024-05-24 04:00:00,iOS,IN,premium,31,5
3462,2024-05-24 05:00:00,iOS,IN,free,49,5
3463,2024-05-24 06:00:00,Android,US,free,48,5
3464,2024-05-24 07:00:00,iOS,BR,premium,37,5
3465,2024-05-24 08:00:00,iOS,IN,free,24,5
3466,2024-05-24 09:00:00,Android,US,free,40,5
3467,2024-05-24 10:00:00,iOS,UK,free,27,5
3468,2024-05-24 11:00:00,Android,UK,premium,24,5
3469,2024-05-24 12:00:00,Android,US,free,18,5
3470,2024-05-24 13:00:00,iOS,US,free,33,5
3471,2024-05-24 14:00:00,iOS,US,free,25,5
3472,2024-05-24 15:00:00,Android,US,free,32,5
3473,2024-05-24 16:00:00,Android,UK,free,18,5
3474,2024-05-24 17:00:00,Android,US,free,33,5
3475,2024-05-24 18:00:00,Android,BR,free,18,5
3476,2024-05-24 19:00:00,Android,DE,free,42,5
3477,2024-05-24 20:00:00,Android,US,free,37,5
3478,2024-05-24 21:00:00,iOS,DE,free,29,5
3479,2024-05-24 22:00:00,iOS,DE,free,37,5
3480,2024-05-24 23:00:00,iOS,IN,premium,22,5
3481,2024-05-25 00:00:00,iOS,US,free,32,5
3482,2024-05-25 01:00:00,iOS,US,free,39,5
3483,2024-05-25 02:00:00,iOS,IN,free,18,5
3484,2024-05-25 03:00:00,Android,IN,free,27,5
3485,2024-05-25 04:00:00,iOS,DE,premium,31,5
3486,2024-05-25 05:00:00,iOS,BR,premium,30,5
3487,2024-05-25 06:00:00,iOS,US,free,46,5
3488,2024-05-25 07:00:00,iOS,UK,free,20,5
3489,2024-05-25 08:00:00,iOS,US,free,25,5
3490,2024-05-25 09:00:00,iOS,US,free,18,5
3491,2024-05-25 10:00:00,iOS,BR,premium,47,5
3492,2024-05-25 11:00:00,Android,US,free,29,5
3493,2024-05-25 12:00:00,Android,UK,free,27,5
3494,2024-05-25 13:00:00,Android,IN,free,31,5
3495,2024-05-25 14:00:00,Android,US,free,38,5
3496,2024-05-25 15:00:00,iOS,IN,free,35,5
3497,2024-05-25 16:00:00,Android,IN,premium,58,5
3498,2024-05-25 17:00:00,Android,UK,free,36,5
3499,2024-05-25 18:00:00,iOS,US,free,27,5
3500,2024-05-25 19:00:00,Android,US,free,26,5
3501,2024-05-25 20:00:00,iOS,UK,free,28,5
3502,2024-05-25 21:00:00,Android,US,free,18,5
3503,2024-05-25 22:00:00,Android,US,free,32,5
3504,2024-05-25 23:00:00,iOS,IN,free,39,5
3505,2024-05-26 00:00:00,Android,US,free,25,5
3506,2024-05-26 01:00:00,Android,DE,premium,23,5
3507,2024-05-26 02:00:00,Android,US,free,47,5
3508,2024-05-26 03:00:00,iOS,UK,premium,18,5
3509,2024-05-26 04:00:00,Android,IN,free,18,5
3510,2024-05-26 05:00:00,iOS,US,free,20,5
3511,2024-05-26 06:00:00,iOS,US,free,18,5
3512,2024-05-26 07:00:00,iOS,DE,premium,35,5
3513,2024-05-26 08:00:00,Android,DE,free,28,5
3514,2024-05-26 09:00:00,Android,DE,free,29,5
3515,2024-05-26 10:00:00,Android,US,free,43,5
3517,2024-05-26 12:00:00,iOS,IN,free,39,5
3518,2024-05-26 13:00:00,iOS,IN,premium,47,5
3519,2024-05-26 14:00:00,iOS,UK,free,27,5
3520,2024-05-26 15:00:00,iOS,BR,free,39,5
3521,2024-05-26 16:00:00,iOS,UK,free,29,5
3522,2024-05-26 17:00:00,iOS,UK,free,41,5
3523,2024-05-26 18:00:00,iOS,US,free,18,5
3524,2024-05-26 19:00:00,iOS,UK,premium,18,5
3525,2024-05-26 20:00:00,iOS,UK,free,28,5
3526,2024-05-26 21:00:00,iOS,US,premium,23,5
3527,2024-05-26 22:00:00,Android,UK,premium,26,5
3528,2024-05-26 23:00:00,Android,BR,free,29,5
3529,2024-05-27 00:00:00,Android,DE,free,39,5
3530,2024-05-27 01:00:00,iOS,DE,free,27,5
3531,2024-05-27 02:00:00,iOS,IN,premium,23,5
3532,2024-05-27 03:00:00,Android,US,free,28,5
3533,2024-05-27 04:00:00,iOS,UK,free,24,5
3534,2024-05-27 05:00:00,iOS,BR,free,22,5
3535,2024-05-27 06:00:00,iOS,UK,free,18,5
3536,2024-05-27 07:00:00,iOS,US,free,32,5
3537,2024-05-27 08:00:00,iOS,US,free,26,5
3538,2024-05-27 09:00:00,iOS,BR,premium,41,5
3539,2024-05-27 10:00:00,Android,UK,premium,18,5
3541,2024-05-27 12:00:00,iOS,UK,free,50,5
3542,2024-05-27 13:00:00,Android,DE,premium,22,5
3543,2024-05-27 14:00:00,iOS,BR,free,29,5
3545,2024-05-27 16:00:00,Android,US,free,18,5
3546,2024-05-27 17:00:00,iOS,UK,free,47,5
3547,2024-05-27 18:00:00,iOS,BR,free,33,5
3548,2024-05-27 19:00:00,iOS,US,free,33,5
3549,2024-05-27 20:00:00,iOS,US,premium,18,5
3550,2024-05-27 21:00:00,iOS,US,free,35,5
3552,2024-05-27 23:00:00,iOS,US,free,43,5
3553,2024-05-28 00:00:00,iOS,DE,premium,38,5
3554,2024-05-28 01:00:00,iOS,UK,free,20,5
3555,2024-05-28 02:00:00,iOS,UK,premium,35,5
3556,2024-05-28 03:00:00,Android,DE,free,38,5
3557,2024-05-28 04:00:00,iOS,US,free,18,5
3558,2024-05-28 05:00:00,iOS,UK,premium,20,5
3559,2024-05-28 06:00:00,iOS,BR,free,40,5
3560,2024-05-28 07:00:00,iOS,BR,free,40,5
3561,2024-05-28 08:00:00,iOS,US,free,18,5
3562,2024-05-28 09:00:00,Android,BR,free,39,5
3563,2024-05-28 10:00:00,iOS,DE,free,32,5
3564,2024-05-28 11:00:00,iOS,BR,free,39,5
3565,2024-05-28 12:00:00,iOS,UK,free,25,5
3566,2024-05-28 13:00:00,Android,UK,free,38,5
3567,2024-05-28 14:00:00,iOS,IN,free,40,5
3568,2024-05-28 15:00:00,Android,BR,free,28,5
3569,2024-05-28 16:00:00,Android,UK,premium,32,5
3570,2024-05-28 17:00:00,Android,US,premium,25,5
3571,2024-05-28 18:00:00,iOS,US,free,48,5
3572,2024-05-28 19:00:00,iOS,US,free,30,5
3573,2024-05-28 20:00:00,Android,US,premium,22,5
3574,2024-05-28 21:00:00,Android,US,free,24,5
3575,2024-05-28 22:00:00,Android,BR,free,33,5
3576,2024-05-28 23:00:00,iOS,US,premium,39,5
3577,2024-05-29 00:00:00,iOS,DE,free,18,5
3578,2024-05-29 01:00:00,iOS,US,free,50,5
3579,2024-05-29 02:00:00,Android,US,premium,35,5
3580,2024-05-29 03:00:00,iOS,US,free,36,5
3581,2024-05-29 04:00:00,iOS,US,free,31,5
3583,2024-05-29 06:00:00,iOS,BR,free,30,5
3584,2024-05-29 07:00:00,Android,US,premium,42,5
3585,2024-05-29 08:00:00,iOS,UK,free,31,5
3586,2024-05-29 09:00:00,iOS,UK,free,39,5
3587,2024-05-29 10:00:00,iOS,BR,premium,27,5
3588,2024-05-29 11:00:00,Android,BR,free,33,5
3589,2024-05-29 12:00:00,iOS,UK,free,23,5
3590,2024-05-29 13:00:00,iOS,DE,free,44,5
3591,2024-05-29 14:00:00,Android,BR,free,23,5
3592,2024-05-29 15:00:00,iOS,US,free,28,5
3593,2024-05-29 16:00:00,iOS,UK,premium,28,5
3594,2024-05-29 17:00:00,iOS,IN,premium,28,5
3595,2024-05-29 18:00:00,iOS,DE,free,39,5
3596,2024-05-29 19:00:00,Android,UK,free,28,5
3597,2024-05-29 20:00:00,iOS,UK,free,45,5
3599,2024-05-29 22:00:00,iOS,UK,free,33,5
3600,2024-05-29 23:00:00,Android,DE,premium,24,5
3601,2024-05-30 00:00:00,iOS,UK,free,36,5
3602,2024-05-30 01:00:00,iOS,DE,free,31,5
3603,2024-05-30 02:00:00,iOS,BR,free,30,5
3604,2024-05-30 03:00:00,iOS,US,free,43,5
3605,2024-05-30 04:00:00,iOS,UK,free,25,5
3606,2024-05-30 05:00:00,iOS,UK,free,37,5
3607,2024-05-30 06:00:00,Android,DE,free,24,5
3608,2024-05-30 07:00:00,iOS,US,free,33,5
3609,2024-05-30 08:00:00,Android,DE,free,20,5
3610,2024-05-30 09:00:00,Android,BR,free,25,5
3611,2024-05-30 10:00:00,iOS,UK,free,31,5
3612,2024-05-30 11:00:00,iOS,IN,premium,50,5
3613,2024-05-30 12:00:00,iOS,IN,free,33,5
3615,2024-05-30 14:00:00,iOS,US,free,34,5
3616,2024-05-30 15:00:00,iOS,IN,free,28,5
3618,2024-05-30 17:00:00,Android,US,free,36,5
3619,2024-05-30 18:00:00,Android,US,free,25,5
3620,2024-05-30 19:00:00,iOS,US,free,36,5
3621,2024-05-30 20:00:00,Android,IN,free,29,5
3623,2024-05-30 22:00:00,iOS,UK,premium,41,5
3624,2024-05-30 23:00:00,Android,BR,free,42,5
3625,2024-05-31 00:00:00,iOS,US,free,50,5
3626,2024-05-31 01:00:00,iOS,DE,free,36,5
3627,2024-05-31 02:00:00,iOS,US,free,29,5
3628,2024-05-31 03:00:00,Android,BR,free,40,5
3629,2024-05-31 04:00:00,Android,US,premium,40,5
3630,2024-05-31 05:00:00,Android,DE,premium,48,5
3631,2024-05-31 06:00:00,Android,DE,free,31,5
3632,2024-05-31 07:00:00,iOS,US,free,30,5
3633,2024-05-31 08:00:00,iOS,US,free,24,5
3634,2024-05-31 09:00:00,iOS,UK,free,37,5
3635,2024-05-31 10:00:00,iOS,US,free,18,5
3636,2024-05-31 11:00:00,iOS,BR,premium,39,5
3638,2024-05-31 13:00:00,iOS,UK,free,37,5
3640,2024-05-31 15:00:00,iOS,DE,free,47,5
3641,2024-05-31 16:00:00,iOS,BR,free,40,5
3642,2024-05-31 17:00:00,Android,UK,free,25,5
3643,2024-05-31 18:00:00,iOS,US,free,26,5
3644,2024-05-31 19:00:00,iOS,US,free,23,5
3645,2024-05-31 20:00:00,Android,UK,free,37,5
3646,2024-05-31 21:00:00,iOS,UK,free,21,5
3647,2024-05-31 22:00:00,iOS,UK,free,42,5
3648,2024-05-31 23:00:00,iOS,US,free,45,5
3649,2024-06-01 00:00:00,iOS,DE,free,23,6
3650,2024-06-01 01:00:00,Android,US,free,30,6
3651,2024-06-01 02:00:00,Android,US,free,32,6
3652,2024-06-01 03:00:00,iOS,UK,free,40,6
3653,2024-06-01 04:00:00,Android,US,free,48,6
3654,2024-06-01 05:00:00,iOS,UK,free,18,6
3655,2024-06-01 06:00:00,iOS,US,free,28,6
3656,2024-06-01 07:00:00,iOS,UK,premium,29,6
3657,2024-06-01 08:00:00,iOS,UK,free,18,6
3658,2024-06-01 09:00:00,iOS,US,free,27,6
3659,2024-06-01 10:00:00,Android,US,free,36,6
3660,2024-06-01 11:00:00,Android,BR,free,29,6
3661,2024-06-01 12:00:00,iOS,UK,premium,18,6
3662,2024-06-01 13:00:00,iOS,UK,free,60,6
3663,2024-06-01 14:00:00,iOS,US,free,34,6
3664,2024-06-01 15:00:00,iOS,UK,free,33,6
3665,2024-06-01 16:00:00,iOS,UK,free,21,6
3666,2024-06-01 17:00:00,iOS,UK,premium,34,6
3668,2024-06-01 19:00:00,iOS,US,free,18,6
3669,2024-06-01 20:00:00,iOS,US,premium,21,6
3670,2024-06-01 21:00:00,iOS,BR,premium,39,6
3671,2024-06-01 22:00:00,iOS,IN,free,51,6
3672,2024-06-01 23:00:00,iOS,US,free,35,6
3673,2024-06-02 00:00:00,Android,UK,free,43,6
3674,2024-06-02 01:00:00,iOS,US,free,30,6
3675,2024-06-02 02:00:00,Android,US,premium,31,6
3676,2024-06-02 03:00:00,iOS,US,free,42,6
3677,2024-06-02 04:00:00,iOS,US,free,48,6
3679,2024-06-02 06:00:00,Android,UK,free,21,6
3680,2024-06-02 07:00:00,iOS,US,free,31,6
3681,2024-06-02 08:00:00,Android,US,premium,34,6
3682,2024-06-02 09:00:00,iOS,BR,premium,29,6
3684,2024-06-02 11:00:00,iOS,DE,free,40,6
3685,2024-06-02 12:00:00,Android,US,premium,42,6
3686,2024-06-02 13:00:00,iOS,UK,free,48,6
3687,2024-06-02 14:00:00,Android,US,free,28,6
3688,2024-06-02 15:00:00,iOS,US,premium,18,6
3689,2024-06-02 16:00:00,iOS,US,free,35,6
3690,2024-06-02 17:00:00,iOS,US,premium,50,6
3691,2024-06-02 18:00:00,Android,UK,free,27,6
3692,2024-06-02 19:00:00,iOS,DE,free,38,6
3693,2024-06-02 20:00:00,Android,US,premium,38,6
3694,2024-06-02 21:00:00,iOS,US,free,33,6
3695,2024-06-02 22:00:00,iOS,UK,free,32,6
3696,2024-06-02 23:00:00,iOS,DE,free,22,6
3697,2024-06-03 00:00:00,Android,IN,premium,18,6
3698,2024-06-03 01:00:00,Android,UK,free,20,6
3699,2024-06-03 02:00:00,Android,UK,free,28,6
3700,2024-06-03 03:00:00,iOS,UK,free,42,6
3701,2024-06-03 04:00:00,Android,IN,premium,30,6
3702,2024-06-03 05:00:00,Android,BR,free,26,6
3703,2024-06-03 06:00:00,iOS,US,free,23,6
3704,2024-06-03 07:00:00,Android,US,free,38,6
3705,2024-06-03 08:00:00,Android,US,free,45,6
3708,2024-06-03 11:00:00,iOS,UK,free,18,6
3710,2024-06-03 13:00:00,Android,DE,premium,51,6
3711,2024-06-03 14:00:00,iOS,BR,free,43,6
3712,2024-06-03 15:00:00,Android,US,free,18,6
3713,2024-06-03 16:00:00,Android,DE,premium,31,6
3714,2024-06-03 17:00:00,Android,UK,free,35,6
3715,2024-06-03 18:00:00,Android,BR,free,24,6
3716,2024-06-03 19:00:00,iOS,BR,free,18,6
3717,2024-06-03 20:00:00,iOS,UK,free,32,6
3719,2024-06-03 22:00:00,iOS,BR,free,24,6
3720,2024-06-03 23:00:00,iOS,UK,free,28,6
3721,2024-06-04 00:00:00,iOS,US,free,30,6
3722,2024-06-04 01:00:00,Android,BR,free,31,6
3723,2024-06-04 02:00:00,Android,US,free,23,6
3724,2024-06-04 03:00:00,iOS,US,free,29,6
3725,2024-06-04 04:00:00,iOS,BR,premium,18,6
3726,2024-06-04 05:00:00,Android,DE,premium,35,6
3727,2024-06-04 06:00:00,iOS,UK,premium,18,6
3728,2024-06-04 07:00:00,iOS,US,premium,29,6
3729,2024-06-04 08:00:00,iOS,US,free,41,6
3730,2024-06-04 09:00:00,iOS,US,free,21,6
3731,2024-06-04 10:00:00,iOS,US,free,39,6
3732,2024-06-04 11:00:00,Android,DE,free,43,6
3733,2024-06-04 12:00:00,iOS,US,premium,18,6
3734,2024-06-04 13:00:00,iOS,UK,premium,30,6
3735,2024-06-04 14:00:00,iOS,US,free,18,6
3736,2024-06-04 15:00:00,iOS,IN,free,30,6
3737,2024-06-04 16:00:00,Android,US,premium,31,6
3738,2024-06-04 17:00:00,Android,US,premium,18,6
3739,2024-06-04 18:00:00,Android,US,free,51,6
3740,2024-06-04 19:00:00,iOS,UK,premium,34,6
3741,2024-06-04 20:00:00,Android,UK,free,23,6
3742,2024-06-04 21:00:00,Android,UK,free,46,6
3743,2024-06-04 22:00:00,Android,UK,free,18,6
3744,2024-06-04 23:00:00,iOS,US,free,19,6
3745,2024-06-05 00:00:00,iOS,UK,free,18,6
3746,2024-06-05 01:00:00,iOS,UK,free,50,6
3747,2024-06-05 02:00:00,Android,US,premium,35,6
3748,2024-06-05 03:00:00,iOS,US,free,38,6
3749,2024-06-05 04:00:00,iOS,US,free,35,6
3750,2024-06-05 05:00:00,Android,US,free,37,6
3751,2024-06-05 06:00:00,Android,DE,free,32,6
3752,2024-06-05 07:00:00,Android,US,free,34,6
3753,2024-06-05 08:00:00,iOS,US,free,33,6
3754,2024-06-05 09:00:00,Android,US,free,25,6
3755,2024-06-05 10:00:00,iOS,IN,free,31,6
3756,2024-06-05 11:00:00,iOS,BR,free,34,6
3757,2024-06-05 12:00:00,iOS,US,free,33,6
3759,2024-06-05 14:00:00,iOS,US,free,18,6
3761,2024-06-05 16:00:00,iOS,US,free,28,6
3762,2024-06-05 17:00:00,Android,DE,free,37,6
3763,2024-06-05 18:00:00,iOS,UK,free,21,6
3764,2024-06-05 19:00:00,iOS,BR,premium,18,6
3765,2024-06-05 20:00:00,iOS,US,premium,23,6
3766,2024-06-05 21:00:00,iOS,BR,free,29,6
3767,2024-06-05 22:00:00,iOS,BR,free,25,6
3768,2024-06-05 23:00:00,iOS,US,free,44,6
3769,2024-06-06 00:00:00,iOS,US,premium,33,6
3770,2024-06-06 01:00:00,iOS,US,free,50,6
3771,2024-06-06 02:00:00,iOS,US,free,36,6
3772,2024-06-06 03:00:00,Android,US,premium,18,6
3773,2024-06-06 04:00:00,iOS,UK,premium,42,6
3774,2024-06-06 05:00:00,Android,UK,premium,18,6
3775,2024-06-06 06:00:00,Android,IN,premium,34,6
3776,2024-06-06 07:00:00,Android,US,premium,24,6
3777,2024-06-06 08:00:00,Android,IN,free,53,6
3778,2024-06-06 09:00:00,iOS,US,free,46,6
3779,2024-06-06 10:00:00,Android,BR,premium,24,6
3780,2024-06-06 11:00:00,Android,US,free,30,6
3781,2024-06-06 12:00:00,iOS,US,premium,34,6
3782,2024-06-06 13:00:00,iOS,BR,free,40,6
3783,2024-06-06 14:00:00,iOS,US,free,32,6
3784,2024-06-06 15:00:00,Android,DE,free,21,6
3785,2024-06-06 16:00:00,Android,UK,free,24,6
3786,2024-06-06 17:00:00,iOS,UK,free,31,6
3787,2024-06-06 18:00:00,iOS,UK,free,44,6
3788,2024-06-06 19:00:00,iOS,DE,free,36,6
3789,2024-06-06 20:00:00,iOS,US,free,24,6
3790,2024-06-06 21:00:00,Android,DE,free,38,6
3791,2024-06-06 22:00:00,iOS,BR,free,28,6
3794,2024-06-07 01:00:00,Android,DE,premium,28,6
3795,2024-06-07 02:00:00,iOS,UK,premium,40,6
3796,2024-06-07 03:00:00,Android,UK,premium,24,6
3797,2024-06-07 04:00:00,iOS,US,premium,30,6
3798,2024-06-07 05:00:00,iOS,UK,free,32,6
3799,2024-06-07 06:00:00,iOS,US,premium,30,6
3800,2024-06-07 07:00:00,iOS,UK,premium,56,6
3801,2024-06-07 08:00:00,iOS,BR,premium,28,6
3802,2024-06-07 09:00:00,Android,US,free,37,6
3803,2024-06-07 10:00:00,Android,UK,premium,18,6
3804,2024-06-07 11:00:00,Android,IN,free,36,6
3805,2024-06-07 12:00:00,iOS,DE,premium,43,6
3806,2024-06-07 13:00:00,Android,BR,free,26,6
3807,2024-06-07 14:00:00,iOS,UK,free,18,6
3808,2024-06-07 15:00:00,iOS,BR,free,31,6
3809,2024-06-07 16:00:00,iOS,US,free,32,6
3810,2024-06-07 17:00:00,iOS,US,free,39,6
3811,2024-06-07 18:00:00,Android,US,premium,52,6
3812,2024-06-07 19:00:00,iOS,UK,free,28,6
3813,2024-06-07 20:00:00,iOS,BR,free,23,6
3814,2024-06-07 21:00:00,Android,US,free,20,6
3815,2024-06-07 22:00:00,iOS,DE,free,33,6
3816,2024-06-07 23:00:00,iOS,DE,free,36,6
3817,2024-06-08 00:00:00,iOS,UK,free,26,6
3818,2024-06-08 01:00:00,Android,US,free,39,6
3819,2024-06-08 02:00:00,Android,UK,free,36,6
3820,2024-06-08 03:00:00,iOS,US,free,32,6
3821,2024-06-08 04:00:00,iOS,US,free,22,6
3822,2024-06-08 05:00:00,iOS,IN,free,27,6
3823,2024-06-08 06:00:00,Android,US,premium,18,6
3824,2024-06-08 07:00:00,iOS,US,free,34,6
3825,2024-06-08 08:00:00,iOS,BR,free,32,6
3826,2024-06-08 09:00:00,iOS,US,free,33,6
3827,2024-06-08 10:00:00,iOS,DE,free,37,6
3828,2024-06-08 11:00:00,iOS,US,free,35,6
3830,2024-06-08 13:00:00,iOS,US,free,32,6
3831,2024-06-08 14:00:00,iOS,US,free,18,6
3832,2024-06-08 15:00:00,Android,UK,free,26,6
3833,2024-06-08 16:00:00,Android,DE,free,32,6
3834,2024-06-08 17:00:00,iOS,UK,premium,24,6
3835,2024-06-08 18:00:00,iOS,IN,free,40,6
3836,2024-06-08 19:00:00,iOS,US,free,25,6
3837,2024-06-08 20:00:00,Android,UK,premium,34,6
3838,2024-06-08 21:00:00,iOS,UK,premium,33,6
3839,2024-06-08 22:00:00,Android,IN,free,39,6
3840,2024-06-08 23:00:00,Android,US,free,41,6
3841,2024-06-09 00:00:00,iOS,UK,free,38,6
3842,2024-06-09 01:00:00,iOS,BR,free,18,6
3844,2024-06-09 03:00:00,iOS,BR,free,47,6
3845,2024-06-09 04:00:00,iOS,US,free,27,6
3846,2024-06-09 05:00:00,Android,DE,free,34,6
3847,2024-06-09 06:00:00,Android,IN,free,23,6
3848,2024-06-09 07:00:00,iOS,DE,free,18,6
3849,2024-06-09 08:00:00,Android,UK,free,24,6
3850,2024-06-09 09:00:00,iOS,US,free,26,6
3851,2024-06-09 10:00:00,iOS,IN,free,28,6
3852,2024-06-09 11:00:00,iOS,UK,free,22,6
3853,2024-06-09 12:00:00,Android,US,premium,24,6
3854,2024-06-09 13:00:00,Android,DE,free,31,6
3855,2024-06-09 14:00:00,Android,UK,free,24,6
3856,2024-06-09 15:00:00,iOS,US,premium,37,6
3857,2024-06-09 16:00:00,iOS,US,free,38,6
3858,2024-06-09 17:00:00,iOS,US,premium,55,6
3859,2024-06-09 18:00:00,iOS,UK,free,43,6
3860,2024-06-09 19:00:00,Android,DE,free,34,6
3861,2024-06-09 20:00:00,Android,UK,free,25,6
3862,2024-06-09 21:00:00,Android,BR,free,34,6
3863,2024-06-09 22:00:00,iOS,BR,free,35,6
3864,2024-06-09 23:00:00,iOS,DE,premium,26,6
3865,2024-06-10 00:00:00,iOS,US,free,39,6
3866,2024-06-10 01:00:00,iOS,DE,free,18,6
3867,2024-06-10 02:00:00,iOS,UK,premium,29,6
3868,2024-06-10 03:00:00,Android,UK,free,37,6
3869,2024-06-10 04:00:00,Android,DE,free,29,6
3870,2024-06-10 05:00:00,iOS,US,free,29,6
3871,2024-06-10 06:00:00,iOS,IN,premium,30,6
3872,2024-06-10 07:00:00,iOS,US,free,23,6
3873,2024-06-10 08:00:00,iOS,DE,free,43,6
3874,2024-06-10 09:00:00,Android,US,premium,21,6
3875,2024-06-10 10:00:00,iOS,IN,free,35,6
3877,2024-06-10 12:00:00,iOS,US,free,22,6
3878,2024-06-10 13:00:00,Android,US,free,32,6
3879,2024-06-10 14:00:00,iOS,US,free,22,6
3880,2024-06-10 15:00:00,iOS,US,premium,45,6
3881,2024-06-10 16:00:00,iOS,UK,free,20,6
3882,2024-06-10 17:00:00,Android,UK,free,25,6
3883,2024-06-10 18:00:00,Android,US,free,19,6
3884,2024-06-10 19:00:00,iOS,US,free,18,6
3885,2024-06-10 20:00:00,Android,BR,free,47,6
3886,2024-06-10 21:00:00,Android,DE,premium,37,6
3887,2024-06-10 22:00:00,Android,DE,free,33,6
3888,2024-06-10 23:00:00,Android,DE,free,25,6
3889,2024-06-11 00:00:00,Android,US,free,41,6
3890,2024-06-11 01:00:00,iOS,US,free,23,6
3891,2024-06-11 02:00:00,Android,US,premium,39,6
3892,2024-06-11 03:00:00,iOS,BR,premium,23,6
3893,2024-06-11 04:00:00,Android,IN,free,25,6
3894,2024-06-11 05:00:00,iOS,UK,premium,39,6
3895,2024-06-11 06:00:00,Android,US,free,40,6
3896,2024-06-11 07:00:00,Android,US,free,37,6
3897,2024-06-11 08:00:00,iOS,US,free,21,6
3898,2024-06-11 09:00:00,Android,UK,free,27,6
3899,2024-06-11 10:00:00,iOS,US,premium,33,6
3900,2024-06-11 11:00:00,Android,IN,free,23,6
3901,2024-06-11 12:00:00,iOS,US,free,45,6
3902,2024-06-11 13:00:00,iOS,IN,premium,18,6
3903,2024-06-11 14:00:00,Android,BR,free,24,6
3904,2024-06-11 15:00:00,iOS,BR,premium,26,6
3905,2024-06-11 16:00:00,Android,DE,free,18,6
3906,2024-06-11 17:00:00,iOS,DE,free,18,6
3907,2024-06-11 18:00:00,iOS,DE,premium,38,6
3908,2024-06-11 19:00:00,iOS,DE,free,32,6
3909,2024-06-11 20:00:00,iOS,UK,premium,47,6
3910,2024-06-11 21:00:00,iOS,IN,free,47,6
3911,2024-06-11 22:00:00,iOS,DE,premium,36,6
3912,2024-06-11 23:00:00,iOS,BR,free,35,6
3913,2024-06-12 00:00:00,iOS,BR,free,32,6
3914,2024-06-12 01:00:00,Android,US,premium,18,6
3916,2024-06-12 03:00:00,iOS,UK,free,33,6
3917,2024-06-12 04:00:00,Android,UK,premium,38,6
3918,2024-06-12 05:00:00,iOS,BR,free,34,6
3919,2024-06-12 06:00:00,Android,UK,premium,23,6
3920,2024-06-12 07:00:00,Android,UK,free,41,6
3921,2024-06-12 08:00:00,Android,UK,free,46,6
3922,2024-06-12 09:00:00,iOS,US,free,41,6
3923,2024-06-12 10:00:00,Android,DE,free,41,6
3924,2024-06-12 11:00:00,iOS,BR,free,26,6
3925,2024-06-12 12:00:00,Android,US,free,42,6
3926,2024-06-12 13:00:00,iOS,UK,free,33,6
3927,2024-06-12 14:00:00,Android,UK,free,37,6
3928,2024-06-12 15:00:00,Android,US,free,35,6
3929,2024-06-12 16:00:00,Android,US,premium,30,6
3930,2024-06-12 17:00:00,iOS,IN,free,23,6
3931,2024-06-12 18:00:00,Android,US,free,31,6
3932,2024-06-12 19:00:00,iOS,US,premium,41,6
3933,2024-06-12 20:00:00,Android,US,free,27,6
3934,2024-06-12 21:00:00,iOS,DE,premium,40,6
3935,2024-06-12 22:00:00,iOS,DE,free,39,6
3936,2024-06-12 23:00:00,iOS,DE,free,29,6
3937,2024-06-13 00:00:00,iOS,US,free,45,6
3938,2024-06-13 01:00:00,iOS,BR,premium,28,6
3939,2024-06-13 02:00:00,iOS,US,free,47,6
3940,2024-06-13 03:00:00,iOS,US,premium,36,6
3941,2024-06-13 04:00:00,Android,UK,free,31,6
3942,2024-06-13 05:00:00,Android,US,free,23,6
3943,2024-06-13 06:00:00,iOS,BR,free,31,6
3944,2024-06-13 07:00:00,iOS,IN,free,29,6
3945,2024-06-13 08:00:00,iOS,US,free,19,6
3946,2024-06-13 09:00:00,iOS,BR,premium,29,6
3947,2024-06-13 10:00:00,Android,BR,free,23,6
3948,2024-06-13 11:00:00,Android,IN,free,37,6
3949,2024-06-13 12:00:00,iOS,US,free,45,6
3950,2024-06-13 13:00:00,iOS,UK,premium,19,6
3951,2024-06-13 14:00:00,iOS,US,premium,49,6
3952,2024-06-13 15:00:00,Android,BR,premium,30,6
3953,2024-06-13 16:00:00,Android,US,premium,22,6
3954,2024-06-13 17:00:00,iOS,UK,premium,39,6
3955,2024-06-13 18:00:00,iOS,US,premium,27,6
3956,2024-06-13 19:00:00,Android,US,free,31,6
3957,2024-06-13 20:00:00,Android,DE,free,27,6
3958,2024-06-13 21:00:00,iOS,BR,free,23,6
3959,2024-06-13 22:00:00,iOS,DE,free,39,6
3960,2024-06-13 23:00:00,iOS,BR,free,29,6
3961,2024-06-14 00:00:00,iOS,US,free,18,6
3962,2024-06-14 01:00:00,iOS,UK,free,37,6
3963,2024-06-14 02:00:00,iOS,UK,premium,19,6
3964,2024-06-14 03:00:00,iOS,US,free,20,6
3965,2024-06-14 04:00:00,iOS,UK,premium,43,6
3966,2024-06-14 05:00:00,Android,DE,free,20,6
3967,2024-06-14 06:00:00,iOS,UK,premium,18,6
3968,2024-06-14 07:00:00,iOS,DE,premium,38,6
3970,2024-06-14 09:00:00,iOS,US,free,29,6
3971,2024-06-14 10:00:00,Android,US,free,28,6
3972,2024-06-14 11:00:00,iOS,UK,free,34,6
3973,2024-06-14 12:00:00,iOS,US,premium,24,6
3974,2024-06-14 13:00:00,Android,US,premium,46,6
3975,2024-06-14 14:00:00,iOS,UK,premium,18,6
3976,2024-06-14 15:00:00,Android,UK,free,36,6
3977,2024-06-14 16:00:00,iOS,US,free,38,6
3978,2024-06-14 17:00:00,iOS,DE,free,24,6
3979,2024-06-14 18:00:00,iOS,DE,free,21,6
3980,2024-06-14 19:00:00,iOS,US,free,42,6
3981,2024-06-14 20:00:00,Android,BR,free,22,6
3982,2024-06-14 21:00:00,Android,DE,premium,25,6
3983,2024-06-14 22:00:00,iOS,DE,free,40,6
3984,2024-06-14 23:00:00,iOS,UK,free,32,6
3985,2024-06-15 00:00:00,Android,US,premium,18,6
3986,2024-06-15 01:00:00,Android,DE,free,49,6
3987,2024-06-15 02:00:00,iOS,US,free,26,6
3988,2024-06-15 03:00:00,iOS,IN,free,27,6
3989,2024-06-15 04:00:00,iOS,BR,free,34,6
3990,2024-06-15 05:00:00,Android,UK,free,38,6
3991,2024-06-15 06:00:00,iOS,US,free,51,6
3992,2024-06-15 07:00:00,iOS,US,free,18,6
3993,2024-06-15 08:00:00,Android,US,free,40,6
3994,2024-06-15 09:00:00,iOS,UK,free,39,6
3995,2024-06-15 10:00:00,iOS,US,premium,30,6
3996,2024-06-15 11:00:00,iOS,UK,free,39,6
3997,2024-06-15 12:00:00,iOS,US,premium,41,6
3998,2024-06-15 13:00:00,iOS,IN,free,18,6
3999,2024-06-15 14:00:00,iOS,US,free,49,6
4000,2024-06-15 15:00:00,iOS,IN,premium,18,6
4001,2024-06-15 16:00:00,iOS,IN,free,20,6
4002,2024-06-15 17:00:00,Android,UK,free,29,6
4003,2024-06-15 18:00:00,Android,DE,free,51,6
4004,2024-06-15 19:00:00,iOS,UK,free,28,6
4005,2024-06-15 20:00:00,iOS,DE,premium,31,6
4007,2024-06-15 22:00:00,iOS,US,free,28,6
4008,2024-06-15 23:00:00,iOS,UK,free,20,6
4009,2024-06-16 00:00:00,Android,UK,free,27,6
4010,2024-06-16 01:00:00,iOS,UK,premium,45,6
4011,2024-06-16 02:00:00,iOS,US,premium,32,6
4012,2024-06-16 03:00:00,iOS,US,premium,51,6
4013,2024-06-16 04:00:00,Android,US,free,39,6
4014,2024-06-16 05:00:00,iOS,US,premium,25,6
4015,2024-06-16 06:00:00,Android,US,free,32,6
4016,2024-06-16 07:00:00,iOS,US,free,23,6
4017,2024-06-16 08:00:00,Android,US,premium,25,6
4018,2024-06-16 09:00:00,Android,BR,free,65,6
4019,2024-06-16 10:00:00,iOS,US,premium,42,6
4020,2024-06-16 11:00:00,iOS,DE,free,40,6
4022,2024-06-16 13:00:00,iOS,BR,free,47,6
4023,2024-06-16 14:00:00,Android,UK,free,42,6
4024,2024-06-16 15:00:00,Android,US,free,50,6
4025,2024-06-16 16:00:00,Android,UK,free,50,6
4026,2024-06-16 17:00:00,Android,US,free,18,6
4027,2024-06-16 18:00:00,iOS,UK,free,20,6
4028,2024-06-16 19:00:00,iOS,US,free,21,6
4029,2024-06-16 20:00:00,Android,IN,free,22,6
4030,2024-06-16 21:00:00,iOS,UK,free,35,6
4031,2024-06-16 22:00:00,Android,US,free,26,6
4032,2024-06-16 23:00:00,iOS,DE,premium,52,6
4033,2024-06-17 00:00:00,iOS,US,premium,51,6
4034,2024-06-17 01:00:00,Android,BR,free,31,6
4035,2024-06-17 02:00:00,iOS,UK,free,51,6
4036,2024-06-17 03:00:00,Android,DE,premium,46,6
4037,2024-06-17 04:00:00,Android,US,free,27,6
4038,2024-06-17 05:00:00,Android,BR,free,18,6
4039,2024-06-17 06:00:00,Android,DE,free,29,6
4040,2024-06-17 07:00:00,iOS,US,free,25,6
4043,2024-06-17 10:00:00,iOS,IN,free,32,6
4044,2024-06-17 11:00:00,Android,US,free,37,6
4045,2024-06-17 12:00:00,iOS,UK,free,19,6
4046,2024-06-17 13:00:00,iOS,US,free,36,6
4047,2024-06-17 14:00:00,iOS,US,free,27,6
4048,2024-06-17 15:00:00,iOS,UK,free,33,6
4049,2024-06-17 16:00:00,Android,IN,premium,41,6
4050,2024-06-17 17:00:00,iOS,UK,free,19,6
4051,2024-06-17 18:00:00,Android,BR,free,29,6
4052,2024-06-17 19:00:00,Android,UK,free,30,6
4053,2024-06-17 20:00:00,Android,US,free,26,6
4054,2024-06-17 21:00:00,iOS,US,free,40,6
4055,2024-06-17 22:00:00,Android,UK,free,24,6
4056,2024-06-17 23:00:00,iOS,IN,premium,26,6
4057,2024-06-18 00:00:00,Android,BR,free,24,6
4058,2024-06-18 01:00:00,iOS,US,premium,42,6
4059,2024-06-18 02:00:00,Android,US,free,27,6
4060,2024-06-18 03:00:00,Android,US,premium,36,6
4061,2024-06-18 04:00:00,iOS,IN,premium,51,6
4062,2024-06-18 05:00:00,iOS,BR,premium,31,6
4063,2024-06-18 06:00:00,Android,BR,free,43,6
4065,2024-06-18 08:00:00,Android,UK,premium,42,6
4066,2024-06-18 09:00:00,iOS,UK,premium,31,6
4067,2024-06-18 10:00:00,iOS,US,premium,38,6
4068,2024-06-18 11:00:00,Android,UK,free,19,6
4069,2024-06-18 12:00:00,Android,US,premium,24,6
4070,2024-06-18 13:00:00,Android,US,free,25,6
4071,2024-06-18 14:00:00,iOS,BR,free,54,6
4072,2024-06-18 15:00:00,Android,BR,free,23,6
4073,2024-06-18 16:00:00,iOS,UK,free,23,6
4074,2024-06-18 17:00:00,Android,UK,premium,21,6
4076,2024-06-18 19:00:00,iOS,DE,free,33,6
4077,2024-06-18 20:00:00,iOS,BR,free,42,6
4078,2024-06-18 21:00:00,iOS,BR,free,38,6
4079,2024-06-18 22:00:00,Android,DE,free,18,6
4080,2024-06-18 23:00:00,iOS,US,free,23,6
4081,2024-06-19 00:00:00,Android,US,free,45,6
4082,2024-06-19 01:00:00,iOS,UK,premium,29,6
4083,2024-06-19 02:00:00,Android,US,premium,43,6
4084,2024-06-19 03:00:00,Android,BR,free,30,6
4085,2024-06-19 04:00:00,iOS,US,free,22,6
4086,2024-06-19 05:00:00,iOS,US,free,28,6
4087,2024-06-19 06:00:00,iOS,US,free,22,6
4088,2024-06-19 07:00:00,Android,IN,free,26,6
4089,2024-06-19 08:00:00,Android,US,free,34,6
4091,2024-06-19 10:00:00,Android,UK,premium,18,6
4092,2024-06-19 11:00:00,iOS,US,free,31,6
4093,2024-06-19 12:00:00,iOS,UK,free,26,6
4094,2024-06-19 13:00:00,Android,DE,premium,25,6
4095,2024-06-19 14:00:00,iOS,UK,free,33,6
4096,2024-06-19 15:00:00,iOS,BR,free,26,6
4097,2024-06-19 16:00:00,iOS,US,free,45,6
4098,2024-06-19 17:00:00,iOS,US,premium,43,6
4099,2024-06-19 18:00:00,iOS,IN,free,43,6
4100,2024-06-19 19:00:00,iOS,US,premium,27,6
4101,2024-06-19 20:00:00,Android,UK,free,22,6
4102,2024-06-19 21:00:00,iOS,BR,free,32,6
4103,2024-06-19 22:00:00,iOS,US,free,30,6
4104,2024-06-19 23:00:00,iOS,DE,free,25,6
4105,2024-06-20 00:00:00,iOS,US,premium,20,6
4106,2024-06-20 01:00:00,Android,US,free,31,6
4107,2024-06-20 02:00:00,Android,US,free,27,6
4108,2024-06-20 03:00:00,iOS,BR,free,38,6
4109,2024-06-20 04:00:00,Android,US,premium,38,6
4110,2024-06-20 05:00:00,iOS,DE,free,43,6
4111,2024-06-20 06:00:00,iOS,IN,premium,19,6
4112,2024-06-20 07:00:00,iOS,UK,free,36,6
4114,2024-06-20 09:00:00,iOS,UK,free,19,6
4115,2024-06-20 10:00:00,Android,US,free,27,6
4116,2024-06-20 11:00:00,iOS,UK,free,42,6
4117,2024-06-20 12:00:00,Android,DE,free,28,6
4118,2024-06-20 13:00:00,iOS,IN,free,47,6
4119,2024-06-20 14:00:00,iOS,IN,premium,37,6
4120,2024-06-20 15:00:00,Android,BR,free,28,6
4121,2024-06-20 16:00:00,iOS,BR,free,43,6
4122,2024-06-20 17:00:00,iOS,UK,free,36,6
4123,2024-06-20 18:00:00,Android,DE,free,22,6
4124,2024-06-20 19:00:00,Android,BR,free,50,6
4125,2024-06-20 20:00:00,Android,US,free,34,6
4126,2024-06-20 21:00:00,Android,IN,free,32,6
4128,2024-06-20 23:00:00,Android,DE,free,43,6
4129,2024-06-21 00:00:00,iOS,DE,free,37,6
4130,2024-06-21 01:00:00,iOS,IN,free,38,6
4131,2024-06-21 02:00:00,iOS,US,free,26,6
4132,2024-06-21 03:00:00,iOS,DE,free,40,6
4133,2024-06-21 04:00:00,Android,UK,free,41,6
4134,2024-06-21 05:00:00,Android,US,free,25,6
4135,2024-06-21 06:00:00,iOS,BR,free,18,6
4136,2024-06-21 07:00:00,iOS,UK,free,37,6
4137,2024-06-21 08:00:00,Android,DE,free,18,6
4138,2024-06-21 09:00:00,iOS,US,free,33,6
4139,2024-06-21 10:00:00,Android,UK,free,27,6
4140,2024-06-21 11:00:00,iOS,DE,free,44,6
4141,2024-06-21 12:00:00,iOS,UK,free,28,6
4142,2024-06-21 13:00:00,iOS,US,free,43,6
4143,2024-06-21 14:00:00,iOS,IN,free,26,6
4144,2024-06-21 15:00:00,Android,UK,free,41,6
4145,2024-06-21 16:00:00,Android,DE,free,52,6
4146,2024-06-21 17:00:00,Android,UK,free,21,6
4147,2024-06-21 18:00:00,iOS,US,free,34,6
4148,2024-06-21 19:00:00,iOS,UK,free,59,6
4149,2024-06-21 20:00:00,Android,UK,free,32,6
4150,2024-06-21 21:00:00,Android,UK,free,32,6
4151,2024-06-21 22:00:00,iOS,UK,free,39,6
4152,2024-06-21 23:00:00,iOS,UK,premium,32,6
4153,2024-06-22 00:00:00,Android,US,free,18,6
4155,2024-06-22 02:00:00,iOS,US,premium,18,6
4156,2024-06-22 03:00:00,iOS,US,premium,27,6
4157,2024-06-22 04:00:00,iOS,IN,premium,44,6
4158,2024-06-22 05:00:00,Android,DE,free,28,6
4159,2024-06-22 06:00:00,Android,DE,premium,25,6
4160,2024-06-22 07:00:00,iOS,UK,free,40,6
4161,2024-06-22 08:00:00,iOS,IN,free,23,6
4162,2024-06-22 09:00:00,iOS,DE,free,19,6
4163,2024-06-22 10:00:00,iOS,BR,free,34,6
4164,2024-06-22 11:00:00,iOS,US,free,30,6
4165,2024-06-22 12:00:00,Android,IN,free,19,6
4166,2024-06-22 13:00:00,iOS,BR,free,38,6
4168,2024-06-22 15:00:00,iOS,US,premium,28,6
4169,2024-06-22 16:00:00,iOS,US,free,29,6
4170,2024-06-22 17:00:00,iOS,US,free,36,6
4171,2024-06-22 18:00:00,iOS,US,premium,43,6
4172,2024-06-22 19:00:00,Android,BR,free,29,6
4173,2024-06-22 20:00:00,iOS,US,free,38,6
4174,2024-06-22 21:00:00,iOS,US,premium,37,6
4175,2024-06-22 22:00:00,Android,US,premium,40,6
4176,2024-06-22 23:00:00,Android,US,premium,32,6
4177,2024-06-23 00:00:00,iOS,US,free,22,6
4178,2024-06-23 01:00:00,Android,BR,free,27,6
4179,2024-06-23 02:00:00,iOS,UK,free,35,6
4180,2024-06-23 03:00:00,iOS,US,free,50,6
4181,2024-06-23 04:00:00,iOS,UK,free,27,6
4182,2024-06-23 05:00:00,Android,UK,free,40,6
4183,2024-06-23 06:00:00,Android,US,premium,28,6
4184,2024-06-23 07:00:00,iOS,DE,free,33,6
4185,2024-06-23 08:00:00,iOS,DE,free,47,6
4186,2024-06-23 09:00:00,Android,DE,free,39,6
4187,2024-06-23 10:00:00,iOS,DE,free,19,6
4188,2024-06-23 11:00:00,iOS,US,premium,26,6
4189,2024-06-23 12:00:00,Android,IN,free,44,6
4190,2024-06-23 13:00:00,Android,BR,free,33,6
4191,2024-06-23 14:00:00,Android,IN,free,20,6
4192,2024-06-23 15:00:00,Android,US,free,23,6
4193,2024-06-23 16:00:00,iOS,IN,free,39,6
4194,2024-06-23 17:00:00,Android,BR,premium,41,6
4195,2024-06-23 18:00:00,Android,BR,free,32,6
4196,2024-06-23 19:00:00,iOS,US,free,56,6
4197,2024-06-23 20:00:00,iOS,DE,free,40,6
4198,2024-06-23 21:00:00,iOS,IN,premium,29,6
4199,2024-06-23 22:00:00,iOS,DE,free,23,6
4200,2024-06-23 23:00:00,Android,UK,free,22,6
4201,2024-06-24 00:00:00,Android,IN,free,35,6
4202,2024-06-24 01:00:00,iOS,UK,premium,27,6
4203,2024-06-24 02:00:00,iOS,UK,premium,48,6
4204,2024-06-24 03:00:00,Android,UK,premium,46,6
4205,2024-06-24 04:00:00,iOS,IN,premium,38,6
4206,2024-06-24 05:00:00,iOS,US,free,20,6
4207,2024-06-24 06:00:00,iOS,UK,free,25,6
4208,2024-06-24 07:00:00,iOS,DE,premium,44,6
4209,2024-06-24 08:00:00,iOS,BR,premium,26,6
4210,2024-06-24 09:00:00,iOS,UK,free,43,6
4211,2024-06-24 10:00:00,iOS,IN,free,36,6
4212,2024-06-24 11:00:00,iOS,IN,premium,32,6
4213,2024-06-24 12:00:00,iOS,US,free,24,6
4214,2024-06-24 13:00:00,iOS,UK,premium,31,6
4215,2024-06-24 14:00:00,Android,US,free,33,6
4216,2024-06-24 15:00:00,Android,US,free,42,6
4217,2024-06-24 16:00:00,iOS,UK,free,23,6
4218,2024-06-24 17:00:00,iOS,IN,free,29,6
4219,2024-06-24 18:00:00,Android,BR,free,32,6
4220,2024-06-24 19:00:00,iOS,US,free,38,6
4221,2024-06-24 20:00:00,iOS,US,free,22,6
4222,2024-06-24 21:00:00,Android,UK,premium,18,6
4223,2024-06-24 22:00:00,Android,UK,free,38,6
4224,2024-06-24 23:00:00,Android,US,free,18,6
4225,2024-06-25 00:00:00,iOS,BR,free,44,6
4226,2024-06-25 01:00:00,Android,IN,free,30,6
4227,2024-06-25 02:00:00,iOS,UK,free,18,6
4228,2024-06-25 03:00:00,Android,BR,free,27,6
4229,2024-06-25 04:00:00,iOS,US,free,35,6
4230,2024-06-25 05:00:00,iOS,DE,free,26,6
4231,2024-06-25 06:00:00,Android,UK,free,32,6
4232,2024-06-25 07:00:00,iOS,US,free,39,6
4233,2024-06-25 08:00:00,iOS,IN,free,29,6
4234,2024-06-25 09:00:00,Android,UK,premium,22,6
4235,2024-06-25 10:00:00,iOS,DE,premium,29,6
4236,2024-06-25 11:00:00,iOS,US,premium,46,6
4237,2024-06-25 12:00:00,iOS,US,premium,48,6
4238,2024-06-25 13:00:00,Android,US,free,18,6
4239,2024-06-25 14:00:00,Android,UK,free,42,6
4240,2024-06-25 15:00:00,iOS,DE,free,34,6
4241,2024-06-25 16:00:00,Android,US,premium,41,6
4242,2024-06-25 17:00:00,iOS,DE,premium,26,6
4243,2024-06-25 18:00:00,Android,DE,premium,18,6
4244,2024-06-25 19:00:00,iOS,DE,free,37,6
4245,2024-06-25 20:00:00,iOS,UK,premium,22,6
4247,2024-06-25 22:00:00,iOS,UK,free,18,6
4249,2024-06-26 00:00:00,iOS,US,free,33,6
4250,2024-06-26 01:00:00,Android,US,premium,39,6
4251,2024-06-26 02:00:00,iOS,US,free,38,6
4252,2024-06-26 03:00:00,iOS,DE,premium,27,6
4253,2024-06-26 04:00:00,iOS,US,free,31,6
4254,2024-06-26 05:00:00,iOS,US,premium,26,6
4255,2024-06-26 06:00:00,iOS,BR,premium,29,6
4256,2024-06-26 07:00:00,Android,US,premium,22,6
4257,2024-06-26 08:00:00,Android,US,free,35,6
4258,2024-06-26 09:00:00,iOS,US,premium,42,6
4259,2024-06-26 10:00:00,iOS,BR,free,23,6
4260,2024-06-26 11:00:00,iOS,US,free,44,6
4261,2024-06-26 12:00:00,iOS,UK,free,33,6
4262,2024-06-26 13:00:00,Android,UK,premium,34,6
4263,2024-06-26 14:00:00,iOS,DE,free,18,6
4264,2024-06-26 15:00:00,iOS,DE,premium,18,6
4265,2024-06-26 16:00:00,Android,BR,free,33,6
4266,2024-06-26 17:00:00,iOS,US,free,39,6
4267,2024-06-26 18:00:00,Android,US,premium,25,6
4268,2024-06-26 19:00:00,iOS,US,free,48,6
4269,2024-06-26 20:00:00,Android,US,premium,39,6
4270,2024-06-26 21:00:00,Android,US,free,22,6
4271,2024-06-26 22:00:00,Android,US,free,32,6
4272,2024-06-26 23:00:00,Android,UK,free,56,6
4273,2024-06-27 00:00:00,iOS,DE,free,19,6
4274,2024-06-27 01:00:00,iOS,US,free,37,6
4275,2024-06-27 02:00:00,Android,DE,free,28,6
4276,2024-06-27 03:00:00,iOS,US,free,39,6
4277,2024-06-27 04:00:00,iOS,US,free,44,6
4278,2024-06-27 05:00:00,iOS,UK,free,28,6
4279,2024-06-27 06:00:00,iOS,US,premium,43,6
4280,2024-06-27 07:00:00,iOS,US,free,54,6
4281,2024-06-27 08:00:00,iOS,UK,premium,32,6
4282,2024-06-27 09:00:00,Android,IN,free,39,6
4283,2024-06-27 10:00:00,iOS,DE,free,26,6
4284,2024-06-27 11:00:00,iOS,US,free,32,6
4285,2024-06-27 12:00:00,iOS,BR,free,30,6
4286,2024-06-27 13:00:00,iOS,DE,free,39,6
4287,2024-06-27 14:00:00,Android,DE,free,44,6
4288,2024-06-27 15:00:00,iOS,BR,premium,30,6
4289,2024-06-27 16:00:00,iOS,UK,premium,47,6
4290,2024-06-27 17:00:00,Android,US,free,47,6
4291,2024-06-27 18:00:00,iOS,UK,premium,40,6
4292,2024-06-27 19:00:00,iOS,UK,free,26,6
4293,2024-06-27 20:00:00,iOS,UK,free,25,6
4294,2024-06-27 21:00:00,Android,UK,free,23,6
4295,2024-06-27 22:00:00,iOS,IN,premium,41,6
4297,2024-06-28 00:00:00,iOS,BR,premium,38,6
4298,2024-06-28 01:00:00,iOS,BR,free,21,6
4299,2024-06-28 02:00:00,iOS,IN,free,40,6
4300,2024-06-28 03:00:00,iOS,US,free,32,6
4301,2024-06-28 04:00:00,iOS,US,free,45,6
4302,2024-06-28 05:00:00,Android,UK,free,43,6
4303,2024-06-28 06:00:00,Android,BR,free,46,6
4304,2024-06-28 07:00:00,iOS,UK,free,46,6
4305,2024-06-28 08:00:00,Android,DE,free,33,6
4306,2024-06-28 09:00:00,iOS,US,free,20,6
4307,2024-06-28 10:00:00,iOS,US,free,21,6
4308,2024-06-28 11:00:00,Android,DE,free,18,6
4309,2024-06-28 12:00:00,Android,US,free,21,6
4310,2024-06-28 13:00:00,Android,US,free,32,6
4311,2024-06-28 14:00:00,iOS,US,free,26,6
4312,2024-06-28 15:00:00,Android,US,free,30,6
4313,2024-06-28 16:00:00,iOS,DE,free,36,6
4314,2024-06-28 17:00:00,Android,US,free,28,6
4315,2024-06-28 18:00:00,Android,UK,premium,20,6
4316,2024-06-28 19:00:00,iOS,US,free,31,6
4317,2024-06-28 20:00:00,Android,BR,free,23,6
4318,2024-06-28 21:00:00,iOS,US,free,29,6
4319,2024-06-28 22:00:00,iOS,DE,premium,45,6
4320,2024-06-28 23:00:00,iOS,DE,free,29,6
4321,2024-06-29 00:00:00,iOS,US,free,49,6
4322,2024-06-29 01:00:00,Android,BR,free,46,6
4323,2024-06-29 02:00:00,Android,DE,free,26,6
4324,2024-06-29 03:00:00,iOS,UK,free,20,6
4325,2024-06-29 04:00:00,Android,US,premium,31,6
4326,2024-06-29 05:00:00,Android,IN,premium,43,6
4327,2024-06-29 06:00:00,iOS,BR,free,27,6
4328,2024-06-29 07:00:00,Android,US,free,41,6
4329,2024-06-29 08:00:00,iOS,US,free,44,6
4330,2024-06-29 09:00:00,Android,BR,free,24,6
4331,2024-06-29 10:00:00,iOS,DE,free,25,6
4332,2024-06-29 11:00:00,iOS,BR,free,39,6
4333,2024-06-29 12:00:00,iOS,UK,free,33,6
4334,2024-06-29 13:00:00,Android,DE,free,25,6
4336,2024-06-29 15:00:00,iOS,US,premium,31,6
4337,2024-06-29 16:00:00,iOS,DE,free,18,6
4338,2024-06-29 17:00:00,Android,IN,premium,39,6
4340,2024-06-29 19:00:00,iOS,UK,free,18,6
4341,2024-06-29 20:00:00,iOS,DE,free,31,6
4342,2024-06-29 21:00:00,iOS,UK,free,24,6
4343,2024-06-29 22:00:00,Android,BR,free,48,6
4344,2024-06-29 23:00:00,Android,BR,premium,26,6
4346,2024-06-30 01:00:00,iOS,IN,free,37,6
4347,2024-06-30 02:00:00,Android,BR,free,25,6
4348,2024-06-30 03:00:00,iOS,BR,free,24,6
4349,2024-06-30 04:00:00,Android,DE,free,37,6
4350,2024-06-30 05:00:00,Android,BR,free,21,6
4351,2024-06-30 06:00:00,Android,US,free,18,6
4352,2024-06-30 07:00:00,iOS,US,free,49,6
4353,2024-06-30 08:00:00,iOS,BR,free,37,6
4355,2024-06-30 10:00:00,iOS,US,free,31,6
4356,2024-06-30 11:00:00,Android,BR,free,37,6
4358,2024-06-30 13:00:00,Android,US,free,24,6
4359,2024-06-30 14:00:00,iOS,BR,premium,35,6
4360,2024-06-30 15:00:00,iOS,DE,premium,26,6
4361,2024-06-30 16:00:00,iOS,UK,premium,30,6
4362,2024-06-30 17:00:00,Android,BR,premium,33,6
4363,2024-06-30 18:00:00,Android,UK,free,31,6
4364,2024-06-30 19:00:00,iOS,US,premium,39,6
4365,2024-06-30 20:00:00,iOS,US,free,36,6
4366,2024-06-30 21:00:00,Android,UK,free,18,6
4367,2024-06-30 22:00:00,iOS,UK,premium,18,6
4368,2024-06-30 23:00:00,iOS,BR,premium,28,6
4369,2024-07-01 00:00:00,iOS,BR,premium,50,7
4370,2024-07-01 01:00:00,iOS,UK,premium,23,7
4371,2024-07-01 02:00:00,iOS,BR,premium,29,7
4372,2024-07-01 03:00:00,iOS,US,free,26,7
4373,2024-07-01 04:00:00,iOS,US,premium,26,7
4374,2024-07-01 05:00:00,iOS,BR,free,33,7
4375,2024-07-01 06:00:00,iOS,US,premium,46,7
4376,2024-07-01 07:00:00,iOS,US,premium,36,7
4377,2024-07-01 08:00:00,iOS,DE,premium,23,7
4378,2024-07-01 09:00:00,Android,UK,free,59,7
4379,2024-07-01 10:00:00,iOS,BR,free,32,7
4380,2024-07-01 11:00:00,iOS,US,free,26,7
4381,2024-07-01 12:00:00,iOS,US,premium,46,7
4382,2024-07-01 13:00:00,iOS,US,free,27,7
4383,2024-07-01 14:00:00,iOS,UK,free,48,7
4384,2024-07-01 15:00:00,iOS,US,free,23,7
4385,2024-07-01 16:00:00,Android,UK,premium,46,7
4386,2024-07-01 17:00:00,iOS,BR,premium,34,7
4387,2024-07-01 18:00:00,Android,IN,premium,44,7
4388,2024-07-01 19:00:00,iOS,US,free,51,7
4389,2024-07-01 20:00:00,iOS,UK,free,20,7
4390,2024-07-01 21:00:00,iOS,UK,free,44,7
4392,2024-07-01 23:00:00,iOS,IN,premium,21,7
4393,2024-07-02 00:00:00,Android,US,free,23,7
4394,2024-07-02 01:00:00,iOS,DE,free,37,7
4395,2024-07-02 02:00:00,Android,US,free,32,7
4396,2024-07-02 03:00:00,Android,US,free,30,7
4397,2024-07-02 04:00:00,iOS,US,premium,33,7
4398,2024-07-02 05:00:00,iOS,UK,free,37,7
4399,2024-07-02 06:00:00,iOS,UK,premium,38,7
4400,2024-07-02 07:00:00,iOS,US,free,42,7
4401,2024-07-02 08:00:00,iOS,DE,free,50,7
4402,2024-07-02 09:00:00,iOS,US,free,31,7
4404,2024-07-02 11:00:00,iOS,US,premium,38,7
4405,2024-07-02 12:00:00,Android,US,free,20,7
4407,2024-07-02 14:00:00,Android,US,free,41,7
4408,2024-07-02 15:00:00,iOS,UK,free,30,7
4409,2024-07-02 16:00:00,iOS,US,premium,19,7
4410,2024-07-02 17:00:00,iOS,UK,free,18,7
4411,2024-07-02 18:00:00,iOS,US,free,32,7
4412,2024-07-02 19:00:00,iOS,DE,premium,43,7
4413,2024-07-02 20:00:00,Android,BR,free,43,7
4414,2024-07-02 21:00:00,Android,US,free,33,7
4415,2024-07-02 22:00:00,iOS,UK,free,52,7
4416,2024-07-02 23:00:00,iOS,US,free,30,7
4417,2024-07-03 00:00:00,iOS,UK,free,30,7
4418,2024-07-03 01:00:00,iOS,US,free,18,7
4419,2024-07-03 02:00:00,iOS,UK,premium,27,7
4420,2024-07-03 03:00:00,iOS,UK,free,40,7
4421,2024-07-03 04:00:00,iOS,IN,premium,47,7
4422,2024-07-03 05:00:00,Android,UK,free,23,7
4423,2024-07-03 06:00:00,iOS,UK,free,36,7
4424,2024-07-03 07:00:00,Android,UK,free,42,7
4425,2024-07-03 08:00:00,iOS,IN,free,32,7
4426,2024-07-03 09:00:00,iOS,BR,premium,18,7
4427,2024-07-03 10:00:00,iOS,US,free,34,7
4428,2024-07-03 11:00:00,iOS,BR,free,39,7
4429,2024-07-03 12:00:00,iOS,UK,free,22,7
4430,2024-07-03 13:00:00,Android,BR,free,29,7
4431,2024-07-03 14:00:00,Android,BR,premium,20,7
4432,2024-07-03 15:00:00,iOS,US,premium,18,7
4433,2024-07-03 16:00:00,iOS,DE,free,42,7
4434,2024-07-03 17:00:00,Android,US,premium,31,7
4435,2024-07-03 18:00:00,iOS,US,premium,47,7
4436,2024-07-03 19:00:00,iOS,US,free,40,7
4437,2024-07-03 20:00:00,iOS,DE,free,28,7
4438,2024-07-03 21:00:00,Android,US,free,31,7
4439,2024-07-03 22:00:00,Android,US,free,37,7
4440,2024-07-03 23:00:00,iOS,DE,free,41,7
4441,2024-07-04 00:00:00,Android,US,free,35,7
4442,2024-07-04 01:00:00,Android,US,free,43,7
4443,2024-07-04 02:00:00,iOS,US,free,29,7
4444,2024-07-04 03:00:00,iOS,US,premium,22,7
4445,2024-07-04 04:00:00,iOS,UK,free,31,7
4446,2024-07-04 05:00:00,Android,US,free,34,7
4447,2024-07-04 06:00:00,iOS,IN,premium,19,7
4448,2024-07-04 07:00:00,Android,DE,free,18,7
4449,2024-07-04 08:00:00,iOS,US,free,36,7
4450,2024-07-04 09:00:00,Android,US,premium,27,7
4451,2024-07-04 10:00:00,iOS,UK,premium,30,7
4452,2024-07-04 11:00:00,iOS,DE,free,28,7
4453,2024-07-04 12:00:00,Android,US,free,47,7
4454,2024-07-04 13:00:00,Android,US,premium,44,7
4455,2024-07-04 14:00:00,Android,BR,free,19,7
4456,2024-07-04 15:00:00,iOS,US,free,26,7
4457,2024-07-04 16:00:00,Android,US,free,40,7
4458,2024-07-04 17:00:00,iOS,BR,free,38,7
4459,2024-07-04 18:00:00,iOS,DE,free,31,7
4461,2024-07-04 20:00:00,iOS,DE,premium,25,7
4463,2024-07-04 22:00:00,Android,DE,free,34,7
4464,2024-07-04 23:00:00,iOS,UK,free,49,7
4465,2024-07-05 00:00:00,Android,BR,premium,25,7
4466,2024-07-05 01:00:00,iOS,IN,free,21,7
4467,2024-07-05 02:00:00,iOS,IN,free,30,7
4468,2024-07-05 03:00:00,iOS,IN,premium,42,7
4469,2024-07-05 04:00:00,Android,UK,free,18,7
4470,2024-07-05 05:00:00,Android,US,free,46,7
4471,2024-07-05 06:00:00,Android,UK,premium,30,7
4472,2024-07-05 07:00:00,Android,DE,premium,24,7
4473,2024-07-05 08:00:00,iOS,BR,free,18,7
4474,2024-07-05 09:00:00,iOS,US,premium,39,7
4475,2024-07-05 10:00:00,Android,IN,free,30,7
4476,2024-07-05 11:00:00,iOS,BR,free,33,7
4477,2024-07-05 12:00:00,iOS,IN,premium,22,7
4478,2024-07-05 13:00:00,iOS,BR,premium,28,7
4479,2024-07-05 14:00:00,iOS,US,free,27,7
4480,2024-07-05 15:00:00,iOS,US,free,30,7
4481,2024-07-05 16:00:00,iOS,US,free,25,7
4483,2024-07-05 18:00:00,iOS,DE,free,59,7
4484,2024-07-05 19:00:00,iOS,BR,free,18,7
4485,2024-07-05 20:00:00,iOS,BR,free,33,7
4486,2024-07-05 21:00:00,Android,DE,free,18,7
4487,2024-07-05 22:00:00,iOS,US,free,18,7
4488,2024-07-05 23:00:00,iOS,US,premium,32,7
4489,2024-07-06 00:00:00,Android,US,free,33,7
4490,2024-07-06 01:00:00,iOS,US,free,44,7
4491,2024-07-06 02:00:00,iOS,UK,premium,35,7
4492,2024-07-06 03:00:00,Android,US,free,30,7
4493,2024-07-06 04:00:00,iOS,US,free,22,7
4494,2024-07-06 05:00:00,Android,US,free,46,7
4495,2024-07-06 06:00:00,Android,DE,free,41,7
4496,2024-07-06 07:00:00,Android,UK,free,19,7
4498,2024-07-06 09:00:00,iOS,UK,free,33,7
4499,2024-07-06 10:00:00,iOS,IN,free,28,7
4500,2024-07-06 11:00:00,iOS,US,free,39,7
4501,2024-07-06 12:00:00,iOS,UK,free,40,7
4502,2024-07-06 13:00:00,iOS,DE,premium,30,7
4503,2024-07-06 14:00:00,iOS,UK,free,29,7
4504,2024-07-06 15:00:00,iOS,IN,free,46,7
4505,2024-07-06 16:00:00,iOS,US,free,41,7
4506,2024-07-06 17:00:00,iOS,UK,free,32,7
4507,2024-07-06 18:00:00,Android,US,premium,18,7
4508,2024-07-06 19:00:00,iOS,DE,free,35,7
4509,2024-07-06 20:00:00,iOS,US,premium,38,7
4510,2024-07-06 21:00:00,Android,US,free,18,7
4511,2024-07-06 22:00:00,iOS,UK,premium,34,7
4512,2024-07-06 23:00:00,iOS,UK,premium,27,7
4515,2024-07-07 02:00:00,iOS,DE,free,30,7
4516,2024-07-07 03:00:00,iOS,US,free,45,7
4517,2024-07-07 04:00:00,iOS,UK,free,27,7
4518,2024-07-07 05:00:00,Android,DE,free,41,7
4519,2024-07-07 06:00:00,iOS,UK,premium,23,7
4520,2024-07-07 07:00:00,iOS,US,free,39,7
4521,2024-07-07 08:00:00,Android,US,premium,32,7
4522,2024-07-07 09:00:00,iOS,DE,premium,35,7
4523,2024-07-07 10:00:00,Android,IN,premium,32,7
4524,2024-07-07 11:00:00,iOS,DE,free,38,7
4525,2024-07-07 12:00:00,Android,US,free,18,7
4526,2024-07-07 13:00:00,iOS,UK,free,18,7
4528,2024-07-07 15:00:00,Android,US,free,18,7
4529,2024-07-07 16:00:00,iOS,IN,premium,26,7
4530,2024-07-07 17:00:00,iOS,IN,free,31,7
4531,2024-07-07 18:00:00,iOS,US,free,23,7
4532,2024-07-07 19:00:00,iOS,IN,premium,25,7
4533,2024-07-07 20:00:00,iOS,US,free,34,7
4534,2024-07-07 21:00:00,iOS,BR,free,42,7
4535,2024-07-07 22:00:00,iOS,UK,premium,22,7
4536,2024-07-07 23:00:00,iOS,UK,free,26,7
4537,2024-07-08 00:00:00,iOS,DE,free,24,7
4538,2024-07-08 01:00:00,Android,BR,free,18,7
4539,2024-07-08 02:00:00,iOS,US,premium,33,7
4540,2024-07-08 03:00:00,iOS,UK,free,41,7
4542,2024-07-08 05:00:00,iOS,US,free,23,7
4543,2024-07-08 06:00:00,iOS,US,free,19,7
4544,2024-07-08 07:00:00,iOS,UK,free,32,7
4545,2024-07-08 08:00:00,iOS,US,free,40,7
4546,2024-07-08 09:00:00,Android,US,free,33,7
4547,2024-07-08 10:00:00,iOS,US,free,34,7
4548,2024-07-08 11:00:00,Android,US,free,43,7
4549,2024-07-08 12:00:00,Android,UK,free,24,7
4550,2024-07-08 13:00:00,Android,IN,free,29,7
4551,2024-07-08 14:00:00,Android,US,free,48,7
4552,2024-07-08 15:00:00,iOS,IN,free,30,7
4553,2024-07-08 16:00:00,iOS,DE,premium,19,7
4554,2024-07-08 17:00:00,Android,DE,premium,25,7
4555,2024-07-08 18:00:00,iOS,DE,free,22,7
4556,2024-07-08 19:00:00,iOS,BR,free,35,7
4557,2024-07-08 20:00:00,Android,US,free,23,7
4558,2024-07-08 21:00:00,Android,UK,free,34,7
4559,2024-07-08 22:00:00,Android,DE,free,24,7
4560,2024-07-08 23:00:00,Android,UK,free,18,7
4561,2024-07-09 00:00:00,Android,BR,free,35,7
4562,2024-07-09 01:00:00,iOS,US,free,33,7
4563,2024-07-09 02:00:00,Android,DE,free,37,7
4564,2024-07-09 03:00:00,iOS,UK,premium,25,7
4565,2024-07-09 04:00:00,iOS,US,free,24,7
4566,2024-07-09 05:00:00,Android,US,free,36,7
4567,2024-07-09 06:00:00,iOS,DE,premium,47,7
4568,2024-07-09 07:00:00,iOS,BR,premium,32,7
4569,2024-07-09 08:00:00,iOS,UK,premium,36,7
4570,2024-07-09 09:00:00,Android,BR,free,28,7
4571,2024-07-09 10:00:00,iOS,UK,free,18,7
4572,2024-07-09 11:00:00,Android,US,premium,41,7
4573,2024-07-09 12:00:00,iOS,US,free,41,7
4574,2024-07-09 13:00:00,Android,US,premium,39,7
4575,2024-07-09 14:00:00,Android,US,free,30,7
4576,2024-07-09 15:00:00,iOS,US,free,37,7
4577,2024-07-09 16:00:00,iOS,DE,premium,40,7
4578,2024-07-09 17:00:00,iOS,DE,free,48,7
4579,2024-07-09 18:00:00,Android,US,free,41,7
4580,2024-07-09 19:00:00,Android,US,free,32,7
4581,2024-07-09 20:00:00,Android,US,free,18,7
4582,2024-07-09 21:00:00,iOS,UK,free,33,7
4583,2024-07-09 22:00:00,Android,US,free,34,7
4585,2024-07-10 00:00:00,Android,IN,premium,45,7
4586,2024-07-10 01:00:00,Android,BR,free,31,7
4587,2024-07-10 02:00:00,iOS,US,premium,53,7
4588,2024-07-10 03:00:00,iOS,UK,free,18,7
4589,2024-07-10 04:00:00,Android,US,free,36,7
4590,2024-07-10 05:00:00,Android,BR,free,24,7
4591,2024-07-10 06:00:00,iOS,UK,free,18,7
4592,2024-07-10 07:00:00,iOS,US,premium,29,7
4593,2024-07-10 08:00:00,iOS,DE,premium,18,7
4594,2024-07-10 09:00:00,iOS,US,free,30,7
4595,2024-07-10 10:00:00,iOS,US,free,32,7
4596,2024-07-10 11:00:00,Android,US,premium,43,7
4597,2024-07-10 12:00:00,Android,UK,premium,18,7
4598,2024-07-10 13:00:00,iOS,US,premium,41,7
4599,2024-07-10 14:00:00,iOS,US,free,32,7
4600,2024-07-10 15:00:00,iOS,US,premium,42,7
4601,2024-07-10 16:00:00,iOS,US,free,27,7
4602,2024-07-10 17:00:00,Android,BR,free,18,7
4603,2024-07-10 18:00:00,Android,US,free,19,7
4604,2024-07-10 19:00:00,iOS,US,free,19,7
4605,2024-07-10 20:00:00,Android,DE,premium,36,7
4606,2024-07-10 21:00:00,Android,BR,premium,46,7
4607,2024-07-10 22:00:00,Android,BR,premium,26,7
4608,2024-07-10 23:00:00,iOS,UK,free,38,7
4609,2024-07-11 00:00:00,Android,US,free,18,7
4610,2024-07-11 01:00:00,iOS,DE,free,33,7
4611,2024-07-11 02:00:00,iOS,DE,free,38,7
4612,2024-07-11 03:00:00,iOS,US,premium,18,7
4613,2024-07-11 04:00:00,iOS,IN,free,29,7
4615,2024-07-11 06:00:00,iOS,IN,free,18,7
4616,2024-07-11 07:00:00,iOS,BR,premium,45,7
4617,2024-07-11 08:00:00,Android,DE,free,35,7
4618,2024-07-11 09:00:00,Android,IN,free,39,7
4619,2024-07-11 10:00:00,iOS,DE,premium,27,7
4620,2024-07-11 11:00:00,Android,US,free,18,7
4621,2024-07-11 12:00:00,Android,UK,premium,37,7
4622,2024-07-11 13:00:00,Android,US,free,31,7
4623,2024-07-11 14:00:00,iOS,US,free,32,7
4624,2024-07-11 15:00:00,Android,DE,premium,42,7
4625,2024-07-11 16:00:00,Android,US,free,39,7
4626,2024-07-11 17:00:00,Android,US,free,51,7
4627,2024-07-11 18:00:00,iOS,UK,free,33,7
4628,2024-07-11 19:00:00,iOS,BR,free,25,7
4629,2024-07-11 20:00:00,Android,US,free,30,7
4630,2024-07-11 21:00:00,iOS,US,free,36,7
4631,2024-07-11 22:00:00,iOS,US,premium,42,7
4632,2024-07-11 23:00:00,iOS,DE,premium,18,7
4633,2024-07-12 00:00:00,Android,US,free,32,7
4634,2024-07-12 01:00:00,Android,DE,free,48,7
4635,2024-07-12 02:00:00,iOS,US,free,29,7
4636,2024-07-12 03:00:00,Android,US,free,41,7
4637,2024-07-12 04:00:00,iOS,IN,free,36,7
4638,2024-07-12 05:00:00,Android,US,free,41,7
4639,2024-07-12 06:00:00,Android,UK,free,23,7
4640,2024-07-12 07:00:00,Android,US,free,23,7
4642,2024-07-12 09:00:00,iOS,UK,premium,18,7
4643,2024-07-12 10:00:00,Android,US,premium,29,7
4644,2024-07-12 11:00:00,iOS,US,free,34,7
4645,2024-07-12 12:00:00,Android,US,premium,49,7
4647,2024-07-12 14:00:00,Android,BR,premium,38,7
4648,2024-07-12 15:00:00,iOS,UK,free,43,7
4649,2024-07-12 16:00:00,Android,UK,premium,22,7
4650,2024-07-12 17:00:00,iOS,US,free,30,7
4651,2024-07-12 18:00:00,iOS,US,free,56,7
4652,2024-07-12 19:00:00,Android,US,free,31,7
4653,2024-07-12 20:00:00,iOS,US,free,43,7
4654,2024-07-12 21:00:00,Android,US,free,41,7
4655,2024-07-12 22:00:00,iOS,UK,free,18,7
4656,2024-07-12 23:00:00,iOS,UK,premium,35,7
4657,2024-07-13 00:00:00,Android,IN,free,33,7
4658,2024-07-13 01:00:00,iOS,US,free,35,7
4659,2024-07-13 02:00:00,iOS,DE,free,24,7
4660,2024-07-13 03:00:00,Android,BR,premium,20,7
4661,2024-07-13 04:00:00,iOS,UK,premium,27,7
4662,2024-07-13 05:00:00,Android,US,premium,31,7
4664,2024-07-13 07:00:00,Android,US,free,50,7
4665,2024-07-13 08:00:00,Android,US,free,45,7
4666,2024-07-13 09:00:00,Android,DE,free,40,7
4668,2024-07-13 11:00:00,Android,US,free,27,7
4669,2024-07-13 12:00:00,Android,DE,free,34,7
4670,2024-07-13 13:00:00,Android,BR,free,25,7
4671,2024-07-13 14:00:00,iOS,UK,free,37,7
4672,2024-07-13 15:00:00,Android,DE,premium,39,7
4673,2024-07-13 16:00:00,Android,US,free,37,7
4674,2024-07-13 17:00:00,iOS,US,premium,42,7
4675,2024-07-13 18:00:00,iOS,US,free,22,7
4676,2024-07-13 19:00:00,Android,UK,free,41,7
4677,2024-07-13 20:00:00,iOS,IN,free,25,7
4678,2024-07-13 21:00:00,Android,US,premium,22,7
4679,2024-07-13 22:00:00,Android,UK,free,37,7
4680,2024-07-13 23:00:00,Android,US,premium,44,7
4681,2024-07-14 00:00:00,iOS,UK,free,36,7
4682,2024-07-14 01:00:00,iOS,US,free,32,7
4683,2024-07-14 02:00:00,Android,US,free,35,7
4684,2024-07-14 03:00:00,iOS,BR,free,33,7
4685,2024-07-14 04:00:00,Android,UK,premium,20,7
4686,2024-07-14 05:00:00,iOS,UK,free,19,7
4687,2024-07-14 06:00:00,iOS,US,free,31,7
4688,2024-07-14 07:00:00,iOS,US,premium,32,7
4689,2024-07-14 08:00:00,iOS,US,premium,32,7
4691,2024-07-14 10:00:00,iOS,IN,premium,29,7
4692,2024-07-14 11:00:00,iOS,UK,free,37,7
4694,2024-07-14 13:00:00,iOS,BR,free,50,7
4695,2024-07-14 14:00:00,iOS,UK,free,32,7
4696,2024-07-14 15:00:00,Android,UK,free,55,7
4697,2024-07-14 16:00:00,iOS,US,free,35,7
4698,2024-07-14 17:00:00,iOS,DE,free,29,7
4699,2024-07-14 18:00:00,iOS,UK,free,23,7
4700,2024-07-14 19:00:00,Android,BR,free,18,7
4701,2024-07-14 20:00:00,iOS,BR,premium,22,7
4702,2024-07-14 21:00:00,iOS,US,free,23,7
4703,2024-07-14 22:00:00,Android,DE,free,35,7
4704,2024-07-14 23:00:00,iOS,BR,free,26,7
4705,2024-07-15 00:00:00,iOS,US,premium,33,7
4706,2024-07-15 01:00:00,iOS,US,free,44,7
4707,2024-07-15 02:00:00,Android,US,free,31,7
4708,2024-07-15 03:00:00,iOS,UK,free,52,7
4709,2024-07-15 04:00:00,Android,US,free,20,7
4710,2024-07-15 05:00:00,Android,UK,free,30,7
4711,2024-07-15 06:00:00,iOS,US,free,26,7
4712,2024-07-15 07:00:00,iOS,BR,free,41,7
4713,2024-07-15 08:00:00,iOS,US,free,18,7
4714,2024-07-15 09:00:00,Android,US,free,18,7
4715,2024-07-15 10:00:00,iOS,UK,free,30,7
4716,2024-07-15 11:00:00,iOS,UK,free,47,7
4717,2024-07-15 12:00:00,iOS,US,premium,34,7
4719,2024-07-15 14:00:00,iOS,US,free,20,7
4720,2024-07-15 15:00:00,Android,DE,free,48,7
4721,2024-07-15 16:00:00,iOS,BR,free,25,7
4722,2024-07-15 17:00:00,iOS,UK,free,22,7
4723,2024-07-15 18:00:00,iOS,DE,free,46,7
4724,2024-07-15 19:00:00,iOS,DE,free,42,7
4725,2024-07-15 20:00:00,iOS,US,premium,44,7
4726,2024-07-15 21:00:00,iOS,IN,premium,22,7
4727,2024-07-15 22:00:00,Android,BR,free,18,7
4728,2024-07-15 23:00:00,Android,US,free,33,7
4729,2024-07-16 00:00:00,Android,US,premium,35,7
4730,2024-07-16 01:00:00,iOS,US,premium,35,7
4731,2024-07-16 02:00:00,iOS,US,premium,46,7
4732,2024-07-16 03:00:00,iOS,DE,free,18,7
4733,2024-07-16 04:00:00,Android,UK,free,40,7
4735,2024-07-16 06:00:00,iOS,DE,free,40,7
4736,2024-07-16 07:00:00,iOS,DE,free,27,7
4737,2024-07-16 08:00:00,iOS,DE,free,23,7
4738,2024-07-16 09:00:00,iOS,US,premium,25,7
4739,2024-07-16 10:00:00,iOS,US,premium,18,7
4740,2024-07-16 11:00:00,Android,DE,free,32,7
4741,2024-07-16 12:00:00,Android,US,premium,24,7
4742,2024-07-16 13:00:00,iOS,US,free,39,7
4743,2024-07-16 14:00:00,iOS,BR,premium,38,7
4744,2024-07-16 15:00:00,Android,DE,free,48,7
4746,2024-07-16 17:00:00,iOS,DE,free,37,7
4747,2024-07-16 18:00:00,iOS,BR,free,46,7
4748,2024-07-16 19:00:00,iOS,US,free,25,7
4749,2024-07-16 20:00:00,iOS,US,free,18,7
4750,2024-07-16 21:00:00,Android,IN,premium,34,7
4751,2024-07-16 22:00:00,iOS,US,free,18,7
4752,2024-07-16 23:00:00,iOS,US,free,56,7
4755,2024-07-17 02:00:00,Android,US,free,32,7
4756,2024-07-17 03:00:00,Android,US,premium,37,7
4758,2024-07-17 05:00:00,Android,IN,free,40,7
4759,2024-07-17 06:00:00,iOS,US,free,19,7
4760,2024-07-17 07:00:00,Android,UK,free,18,7
4761,2024-07-17 08:00:00,iOS,IN,free,24,7
4762,2024-07-17 09:00:00,Android,US,premium,18,7
4763,2024-07-17 10:00:00,Android,IN,free,46,7
4764,2024-07-17 11:00:00,iOS,IN,free,50,7
4765,2024-07-17 12:00:00,iOS,BR,premium,18,7
4766,2024-07-17 13:00:00,Android,US,free,44,7
4767,2024-07-17 14:00:00,Android,DE,free,41,7
4768,2024-07-17 15:00:00,iOS,BR,premium,18,7
4769,2024-07-17 16:00:00,Android,IN,free,28,7
4770,2024-07-17 17:00:00,iOS,US,free,26,7
4771,2024-07-17 18:00:00,iOS,BR,premium,39,7
4772,2024-07-17 19:00:00,iOS,US,premium,19,7
4773,2024-07-17 20:00:00,iOS,US,free,31,7
4774,2024-07-17 21:00:00,Android,UK,free,25,7
4775,2024-07-17 22:00:00,iOS,BR,premium,36,7
4776,2024-07-17 23:00:00,Android,UK,free,29,7
4778,2024-07-18 01:00:00,iOS,IN,free,29,7
4779,2024-07-18 02:00:00,iOS,US,free,52,7
4780,2024-07-18 03:00:00,iOS,DE,premium,27,7
4781,2024-07-18 04:00:00,iOS,US,premium,21,7
4782,2024-07-18 05:00:00,iOS,US,premium,37,7
4783,2024-07-18 06:00:00,iOS,DE,premium,30,7
4784,2024-07-18 07:00:00,iOS,IN,free,18,7
4785,2024-07-18 08:00:00,iOS,UK,free,54,7
4786,2024-07-18 09:00:00,iOS,BR,premium,28,7
4787,2024-07-18 10:00:00,Android,US,free,28,7
4788,2024-07-18 11:00:00,Android,US,free,33,7
4789,2024-07-18 12:00:00,iOS,UK,free,49,7
4790,2024-07-18 13:00:00,iOS,US,premium,18,7
4791,2024-07-18 14:00:00,iOS,US,free,34,7
4792,2024-07-18 15:00:00,Android,UK,free,52,7
4793,2024-07-18 16:00:00,iOS,US,free,33,7
4794,2024-07-18 17:00:00,iOS,US,free,19,7
4795,2024-07-18 18:00:00,iOS,UK,free,25,7
4796,2024-07-18 19:00:00,iOS,UK,premium,34,7
4797,2024-07-18 20:00:00,iOS,IN,free,45,7
4798,2024-07-18 21:00:00,Android,DE,free,28,7
4799,2024-07-18 22:00:00,iOS,UK,free,40,7
4800,2024-07-18 23:00:00,Android,IN,free,18,7
4801,2024-07-19 00:00:00,iOS,BR,premium,18,7
4802,2024-07-19 01:00:00,iOS,US,premium,27,7
4803,2024-07-19 02:00:00,Android,US,premium,46,7
4804,2024-07-19 03:00:00,iOS,DE,free,32,7
4805,2024-07-19 04:00:00,Android,UK,free,34,7
4806,2024-07-19 05:00:00,iOS,BR,free,34,7
4808,2024-07-19 07:00:00,Android,DE,premium,25,7
4809,2024-07-19 08:00:00,iOS,IN,free,38,7
4810,2024-07-19 09:00:00,Android,UK,premium,23,7
4811,2024-07-19 10:00:00,iOS,US,free,51,7
4812,2024-07-19 11:00:00,Android,BR,free,23,7
4813,2024-07-19 12:00:00,iOS,US,free,23,7
4814,2024-07-19 13:00:00,iOS,BR,free,37,7
4815,2024-07-19 14:00:00,Android,IN,free,32,7
4816,2024-07-19 15:00:00,Android,DE,free,35,7
4818,2024-07-19 17:00:00,Android,UK,free,21,7
4820,2024-07-19 19:00:00,iOS,US,free,40,7
4821,2024-07-19 20:00:00,iOS,DE,free,45,7
4822,2024-07-19 21:00:00,iOS,BR,free,26,7
4823,2024-07-19 22:00:00,iOS,DE,free,36,7
4824,2024-07-19 23:00:00,iOS,US,free,33,7
4825,2024-07-20 00:00:00,iOS,UK,free,43,7
4826,2024-07-20 01:00:00,iOS,BR,free,43,7
4827,2024-07-20 02:00:00,Android,UK,free,33,7
4828,2024-07-20 03:00:00,iOS,UK,free,18,7
4829,2024-07-20 04:00:00,iOS,BR,free,49,7
4830,2024-07-20 05:00:00,iOS,DE,premium,37,7
4831,2024-07-20 06:00:00,Android,UK,free,25,7
4832,2024-07-20 07:00:00,Android,BR,free,36,7
4833,2024-07-20 08:00:00,Android,US,premium,18,7
4834,2024-07-20 09:00:00,iOS,IN,free,42,7
4835,2024-07-20 10:00:00,iOS,US,free,18,7
4836,2024-07-20 11:00:00,iOS,US,free,29,7
4837,2024-07-20 12:00:00,iOS,BR,free,34,7
4838,2024-07-20 13:00:00,iOS,US,premium,42,7
4839,2024-07-20 14:00:00,iOS,DE,free,33,7
4840,2024-07-20 15:00:00,iOS,BR,free,38,7
4841,2024-07-20 16:00:00,Android,BR,free,31,7
4843,2024-07-20 18:00:00,iOS,US,free,32,7
4844,2024-07-20 19:00:00,iOS,DE,free,30,7
4845,2024-07-20 20:00:00,iOS,US,premium,18,7
4846,2024-07-20 21:00:00,iOS,UK,premium,24,7
4847,2024-07-20 22:00:00,Android,BR,free,34,7
4848,2024-07-20 23:00:00,iOS,US,premium,29,7
4849,2024-07-21 00:00:00,Android,UK,free,30,7
4850,2024-07-21 01:00:00,iOS,UK,free,28,7
4851,2024-07-21 02:00:00,Android,DE,premium,23,7
4852,2024-07-21 03:00:00,iOS,IN,free,27,7
4853,2024-07-21 04:00:00,Android,US,free,28,7
4854,2024-07-21 05:00:00,iOS,UK,free,32,7
4855,2024-07-21 06:00:00,Android,BR,free,35,7
4856,2024-07-21 07:00:00,iOS,UK,premium,30,7
4857,2024-07-21 08:00:00,iOS,US,free,21,7
4858,2024-07-21 09:00:00,Android,UK,free,18,7
4859,2024-07-21 10:00:00,Android,US,free,57,7
4860,2024-07-21 11:00:00,Android,US,premium,20,7
4861,2024-07-21 12:00:00,Android,BR,free,26,7
4862,2024-07-21 13:00:00,Android,UK,free,37,7
4863,2024-07-21 14:00:00,iOS,IN,free,35,7
4864,2024-07-21 15:00:00,iOS,BR,free,37,7
4865,2024-07-21 16:00:00,iOS,DE,free,27,7
4866,2024-07-21 17:00:00,Android,US,free,34,7
4867,2024-07-21 18:00:00,iOS,UK,free,32,7
4868,2024-07-21 19:00:00,iOS,US,free,28,7
4869,2024-07-21 20:00:00,iOS,IN,free,34,7
4870,2024-07-21 21:00:00,Android,US,free,42,7
4871,2024-07-21 22:00:00,iOS,US,free,31,7
4872,2024-07-21 23:00:00,iOS,UK,free,31,7
4873,2024-07-22 00:00:00,iOS,US,free,42,7
4874,2024-07-22 01:00:00,iOS,US,free,41,7
4875,2024-07-22 02:00:00,iOS,UK,premium,47,7
4876,2024-07-22 03:00:00,Android,US,free,18,7
4878,2024-07-22 05:00:00,Android,US,premium,38,7
4879,2024-07-22 06:00:00,iOS,DE,free,23,7
4880,2024-07-22 07:00:00,Android,UK,free,34,7
4881,2024-07-22 08:00:00,iOS,UK,premium,42,7
4882,2024-07-22 09:00:00,iOS,UK,free,23,7
4883,2024-07-22 10:00:00,Android,US,free,36,7
4884,2024-07-22 11:00:00,iOS,IN,free,40,7
4885,2024-07-22 12:00:00,iOS,US,free,21,7
4886,2024-07-22 13:00:00,Android,DE,premium,30,7
4887,2024-07-22 14:00:00,iOS,BR,free,35,7
4888,2024-07-22 15:00:00,Android,BR,free,24,7
4889,2024-07-22 16:00:00,iOS,US,premium,23,7
4890,2024-07-22 17:00:00,Android,US,premium,30,7
4891,2024-07-22 18:00:00,iOS,DE,free,40,7
4892,2024-07-22 19:00:00,iOS,US,free,38,7
4894,2024-07-22 21:00:00,iOS,DE,premium,38,7
4896,2024-07-22 23:00:00,iOS,US,free,18,7
4897,2024-07-23 00:00:00,iOS,DE,free,28,7
4898,2024-07-23 01:00:00,iOS,DE,free,43,7
4899,2024-07-23 02:00:00,iOS,BR,free,38,7
4900,2024-07-23 03:00:00,Android,US,free,31,7
4901,2024-07-23 04:00:00,iOS,US,free,27,7
4902,2024-07-23 05:00:00,iOS,US,free,28,7
4903,2024-07-23 06:00:00,iOS,US,free,33,7
4904,2024-07-23 07:00:00,iOS,UK,free,21,7
4905,2024-07-23 08:00:00,Android,IN,free,28,7
4906,2024-07-23 09:00:00,iOS,US,premium,29,7
4907,2024-07-23 10:00:00,Android,BR,free,18,7
4908,2024-07-23 11:00:00,iOS,US,free,23,7
4909,2024-07-23 12:00:00,Android,US,free,36,7
4910,2024-07-23 13:00:00,iOS,US,free,32,7
4911,2024-07-23 14:00:00,Android,US,free,28,7
4912,2024-07-23 15:00:00,iOS,IN,free,22,7
4913,2024-07-23 16:00:00,iOS,US,free,47,7
4914,2024-07-23 17:00:00,iOS,DE,free,23,7
4915,2024-07-23 18:00:00,iOS,UK,free,34,7
4916,2024-07-23 19:00:00,Android,IN,free,27,7
4917,2024-07-23 20:00:00,iOS,US,premium,32,7
4918,2024-07-23 21:00:00,iOS,US,free,36,7
4919,2024-07-23 22:00:00,Android,US,free,18,7
4920,2024-07-23 23:00:00,iOS,UK,free,31,7
4921,2024-07-24 00:00:00,Android,US,free,43,7
4922,2024-07-24 01:00:00,Android,BR,premium,49,7
4923,2024-07-24 02:00:00,iOS,DE,premium,30,7
4924,2024-07-24 03:00:00,Android,DE,free,32,7
4926,2024-07-24 05:00:00,iOS,US,free,43,7
4927,2024-07-24 06:00:00,iOS,UK,premium,25,7
4928,2024-07-24 07:00:00,iOS,IN,free,25,7
4929,2024-07-24 08:00:00,Android,BR,free,41,7
4930,2024-07-24 09:00:00,Android,BR,free,21,7
4931,2024-07-24 10:00:00,iOS,BR,free,42,7
4932,2024-07-24 11:00:00,iOS,US,free,35,7
4933,2024-07-24 12:00:00,Android,US,free,37,7
4934,2024-07-24 13:00:00,iOS,US,free,29,7
4935,2024-07-24 14:00:00,iOS,US,free,25,7
4936,2024-07-24 15:00:00,iOS,US,premium,46,7
4937,2024-07-24 16:00:00,Android,UK,premium,29,7
4938,2024-07-24 17:00:00,iOS,DE,premium,27,7
4939,2024-07-24 18:00:00,Android,BR,free,31,7
4940,2024-07-24 19:00:00,Android,DE,premium,33,7
4941,2024-07-24 20:00:00,iOS,IN,free,21,7
4942,2024-07-24 21:00:00,iOS,US,free,26,7
4943,2024-07-24 22:00:00,Android,US,free,25,7
4944,2024-07-24 23:00:00,iOS,DE,free,40,7
4945,2024-07-25 00:00:00,Android,US,free,23,7
4946,2024-07-25 01:00:00,Android,US,premium,18,7
4947,2024-07-25 02:00:00,Android,US,free,18,7
4948,2024-07-25 03:00:00,Android,US,free,18,7
4949,2024-07-25 04:00:00,Android,UK,free,45,7
4950,2024-07-25 05:00:00,Android,UK,free,32,7
4951,2024-07-25 06:00:00,iOS,UK,free,37,7
4952,2024-07-25 07:00:00,iOS,DE,free,37,7
4953,2024-07-25 08:00:00,iOS,US,premium,32,7
4954,2024-07-25 09:00:00,Android,US,free,31,7
4955,2024-07-25 10:00:00,iOS,US,free,42,7
4956,2024-07-25 11:00:00,Android,US,free,33,7
4957,2024-07-25 12:00:00,iOS,DE,premium,45,7
4958,2024-07-25 13:00:00,Android,BR,premium,38,7
4959,2024-07-25 14:00:00,iOS,DE,free,25,7
4960,2024-07-25 15:00:00,Android,US,free,27,7
4961,2024-07-25 16:00:00,iOS,UK,free,24,7
4962,2024-07-25 17:00:00,iOS,UK,premium,44,7
4963,2024-07-25 18:00:00,iOS,UK,premium,27,7
4964,2024-07-25 19:00:00,Android,UK,free,24,7
4965,2024-07-25 20:00:00,iOS,UK,free,35,7
4966,2024-07-25 21:00:00,iOS,UK,premium,31,7
4967,2024-07-25 22:00:00,Android,DE,free,34,7
4968,2024-07-25 23:00:00,Android,US,free,50,7
4969,2024-07-26 00:00:00,Android,DE,free,41,7
4970,2024-07-26 01:00:00,iOS,US,free,32,7
4971,2024-07-26 02:00:00,iOS,US,premium,18,7
4972,2024-07-26 03:00:00,Android,IN,free,27,7
4973,2024-07-26 04:00:00,iOS,IN,free,39,7
4974,2024-07-26 05:00:00,Android,US,free,20,7
4975,2024-07-26 06:00:00,iOS,UK,free,53,7
4976,2024-07-26 07:00:00,iOS,US,free,32,7
4977,2024-07-26 08:00:00,iOS,UK,free,32,7
4978,2024-07-26 09:00:00,iOS,BR,free,25,7
4979,2024-07-26 10:00:00,iOS,IN,free,36,7
4980,2024-07-26 11:00:00,iOS,DE,free,20,7
4981,2024-07-26 12:00:00,Android,US,free,53,7
4982,2024-07-26 13:00:00,iOS,DE,free,45,7
4983,2024-07-26 14:00:00,Android,US,premium,41,7
4985,2024-07-26 16:00:00,iOS,BR,premium,34,7
4986,2024-07-26 17:00:00,iOS,UK,free,44,7
4987,2024-07-26 18:00:00,Android,US,premium,37,7
4988,2024-07-26 19:00:00,Android,US,premium,21,7
4989,2024-07-26 20:00:00,Android,US,free,25,7
4990,2024-07-26 21:00:00,Android,BR,premium,27,7
4991,2024-07-26 22:00:00,Android,UK,premium,25,7
4992,2024-07-26 23:00:00,iOS,US,free,47,7
4993,2024-07-27 00:00:00,iOS,UK,free,18,7
4994,2024-07-27 01:00:00,Android,BR,free,38,7
4995,2024-07-27 02:00:00,iOS,US,premium,19,7
4996,2024-07-27 03:00:00,Android,BR,free,22,7
4997,2024-07-27 04:00:00,iOS,BR,free,18,7
4998,2024-07-27 05:00:00,iOS,IN,free,26,7
4999,2024-07-27 06:00:00,Android,US,free,47,7
5000,2024-07-27 07:00:00,iOS,US,free,34,7
3186,2024-05-12 17:00:00,iOS,US,premium,47,5
349,2024-01-15 12:00:00,iOS,UK,free,18,1
3706,2024-06-03 09:00:00,Android,UK,free,42,6
2001,2024-03-24 08:00:00,iOS,US,free,43,3
4757,2024-07-17 04:00:00,iOS,US,free,27,7
3094,2024-05-08 21:00:00,Android,IN,free,21,5
4641,2024-07-12 08:00:00,Android,UK,free,32,7
2969,2024-05-03 16:00:00,Android,UK,free,38,5
3439,2024-05-23 06:00:00,Android,DE,premium,35,5
3598,2024-05-29 21:00:00,iOS,US,free,23,5
